0.014353820172904258,0.008644479657631321,0.0088352980051399129,0.017003438162824749,-0.07545255307518052,-0.017357294144663759,-0.048990978582147647,-0.029566271028881191,0.044733633278182618,-0.042551612641184004,-0.026394888036596467,-0.060444420853364995,-0.046834969423465204,-0.088864764148208597,0.099229186916065609,0.029241707277447349,-0.050816731554648442,-0.075958470866518968,0.040944867217499015,0.014903710874081117,-0.15821823252714934,0.056053614229542498,-0.062305472454822479,0.040352339358307746,-0.041081765761613945,0.012369760837185323,0.011886590711697209,0.0042615017699724157,0.069727491044730722,0.013365106771180253,-0.038623489570280209,-0.054302861896296101,-0.060091797376149766,-0.010288072183520149,-0.065444115996442426,0.054032386727206769,-0.024177763533903343,-0.013630265105051883,-0.043047243237788697,-0.049245355623130135,0.040628985198956101,-0.017993108310007125,0.10629829617886208,0.032351933158224766,-0.0044235334336555155,0.00012470203680120743,-0.015854222302039343,0.018949797273858603,-0.043327833776654175,0.016985484551747584,0.038919941815496586,0.0089454609070752974,0.050160599089696528,0.032254388032622504,0.036286918052731702,0.058396126260143497,0.071495953261095951,0.029274285635975915,-0.041213051091665544,-0.10217506343223068,0.026673311472865256,-0.0093086905372438168,0.0097501816790338414
0.014353820172904775,0.010693884182481605,0.075321477830498487,0.074190171172460989,0.065239294539061382,0.076959465885188802,-0.041926464226318509,0.005995592224167243,-0.037349492897441945,0.023465309797632752,0.081161155122429565,0.066277992519118228,0.015816833763674511,0.059376598782806336,0.16692428823789673,0.044722372339514468,-0.023694155423760837,-0.026227643243725722,0.012445250744707618,0.060985897678513493,0.11685928734119654,-0.011773714788198233,-0.031694483701761304,-0.00029547298847900017,-0.031843759189881048,-0.028116637924817035,-0.028049716262184658,0.039526336386606173,0.037176000348277824,0.038610241016846653,-0.011653015280437254,0.02109418695628729,-0.025295766286906662,0.040456795056034237,-0.0288392575891388,0.054314228114858164,0.090701736335112151,0.018474053962991368,0.041766125511858973,0.021789576661859541,-0.00055068097774938916,0.014315983517724697,-0.040854645273492737,0.066782936486020197,-0.04880817082918406,-0.044681187064297127,0.0086324015496020822,0.0026774493968928035,-0.043327833776653522,0.010907110199076525,0.025820938401473564,-0.0029407658842770658,0.019957159741263591,-0.031216169522190539,-0.092441924936293565,0.040433738512675448,-0.016594667236821403,-0.044915935508310058,-0.078598300978439742,0.007802021986610533,-0.067922301273939403,0.058216158538812068,0.016889335594077171
0.014353820172903625,-0.071084956835022722,-0.011672681665771265,-0.027459527401284184,-0.032401718089046301,0.0087417906393125813,0.052185676751646787,-0.016885026939589612,-0.013411279836517784,-0.071232400427728632,-0.054437906649575686,0.12097540394934823,-0.090538382019979449,0.0015621355939638378,-0.041591394833321749,-0.00066703913867593079,-0.048011272391669253,0.086953878600754458,-0.00057649538511201704,-0.023639060065511277,0.045207315091523211,0.092410592189054119,0.057354781732608225,-0.036952754826435709,0.042742076674353188,-0.0076037397022901869,-0.039395874627982296,-0.05458321922527766,-0.0028163349906748392,-0.069281314191674812,-0.046150329562492473,-0.0452164196547057,-0.13056393522643783,0.011940375463731874,0.039453008081026489,0.036416120277465852,0.019928594636896294,0.078840028954887231,0.014045501759612986,0.079389028241157122,-0.00041276043367104848,0.022586339354203865,0.027646427844414262,-0.01376157894941866,-0.0089676895138876677,0.0080382174866998023,-0.0326030318917356,0.072253556338979757,-0.043327833776652017,0.0048223573273879598,-0.022184981855151928,0.072063354503971014,0.020666316947844605,0.070618501471054723,0.049867630912914108,0.016936334019361766,-0.023534775704616765,-0.054292614969997606,-0.048296545980038082,0.06233079804703421,0.0016446064415095046,-0.024873845686024753,-0.070212180204138802
0.014353820172904555,-0.073454585526282798,-0.0072810288608926741,-0.069623573440669079,0.083354686529232114,-0.024627801373600971,0.079436103804402983,0.028674008439359584,0.053639467780279948,0.012799882390209683,0.0043359532321613631,0.037813358311363503,0.021777184484771124,0.00406073928226631,-0.0047094411667953353,-0.093873152436910468,-0.018044838825785475,-0.040029826062616181,0.027413128697012446,-0.038527048790341911,0.011165938764002258,0.0034472220511510806,-0.014003311302114345,0.067996922581861005,0.053482570023584343,-0.091564327467525616,0.069569942401314977,-0.078756109382974379,0.0076480784990930768,0.10200427697294884,-0.056386443451746517,0.032205260103692776,0.034614894779464112,-0.04185744561513826,-0.035362127577035295,-0.12372646814618386,-0.018134018611767971,-0.055047216483010759,-0.0048920706300103521,-0.044153972450749313,-0.0029136049665606039,0.0080529629743651288,0.004407291379495938,0.043022632561302815,-0.056504769103497055,-0.069243378930693211,-0.036468658215895254,0.063346913238741545,-0.043327833776652565,-0.052541112086247441,-0.028039203527763897,-0.039177851652618806,-0.011536298176011484,0.083062230243988663,-0.028273252931320773,-0.028147782898470617,0.078871841676339274,0.038897302917208949,0.032673036028983346,0.025114321948010266,-0.046999564758549661,0.054515581316087261,-0.029119936522215357
0.014353820172904394,0.084903650624618549,-0.046632272827255773,-0.022344631190668304,0.06284513815759539,-0.012628646765010736,-0.066325815549025099,0.07543660969421126,-0.0040578131414742338,0.065081428334567523,-0.044630214027338619,-0.091485388842371104,-0.043319633160507839,0.018257563669642214,-0.11837821772757674,0.015492248477232448,-0.013470904116767862,-0.079239101989310071,-0.021691194069742334,0.027594766107307371,0.024466029074302155,0.061099099989311088,0.0060328072312745415,-0.074442050803890325,-0.039624606830794128,-0.01939555142691474,0.035198961164214511,-0.051449039132205283,0.08983348490445861,0.057474807492843553,0.061539290961715523,-0.068598429748069567,-0.038101656161144137,0.05977421086828074,0.0081193947889291237,-0.030004446386363397,0.074732835137790013,0.00036048906952185932,-0.0069393948351317066,0.0060459330830548328,0.011528751557300878,0.027806990360828496,-0.086055827199337187,-0.031596785430786874,0.0088673326509362462,0.068731452809101132,-0.027705893347063734,-0.00057561499631771215,-0.043327833776653328,-0.014707529952674431,-0.0018840288575287254,-0.0091347770910353895,-0.099883851538010215,-0.022414894215593714,0.019179811774907622,0.045849733623850197,0.051209314466156799,-0.085818232595884419,0.020786701272513974,0.012849599053165867,0.060960409703586807,0.024879303053374213,0.031536861400760917
0.014353820172905013,-0.038550396523507877,0.04611846018915769,0.034727906196931016,-0.020546437044474401,-0.057094382020802685,-0.036609074172501192,-0.061354099346125485,-0.072394862352807413,-0.024586017098136358,-0.011775521161055295,-0.03653845330725531,0.070430613097415593,0.10735680739670857,0.029126473216308259,-0.10805548216758748,-0.0024922188937115844,0.06669166682299113,-0.060574688391721768,-0.059719652517361957,-0.018457184791174502,-0.088749743658557673,0.037647116160320078,-0.085715046036656556,0.032349290173534079,-0.057907938212040426,-0.038769085088841165,-0.016978912478799475,-0.06010875151520275,-0.022416136709477025,0.054110887864387336,-0.069989177786681525,0.073911480576834096,0.020749595076260258,-0.030621864018416451,-0.082162928144960914,0.0086872596783821223,0.055153471706269032,-0.044272020518854746,0.038976607002448642,-0.0079182299370257787,-0.010654998795521656,-0.040969120099364292,0.002130342235494347,0.040150141385392094,0.028961334327460286,0.037382206221888682,-0.048729914098328053,-0.043327833776653848,0.016985484551747476,0.038919941815496011,0.0089454609070748689,0.05016059908969623,0.032254388032622219,0.036286918052730099,0.058396126260143566,0.071495953261095424,0.029274285635975894,-0.041213051091665079,-0.1021750634322308,0.026673311472864922,-0.0093086905372453121,0.0097501816790338883
0.014353820172904288,0.069534381298166942,0.040057213518065383,-0.11424505799525164,-0.070058931844807756,-0.049760728688501794,0.036893180988928936,-0.040118642134315367,0.073238355216409756,0.0028708945495471592,-0.02940808293884882,0.012764967053794797,-0.043611651806716577,0.065763337364144803,-0.036837849012036419,-0.050703835286272099,0.070846197974697905,-0.0099907555259825011,0.061620651062472817,-0.017502814926039514,-0.024784702174772019,0.0070367757150402357,0.047350561619792293,-0.013525313549567793,-0.063412176907478801,0.044442526064482749,0.032759909256746725,0.068755531501305187,-0.022601135785445741,-0.069119814239565175,-0.02972702067875933,0.12228060752134796,0.0096147283397161644,0.045108343688102424,0.0074622003073599105,-0.025279251263615046,-0.063164141068306062,-0.023982086639794727,0.090515324113777149,-0.070732192695579538,-0.0083102025923862729,-0.030509828096116614,-0.0068655540178418194,-0.066952813821469115,0.035535158838629732,0.066585826105765439,0.024266123546032452,-0.031119249992824026,-0.043327833776653189,0.010907110199076503,0.025820938401473627,-0.0029407658842774639,0.019957159741263709,-0.031216169522190435,-0.092441924936296105,0.040433738512675198,-0.016594667236821115,-0.044915935508309843,-0.078598300978440006,0.0078020219866111176,-0.067922301273939584,0.058216158538809501,0.016889335594076918
0.014353820172905174,0.030111705257919653,-0.055040305925567981,-0.0098011466241923265,0.059305091226253333,-0.026773715982909885,-0.061553921300407079,-0.013804985836480895,-0.0093368134158830513,-0.035701470037836455,-0.036224895573631427,0.0019873591559219283,0.10272356150630381,-0.029604332048939141,-0.073512484131465702,0.11613450808752739,-0.012267368699911858,0.070429380468797417,-0.024360641862442151,-0.0077936378187328887,-0.012898846621814569,-0.092840847197474374,-0.021989696427147966,0.063145104952748513,-0.034376282367665149,0.030492873242556864,-0.0085939226846033605,0.070034178659023144,-0.0046169122487185353,0.073398066028295211,0.030244856308047744,0.061514704755812818,0.041986125795652869,-0.079667864326292817,-0.0070199240545533769,0.027820012946124743,-0.012480006506099574,-0.037650492980913615,0.02085169162261271,-0.014069941557778595,0.10058357190786782,0.063540936004050932,-0.0022380990580463714,-0.016465169718328065,0.085667446068478939,-0.087132512461226677,-0.0027193244832067606,-0.05503880489922635,-0.043327833776652343,0.0048223573273874186,-0.022184981855151633,0.072063354503971402,0.020666316947844505,0.070618501471055098,0.049867630912913172,0.016936334019362308,-0.023534775704616682,-0.05429261496999814,-0.048296545980038436,0.062330798047034286,0.0016446064415096945,-0.024873845686025148,-0.070212180204138525
0.014353820172905441,-0.0092346539121863046,-0.029272051750227544,-0.0029555971832991796,-0.0096768349123047669,0.058716855287557997,0.065724650154693892,0.045708866195581718,-0.001142387609872195,0.11599315507346691,0.046742914688377157,0.0032852947713920807,0.02711072662009404,-0.082554763010560014,-0.040335542357861742,0.045767228808393574,0.0078986767088837628,0.0013344072726264237,0.0034317314811630603,0.040320965388987259,-0.0080418413585072526,-0.040246099265478244,0.012018349769155785,0.032271823129162998,-0.031246796689330371,0.054184802774881823,0.027670520742066225,0.060053693999562695,-0.021239513671351348,-0.15168389935861185,0.088270882755600161,-0.04815473487639256,0.040792802053815448,-0.039134093015713751,0.012647960809686732,0.043688312982930473,0.015864774882103708,0.017050195552021797,-0.0580151484818619,0.085160246565726377,-0.095435117951630274,-0.041741050183920443,0.051008766941893588,0.058273037627728626,0.0057893241350724543,0.058422452959298064,0.050464892503089311,-0.038515221985539347,-0.043327833776652863,-0.052541112086247226,-0.028039203527762568,-0.039177851652619076,-0.011536298176011404,0.083062230243989302,-0.028273252931321234,-0.028147782898470409,0.078871841676338844,0.038897302917208713,0.032673036028983041,0.02511432194801055,-0.046999564758549342,0.054515581316086685,-0.029119936522215929
0.014353820172904794,-0.01156350822381794,-0.020434108513144863,0.12050801830314729,-0.062607735486328656,0.043824457163431071,0.021166642130727196,0.0059139487320716833,-0.033918807020875706,-0.046139169940539057,0.07063148534407826,-0.054636112757947101,-0.013554283061589978,-0.055353322881823389,0.02008498085878584,0.0019414440393311265,0.090052615222677282,0.0060364645229853018,-0.038652609493836254,0.0033768740690987248,0.024702237202393298,0.013563100735608985,-0.030410652627304292,0.0071644481829485724,0.11301145087529113,0.063098231814480335,-0.062277325612428616,-0.040863962097213789,-0.093002406585166869,0.027648666217213277,-0.051625619346035156,0.049166864625004664,0.053133123505154874,-0.0070818450117444438,0.09960472524858488,0.044902032892536109,-0.091959270950206951,-0.03956817803691895,-0.010012765304214378,-0.053159929227009323,-0.037200711805102052,-0.035404226825606934,-0.012377536696585001,-0.073784534148768399,-0.057305240198286485,-0.029806907268907994,-0.0053944935806732571,0.016751089723765333,-0.043327833776652891,-0.01470752995267513,-0.0018840288575287993,-0.0091347770910354814,-0.099883851538010521,-0.022414894215593378,0.019179811774904722,0.045849733623850419,0.051209314466156342,-0.085818232595884725,0.020786701272514058,0.012849599053165935,0.0609604097035868,0.024879303053372829,0.031536861400761146
0.014353820172903932,0.049550466128154759,-0.033740068146874122,-0.082614158733840939,-0.0011620300604357136,0.077508246358396649,0.12078253683740416,0.053477404780489866,0.021436232569458275,0.059065631506292272,-0.0097504889998693244,0.040350989063521039,-0.044983690037112958,0.024021734824319654,-0.066044416498518221,0.019488347638321357,0.074260107143415854,-0.022329895357954113,0.050384809893196915,-0.04584579170840361,0.069723930299900788,0.0802739624220936,-0.025522907973150953,-0.0098451618305053206,0.023240103024148192,0.013165084764346715,0.030844299378505524,0.072915650157678952,0.0098191029296757701,-0.051544934729043507,0.0021093251801383066,0.0037880994508809559,-0.064163525536293453,-0.066788976152575008,0.10480721513147734,0.011935319444101464,0.095017297012624069,-0.014806455086390818,-0.0035182289162980838,0.040100452539787675,0.0099389335166855195,0.021037888674308447,-0.067881071634234152,-0.063801456225973233,0.062315170245574723,0.042360387967141797,0.008612476210596038,-0.010255314327357193,-0.043327833776653661,0.016985484551747209,0.038919941815496212,0.0089454609070753893,0.050160599089696077,0.032254388032622192,0.036286918052728531,0.058396126260143656,0.071495953261095924,0.029274285635976161,-0.041213051091665467,-0.10217506343223072,0.02667331147286494,-0.0093086905372462003,0.0097501816790338709
0.014353820172904628,-0.057086472876635853,-0.011171919310313848,0.038796542588218345,0.089057366676786515,-0.10834336198061695,-0.0010754755077913025,0.053869766601320146,0.019221761692617915,-0.021878179406464509,0.013437415112197445,-0.03523537181451953,0.12266565239838483,-0.018289244393902011,-0.1169857602095656,-0.022198718610632176,0.016616334875501199,0.0068651175028709285,-0.045906611285196172,-0.035732948512969119,-0.058547560249323907,0.013966333829842473,0.014526221362896472,-0.045991265521016761,0.037191452245728437,-0.041022881167475447,0.067085012137002478,0.020132932434838911,-0.0018470169006684,0.103232109054013,0.014609481284931818,-0.094265645041760299,-0.00081213384949816131,0.0065732148005000724,0.011146546751721133,-0.029040186267622232,-0.017731117956033556,-0.031796486958662926,-0.095305278875445446,0.076156920834912809,0.053479405958029351,0.03256452335764267,0.010096194006071665,-0.037503047732571945,0.035152097639155229,-0.027531179358598626,0.035771015935099335,0.048974011767902156,-0.043327833776653515,0.010907110199077049,0.025820938401473582,-0.0029407658842783946,0.019957159741263209,-0.031216169522190838,-0.092441924936294911,0.040433738512676086,-0.016594667236821358,-0.044915935508310245,-0.078598300978439464,0.0078020219866115591,-0.067922301273940111,0.058216158538810792,0.016889335594077091
0.014353820172904765,0.06772138350864082,0.097444037012626369,0.055868470402124559,-0.0026147150773669905,0.0053203175790189012,0.077043502990846377,0.04402508234035872,0.09812661791257557,-0.0090211240143330644,-0.037664327256454362,-0.05267419357044114,-0.024299785962291046,-0.061971250555613595,0.099204673724061707,-0.076837580737406236,0.009900014531861942,-0.11010736602529519,-0.040373647954787081,-0.053026781377623455,-0.013653991454102982,0.0092958997593684325,-0.015114710254403696,0.035859482243277792,0.039892786345206585,0.023436996595955013,0.043993039223965975,-0.0097955485804612115,-0.010249594933438112,0.028237228160473828,-0.028795341886466784,0.032155622042191058,0.05385351715521456,0.033372174942718082,-0.016792205827924813,-0.033208543269141931,-0.050038066935906268,-0.03442603015972838,0.0025276864755231884,-0.10177337637075615,-0.059795785289168769,-0.071477732608676348,0.0031204316415411539,0.0014086083991072171,0.052717367970197021,0.059900080235507983,0.037837127918873788,0.066880112041750928,-0.043327833776652419,0.0048223573273873388,-0.022184981855152244,0.072063354503970597,0.020666316947844793,0.07061850147105482,0.049867630912913255,0.016936334019362051,-0.023534775704616328,-0.054292614969998217,-0.048296545980038165,0.062330798047033981,0.0016446064415092661,-0.024873845686025551,-0.070212180204138275
0.014353820172904531,0.044714927297845417,0.0089610261031064231,0.0624940310702711,-0.0071297302862110912,0.040431020784578574,-0.029116054953178736,-0.085139959193126738,-0.026456721104593756,-0.0921267091231118,-0.0089040101845474437,0.038454604857279244,0.0022226056748735823,0.070051008841497758,0.043855378609696405,-0.0096686240695770167,0.059893130943417881,0.064599015522488659,0.019696044559361216,-3.4406327631351264e-05,0.033485721247132873,-0.0048027868387130468,-0.065851520450772846,-0.061106542087149919,-0.0099163219718241182,0.06463248302490715,-0.12986131584702384,-0.052872074794180289,-0.0040576599888600068,0.058375591334403891,-0.064602729602860967,-0.038729403756281498,-0.019127343659310417,0.055288095801853211,0.0093721556481120589,0.046801921059137948,-0.026651256565272702,0.10414228685942727,-0.024248579109027085,0.036731918052126805,0.034817446881630666,-0.015454679559949565,-0.087618875721621484,-0.027406689042327931,0.011618326917007135,0.023297671507426648,0.081162954583102548,0.069457249485358849,-0.043327833776652155,-0.052541112086246899,-0.028039203527763304,-0.03917785165261882,-0.011536298176011329,0.083062230243988899,-0.028273252931323073,-0.028147782898470607,0.0788718416763389,0.038897302917208443,0.032673036028983561,0.025114321948009687,-0.046999564758549918,0.054515581316085741,-0.029119936522215083
0.01435382017290502,-0.061525471327203526,0.064935964065301929,-0.073760524550970846,0.0065469851343104291,0.066127097188752496,0.011225535597263281,0.032130507655890678,-0.030154432791038251,0.015560440134898674,-0.01643989311992922,0.0088201906981061513,0.083760408063378616,0.013108030498764134,0.082362451335696404,-0.00079749442084868212,-0.077481892441493089,0.027320829658410376,4.3984709168468291e-05,0.078586267489781494,-0.074928408335902738,-0.014223196039708058,-0.047712471445049358,0.041547953032013155,-0.092337956787847592,0.084627412074938346,0.019069928018361486,0.065514331622233885,-0.032658953471581022,0.0010509110218925777,-0.042988411242595115,0.011833582796666553,0.014390989533251901,-0.055831509775703322,-0.06517416788023489,0.064954413437475794,0.061437943516323229,0.0068699856667944117,0.027797367134241358,0.059213303638752789,0.005814845462726868,0.040947995415307754,0.084937130860566243,0.065527142013428574,0.093925517915467188,-0.033957181810079243,0.032157942198093509,0.015739892413907851,-0.043327833776653418,-0.014707529952674627,-0.0018840288575283379,-0.009134777091034196,-0.099883851538010368,-0.022414894215593457,0.019179811774909315,0.045849733623849961,0.051209314466156695,-0.085818232595884544,0.02078670127251404,0.012849599053165966,0.060960409703587577,0.02487930305337618,0.031536861400760494
0.014353820172904694,-0.019644549262279151,-0.021213690047421987,0.030882814374085507,0.09716102018009086,-0.0030565701929302714,-0.035182484082754956,0.037442965594516493,0.0062249965051666342,0.0080719982330274623,0.047920898197521482,0.056631885097099002,0.021388046363163025,-0.042513778072820134,-0.062311243633856997,0.059325427251818573,-0.020951156695052212,0.031596699401482929,-0.03075498871897453,0.090661733351684773,0.10695148701842225,-0.047577832993079133,0.050181264267653389,0.055207868508853508,-0.014507627436068595,0.032373092610507123,-0.003961805001361467,-0.060198239448852241,-0.019437842459204376,0.060595964667339165,-0.017596723474245932,0.12050394023209728,0.050343842335608818,0.056327453259834438,-0.0087412351166169123,0.016195221973651492,-0.079526793157102371,-0.026716751514825755,0.090837492672941347,-0.029831703919106296,-0.04264968877861601,0.0076102184312203704,0.0025518955547356183,0.029319180832253502,-0.098041778197311399,-0.071446424331403593,-0.030140460130445856,0.040035431151827484,-0.043327833776653536,0.016985484551747181,0.03891994181549642,0.0089454609070759358,0.050160599089696507,0.032254388032622337,0.036286918052730939,0.05839612626014315,0.071495953261095577,0.029274285635976394,-0.0412130510916651,-0.10217506343223087,0.02667331147286487,-0.0093086905372441395,0.0097501816790337859
0.014353820172904664,-0.023141792604012962,-0.10420677203824977,0.0012583442345718554,-0.084237729371040418,0.081144624783930308,0.0061087587451806808,-0.019746716691171968,-0.055110624011586222,-0.0044580249407153594,-0.065190487295778352,-0.043807587758393322,-0.094870834355342493,-0.10685069175304833,-0.01310067901629455,0.028180181557390084,-0.063768377426445297,0.029353281266837058,-0.028159290521983821,-0.0077501342395049069,-0.033527024917100391,-0.0092293947566839517,-0.030182299280927197,0.059812052059063064,0.058064483851631175,0.024696993027809977,-0.071795205131565024,-0.12841480032274996,-0.012727847662163129,-0.072722535831295454,0.026770554674264785,-0.049109149435874223,0.016493171796688893,-0.092138353544636648,0.010230510530058084,5.209416378475224e-06,-0.0098064773107728667,0.037304519635465806,-0.036976170750190163,-0.027214304801193127,-0.044618522387893836,-0.016370678779250036,0.037624005285262996,0.037672925068020925,-0.021879085648601429,0.0056265403171315001,-0.068669541030735345,-0.020532211171969562,-0.043327833776653717,0.010907110199076558,0.025820938401473776,-0.0029407658842778212,0.019957159741263518,-0.031216169522190605,-0.092441924936292649,0.040433738512675378,-0.016594667236821702,-0.044915935508310134,-0.07859830097844045,0.0078020219866110152,-0.0679223012739395,0.058216158538811597,0.016889335594076849
0.014353820172904742,-0.026748131931537328,-0.030731049421286443,-0.018607796376648403,-0.024288658059840589,0.012711607764578286,-0.067675258442085551,-0.013335069564289058,-0.075378524660174903,0.1159549944798976,0.12832712947966193,-0.070288569534828857,0.012114606475966318,0.090013447010589373,0.015899205240725432,-0.038629888211445133,0.050378626559724027,-0.047275893044256945,0.065310785202341404,0.084459479261867629,-0.018654477015605731,-0.0088656447509487483,-0.020250375051055702,-0.06205183236959029,-0.048258580651894603,-0.04632613013622322,0.0039967580886190943,-0.0056554108532846665,0.017682842172831389,-0.032353979997093198,0.044700815140911739,-0.048453907143298641,0.034724292275569717,0.034355313919843526,-0.015640878198547852,-0.03102758995444892,0.04258947880510968,-0.0067635058142442861,-0.037424879857750046,0.036454289687377441,-0.040375026185027973,-0.014649542749578508,-0.028528760427910489,0.028818140268639349,-0.12941712452478937,0.019194214739018899,-0.0025147715439320022,-0.084094863481502399,-0.04332783377665262,0.0048223573273875574,-0.022184981855152001,0.072063354503970514,0.020666316947844598,0.07061850147105464,0.049867630912911735,0.016936334019361895,-0.023534775704616692,-0.054292614969997856,-0.048296545980038581,0.062330798047033856,0.0016446064415098216,-0.024873845686026991,-0.07021218020413901
0.014353820172904081,0.0379743121406243,0.027592054508013657,0.010085139553697666,-0.06654812133071604,-0.074520074698534888,-0.11604469900591868,0.010757084558184827,-0.026040359065814023,-0.036666328340564297,-0.042174857735991209,-0.079553257940034788,-0.051110516779739282,0.0084430148867968863,0.0011896049149606595,0.057774547698094376,-0.049746968826514609,-0.025903596732497581,-0.050540904737536183,-0.0017595102710141412,-0.036609818652628377,0.041601664053039895,0.06783648198373031,-0.039162203623874445,-0.012319451362430272,-0.02725295833226337,0.032620852703643566,0.071574490177591127,0.01764909516111892,-0.0086959689487412437,0.032718290299006698,0.054678878528980734,-0.056280353173968671,0.025703442828998058,0.013342011119236431,0.033236234104116191,0.028920500294936938,-0.066145265928437225,0.087155798220899555,-0.077738192167103065,0.063531276036559586,0.04914276676950418,0.032202817400231065,-0.073888981146703531,0.039097118051417919,-0.012476745536030995,-0.095159188870296785,-0.094288940738561033,-0.043327833776652627,-0.052541112086247635,-0.028039203527763158,-0.039177851652618577,-0.011536298176011329,0.083062230243989565,-0.028273252931320259,-0.028147782898470933,0.078871841676339371,0.038897302917208762,0.032673036028982937,0.025114321948010682,-0.046999564758549002,0.054515581316087552,-0.029119936522215287
0.01435382017290439,-0.011814671073596369,0.0021304172750987007,-0.024402862561508813,-0.0067843878055772093,-0.097322907587172103,0.033933637821035256,-0.1134810660821739,0.068131052953388754,-0.034502698528927123,-0.0095613781968110195,0.13730131090221209,-0.026886491841281002,0.023987728713417238,0.015930785533093669,-0.016636198095714677,0.00090018133558803523,0.045881807807915738,0.060299818854410457,-0.1095579076661865,0.025760142059207985,-0.060439004685211975,0.072090316841080346,0.025729649588928555,0.018951112743350033,-0.12833009246250393,0.0080084364298516238,0.026798669607184623,0.035827875152289142,-0.086174384731949757,0.033074739626914693,0.0075979823263981174,-0.02942245687726373,0.0031391439191673157,-0.042549952157279872,-0.079851999943649221,-0.04421150770390609,0.032337703300602844,-0.010845206994894845,-0.012099307494799332,0.019857114785073925,-0.033350758950528914,0.013496233035355873,0.039854177566126699,-0.045487610368118006,-0.0049673637301134461,0.00094244472964364733,-0.031915367141355198,-0.043327833776653071,-0.014707529952674794,-0.001884028857528937,-0.0091347770910354675,-0.099883851538010063,-0.022414894215593631,0.019179811774906862,0.045849733623850066,0.051209314466156335,-0.085818232595884086,0.020786701272514224,0.012849599053165763,0.060960409703587265,0.024879303053374515,0.031536861400760757
0.014353820172903937,0.047179168516764354,0.070005306832003331,0.067369192566210406,0.0074280737290077607,0.081237586684239138,0.067310856570998903,0.004699079312511613,0.013430280534782754,0.072121743868870117,0.0058728712928195559,0.055850248520497935,0.10712096872955519,-0.005775955257094627,-0.010158361294396245,0.059795617451490909,0.086491399322213988,0.0039494721893103425,0.025285485522890269,0.021989035383540845,-0.026631571559652005,0.062418359391401307,-0.0017484535230181577,0.0012033222870739891,0.0022481450501191246,-0.055599880143036066,-0.01084407768682165,0.0031934294079192065,-0.068561551895721259,-0.027759244347110416,-0.0012173372968189936,-0.047172831218378716,-0.074316350910903009,-0.045335568756840527,-0.054071988064290442,0.033116614531867011,0.066906136274899899,-0.071289860315803047,0.013283285604585497,-0.0013325233988298571,-0.012498669787851501,-0.0081986317256357109,-0.067850735742632381,0.044269162485077201,-0.091588421084435295,0.054880717316534149,-0.022764322915832455,-0.11921519698683664,-0.043327833776652974,-0.014707529952674618,-0.0018840288575288357,-0.00913477709103502,-0.099883851538010354,-0.022414894215593423,0.019179811774904819,0.045849733623850114,0.05120931446615639,-0.085818232595884086,0.020786701272513697,0.012849599053165975,0.060960409703587237,0.024879303053372871,0.031536861400760695
0.014353820172904468,0.17465877988243322,0.058071226254854023,0.0068553803766529253,0.038585589267060363,-0.057789679471717682,0.068460537854295039,-0.026391139412201083,-0.019309391585799335,-0.056151240521528548,-0.013509798997174791,-0.1160048463798562,-0.030496597237557925,-0.019099609475125401,-0.031096435033783523,-0.061280645628903403,-0.060158904166172825,-0.012602749066222045,0.0037265391745323821,0.010811465999398676,0.03045318295734117,-0.053671461435245142,0.065367056334592805,0.012803301791193548,-0.038749818425561494,0.036517228650227614,0.029660560631309292,-0.044506447782142224,0.0090518221289869871,-0.033579837352032377,-0.047276036239575638,-0.0022222971832628001,-0.013360619559657973,0.073448516413191708,0.036924414075497361,-0.013568125243490797,0.086049151344227345,-0.043406586690101993,0.037446115138895036,-0.047275558126765455,-0.025712969799699913,0.088288814467095911,0.056607414822545166,-0.023203856740951764,-0.012525382754587259,0.050955428376534211,0.029104055232345973,-0.023156789888500007,-0.043327833776653717,0.016985484551747611,0.038919941815496718,0.0089454609070755749,0.05016059908969675,0.03225438803262249,0.036286918052731806,0.058396126260142997,0.071495953261095757,0.029274285635976335,-0.041213051091665072,-0.10217506343223055,0.026673311472864916,-0.0093086905372436676,0.0097501816790336125
0.014353820172904508,-0.032792626071996483,-0.020507624613124935,-0.039077455308963768,0.048874342755599015,-0.058721990000590002,0.030745263890772853,-0.04674972382498005,0.0023367298535667555,0.065190554487805349,-0.048739477861401023,0.015339191779772098,0.08235528562325449,0.078715255064526618,0.0031979616733515326,0.019172703935522593,-0.05855005406010496,-0.041639360433668005,-0.0032596360979442289,0.046240492978168304,0.0064101958858903772,0.013877990055007816,0.0085852152286479584,0.054308568878179891,0.0017723217819839389,0.086848038569005415,0.073786302309424498,-0.075754180466151885,-0.067183819734463177,0.052362749427749079,-0.0041324765083696939,0.12946602701294432,0.052775291006988981,-0.073704625084259276,0.011513225000870509,0.04647171201886692,-0.00051795443706175478,0.1038836982583814,-0.040710063360209457,-0.023658969036410571,0.08355776776765643,0.034417181863659954,0.002918013618564563,0.050051376036110574,-0.021696447015114289,0.0040696867870062842,-0.067913705069012134,0.012561868649999348,-0.043327833776653335,0.010907110199076435,0.025820938401473609,-0.0029407658842773017,0.019957159741263424,-0.031216169522190682,-0.092441924936292538,0.040433738512675489,-0.016594667236821122,-0.044915935508310224,-0.078598300978439783,0.0078020219866108218,-0.067922301273939709,0.058216158538811923,0.016889335594076925
0.014353820172904647,-0.11578168132851671,0.045144378116113479,0.0058117551055613332,0.041446136103552279,-0.041176155735470947,0.04603233756615157,-0.009358784981343923,-0.075283546678117264,-0.077740035107768959,0.040596313385976156,0.014445269571719151,-0.047697757006656974,0.027676203931116878,-0.023069060156717631,0.065975192805806132,0.075325474503939283,0.0045981261074390578,-0.11096426486700935,-0.075935667133135334,0.019806722063882568,0.050655817399836461,0.042186303449685679,0.0056514916628365944,0.047682692577828131,0.0092656331414245497,0.070188382248321482,-0.0055335390584829837,0.021602439862842247,-0.043815372477729264,0.014778000733610033,-0.037489401783233157,-0.032522331989465462,0.060218441135734373,-0.092984474949764556,-0.068465297542384354,-0.042450090272683379,0.076010480190731158,-0.022793955415482962,0.030551083119141769,0.037964403549472323,0.03555723571427568,0.058291079527965584,0.010415220960145891,0.020326727268271793,0.0048065085296745622,0.074008254008494728,-0.057987167524284025,-0.04332783377665262,-0.052541112086247031,-0.028039203527763186,-0.039177851652619007,-0.011536298176011645,0.083062230243989177,-0.028273252931322962,-0.028147782898470509,0.078871841676339344,0.038897302917208637,0.032673036028983075,0.025114321948010242,-0.046999564758550022,0.054515581316085263,-0.02911993652221569
0.014353820172904506,-0.0044613664493223463,-0.1154234318858179,0.056607649842231426,-0.097061969953177507,-0.090517209680249039,0.042023952718513065,0.0041859227439230368,-0.067205666868963745,-0.037433034188973827,-0.016098080980175913,0.025368000630645413,-0.038416850145347424,-0.023520449931197757,0.031245257233054345,0.11135171961526133,0.040566624629635235,-0.071248493415147704,0.055098822350761183,0.049631269489349025,-0.05189853347777626,-0.02717506086983178,-0.062869916485542937,-0.048811382021814682,-0.0010667738208801393,0.0075041193294729403,-0.11684339583552603,-0.035110505092345326,-0.024928041833192801,0.013281514781374969,-0.043627812559729119,-0.012931815460385545,0.019556525310748443,-0.050490939104181877,-0.04233877476963499,-0.036637753146892112,0.034963120795345901,-0.0079092514000573336,-0.012589525535845733,-0.0665069677075701,-0.018577965174949491,0.011939403101981971,0.006580474424995977,-0.032681697690276526,-0.0053250286446551529,0.0011360491511034458,0.071719998822667858,0.091241603112029432,-0.04332783377665235,0.0048223573273873041,-0.02218498185515198,0.072063354503970375,0.020666316947844786,0.070618501471054654,0.049867630912912138,0.016936334019361822,-0.023534775704616529,-0.054292614969998154,-0.048296545980038241,0.062330798047033766,0.0016446064415092225,-0.024873845686026574,-0.070212180204138649
0.014353820172904673,0.04224884219034928,-4.3444198224375675e-05,-0.017819619402430271,0.092525739390050349,-0.084308272530608977,0.039094449775117834,0.03376763340027341,-0.022450126030937968,0.0005739542757601454,0.00070790409918594914,-0.023201569547653803,-0.029546477105423616,-0.0098133570799639244,0.006203047554054846,-0.10375060702428211,0.061212704754422267,-0.0036598693426547228,-0.0050745196572045308,-0.0013931072248515497,0.0015310418639765866,-0.074167371080297959,0.0080697159581021756,-0.0042392653612630896,-0.02132826240933279,0.056068259318767556,0.047055019466642846,-0.06238784407880929,0.091312661156207134,-0.0079802705205065504,-0.070177803006790371,0.13745591818422734,0.064721331764825654,-0.020731462088132362,-0.016271420124108749,0.00045522999723259525,0.013499669271859907,0.041619064259472628,0.064303826783333184,0.033496181671670004,-0.016614483582954361,-0.087125752082413341,0.067240731821264818,-0.015073420437054941,-0.0011077641353159607,0.035776785796672018,-0.099548314401262925,0.067700270651216837,-0.043327833776653099,-0.014707529952674771,-0.0018840288575284682,-0.0091347770910347164,-0.099883851538010049,-0.022414894215593551,0.019179811774905825,0.045849733623850489,0.051209314466156529,-0.085818232595884447,0.020786701272514325,0.012849599053166032,0.060960409703587265,0.024879303053373426,0.031536861400761028
0.014353820172904035,-0.01353121783870717,-0.017029118911654987,0.021864246296824007,-0.044816599855566672,0.0052349960159187294,0.017769586136889642,-0.054868910267187557,0.0090307932562786672,0.10560024203347108,0.028875622510167686,0.013181273776655936,0.058697038380248791,0.069599384908816425,0.12648257936979737,0.082277979732486309,0.14576228988641668,-0.048669679741140115,-0.013987946589958415,0.037964302882562112,-0.008834625724811274,-0.013706538274981903,-0.030466313699786109,-0.030898000004742583,0.020226887887728993,-0.008751876480912784,-0.089427229364962821,-0.064359781322474455,0.01614878026230927,0.053986149470007065,0.01842110430386092,-0.061021196203714476,-0.054775762531231433,-0.0035820472767748163,0.031476043617952587,0.0065608846473589289,-0.053773197849527006,-0.037470767434542196,0.087759120017048151,0.063200299521994269,-0.0041591030480402731,-0.033019672838154858,0.0002603308295033907,-0.058435299530834123,-0.015060479547384079,-0.051339845949585641,-0.024597530945149177,0.0098040111051279147,-0.043327833776653529,0.016985484551747407,0.038919941815496094,0.008945460907075176,0.050160599089696452,0.032254388032622636,0.036286918052726456,0.058396126260143656,0.071495953261095702,0.029274285635975884,-0.041213051091665467,-0.10217506343223122,0.026673311472865155,-0.0093086905372474233,0.009750181679034119
0.014353820172904179,-0.030893813461910436,-0.039381073401317107,0.030244351088545479,0.050041280536559984,0.017296862710359111,0.040517718288274066,0.040459079936325727,0.038788957881032232,-0.047287045919913263,0.02616639041685791,0.10222874715136848,-0.037786978451735877,-0.0055660689745945973,-0.049103037502611198,0.011564950166608206,0.046682526786483373,-0.0099014198350955325,0.010750922946900745,-0.099522185852259554,0.064106366061749714,0.025151697256341244,0.03463390800621273,-0.017723519148421584,-0.031535725715039223,0.047316313901078121,-0.067587410458192165,0.040195364727965241,-0.017759436649870803,-0.063546710365388698,-0.012046185548730911,-0.027000484805590787,-0.097072215098827866,0.034189014848926044,-0.040041161898819323,-0.013552844094574292,0.04205495003183024,-0.094540254465534088,-0.077488577209321507,0.041254541881889338,-0.044883020026797393,-0.086213260455103663,0.064129903300567559,0.057434273174756127,0.050231450747564257,-0.0058618618968044331,-0.030572859706552324,-0.11080404770390362,-0.043327833776653481,0.010907110199076789,0.025820938401473651,-0.002940765884277545,0.019957159741263403,-0.031216169522189949,-0.09244192493629555,0.040433738512675586,-0.016594667236821133,-0.044915935508309995,-0.078598300978440575,0.0078020219866111575,-0.067922301273939459,0.058216158538810563,0.016889335594076835
0.01435382017290507,0.061301501386066201,-0.057129860627160092,-0.0057135295358848055,-0.091788761092394561,-0.012582119873180558,-0.0037097348356024697,-0.0082967038410191474,0.022733277554920057,0.033560586691518152,-0.043955923396959667,0.021043438107470898,-0.0036501364510569253,-0.063202389278922258,0.047615496399216896,0.024737370601149417,-0.10976864961012883,0.021456850507252441,0.017723155754461407,0.012579629764872915,-0.021231837111203581,0.062811892483648671,-0.026288997359576797,-0.018001945244451558,-0.10964194372000607,0.029890376895318406,-0.062620334820819704,-0.045218411915532511,-0.038906372827415957,0.019474583608353462,-0.021555588759341035,0.037766214011106462,0.11865894328772152,-0.088587035876786166,-0.006346813720793763,-0.046736229184592422,0.01669713201670902,-0.048302801827037993,-0.059406452637733226,0.058468842727404713,0.14044856757050064,-0.00026498936268446236,0.014241362208611103,0.043997989968309496,0.01334395518972707,-0.039406168551643091,0.0027214669835068043,-0.0013728867756083885,-0.043327833776652828,-0.05254111208624733,-0.028039203527763252,-0.039177851652618209,-0.011536298176011383,0.08306223024398901,-0.028273252931318653,-0.0281477828984707,0.07887184167633951,0.038897302917208706,0.032673036028983152,0.025114321948010363,-0.046999564758549141,0.054515581316088697,-0.029119936522215496
0.014353820172905108,-0.020118776252683466,0.072362138293341177,-0.01184258102974288,0.023185186570482057,-0.040398190185725019,0.016442708389854399,0.0097315312640344383,0.085242090754226951,-0.050834192364950563,-0.032032082286920401,-0.12342571535083072,-0.0008121496677913917,-0.027130311244530421,-0.0065590389401129785,-0.015700662047095946,-0.012031614728708872,0.018762233510023835,-0.051662575296946442,-0.035990411186828698,0.072913994837953064,0.039389961505825508,-0.0015714665069310014,-0.11178536225139495,-0.0013347586456048627,-0.034599862216593051,0.041543672641244624,-0.040379399398113816,0.0091625814287659597,0.014374629830908505,0.060468838780450819,-0.071147677752382843,0.077894476367454724,0.054844861448217541,-0.01682817235814367,0.047505492398020085,-0.0048246604095577477,0.045335154199556388,0.02279924310798128,0.051545139835308347,-0.019807838740275172,0.12632532962932966,0.025393520511825252,-0.044883842575928749,0.014163792836076574,-0.037521347387710978,-0.029145236091921961,-0.11754635396276007,-0.043327833776652475,0.0048223573273877638,-0.022184981855151685,0.07206335450397125,0.020666316947844387,0.070618501471054904,0.049867630912913262,0.016936334019361773,-0.023534775704616529,-0.054292614969998029,-0.048296545980038207,0.062330798047034341,0.0016446064415094172,-0.024873845686025308,-0.070212180204138691
0.01435382017290418,0.049299151035802943,-0.006149836082882775,-0.024905675006128312,0.02641477782626506,-0.038308599468920519,-0.029511957673033273,0.031387380024973245,-0.085381943872803248,-0.031671553517937844,0.05703110150468859,-0.015470273347737823,0.030833841493809227,0.085659776932371132,-0.026302220496681517,-0.12862257798084603,-0.0060414174260343704,-0.034844225383724836,0.045754650097600755,-0.034428674550473368,-0.024446090718074652,-0.051088598759731242,0.063249300084869273,-0.0178046325282686,-0.0042454828172125902,0.0051556013042797673,0.004917066081702004,-0.031215770539853652,-0.042918400934205965,0.026962438105623123,-0.079443382120672756,-0.063603302378323831,-0.057815881691083988,-0.03501896790333691,0.048409541272459222,-0.034928372908831433,-0.02605734184753733,-0.11274310114382231,-0.097820664662946699,0.020421460212497543,-0.083882188105941974,0.047758159115900714,0.020709378942521426,0.083723009929989212,0.0030595037837154158,-0.066951557869867825,-0.012539971985284972,-0.040555637533529476,-0.043327833776653273,-0.014707529952674459,-0.001884028857528628,-0.0091347770910353409,-0.09988385153801034,-0.022414894215593357,0.019179811774906755,0.045849733623850045,0.05120931446615673,-0.0858182325958841,0.020786701272513926,0.012849599053166134,0.060960409703587522,0.024879303053374598,0.031536861400760577
0.014353820172904905,0.061959778800347393,-0.011656158188500017,-0.036196639959062596,-0.066251463209764216,0.048974481944318096,-0.010943007716425214,-0.021504448031548388,-0.042875821705223534,0.058380439799888106,-0.022304046893187327,-0.021813544699133543,-0.04708246050830469,0.026017363972687842,-0.037046766795179091,0.08935804640459602,0.07074304909846664,-0.058751417495683196,-0.10791686361558731,-0.02327930909202644,0.068494931475102785,0.0093113311958833468,-0.05403014316494225,0.068662904727980922,0.011365555616463456,0.034380867820907692,0.06367712308703212,-0.036603296244982174,0.075444315062779863,-0.031345630629128103,0.09323060272277095,-0.064049782330371785,-0.025657768467129003,-0.063286473313512601,0.0099894419692304354,-0.087603721583649707,-0.052376382162349515,0.020075253760045847,0.032159305349527684,0.073016930887598225,-0.061874238301031122,0.039548469063010953,-0.0031235819357671056,0.037110655459362575,0.052868664441967819,-0.012958819910157134,0.018151460764258609,0.051200783196712236,-0.04332783377665228,0.0048223573273878861,-0.022184981855151831,0.072063354503970667,0.020666316947844564,0.07061850147105482,0.049867630912911375,0.0169363340193621,-0.023534775704616633,-0.05429261496999805,-0.048296545980038512,0.062330798047033724,0.0016446064415095677,-0.024873845686027098,-0.070212180204138705
0.014353820172904846,0.050641259947335988,0.023573655889821729,-0.049692494718106363,0.016905346365124762,-0.045474340141102167,-0.022547724580671665,-0.025847912076431879,0.15926749272794138,-0.010058734556989376,-0.063721127566528701,0.016215678790571855,-0.044189062297793846,0.015547497638632807,0.043332952442009562,0.014775250509316371,-0.0076889573315791033,-0.11610761111532378,0.023435398837629691,-0.0048222351071952581,-0.019413211581996329,0.021480228999719665,0.0092411298811677853,-0.017175492856595777,0.0052748762720577829,-0.043742248164214938,0.024331842964590018,0.037821925798872363,-0.040940143880721987,0.0068389313223148045,-0.0082932393941686708,0.026874198260931962,0.029471792318255946,-0.016915172378244057,0.00017488722797404075,0.075607636453051422,-0.12474158780872946,0.14276562173093255,-0.075434834443305496,-0.022830407705925454,-0.033797843546204819,0.012472538903481397,0.023468853053270743,0.020784706012777644,-0.030861306262712503,-0.0085076366949673032,0.043015217206311837,-0.076217421409615918,-0.043327833776652794,-0.052541112086247392,-0.028039203527762607,-0.039177851652619056,-0.011536298176011378,0.083062230243989107,-0.028273252931321005,-0.028147782898470638,0.078871841676339427,0.038897302917208658,0.032673036028983131,0.025114321948010082,-0.046999564758549599,0.054515581316086886,-0.029119936522215593
0.014353820172904265,0.071358536090489671,0.073515066941494719,0.075658773325205417,-0.052452813531765834,0.049631958164568134,-0.067630662817895815,0.0033658898433514004,0.020144748819608354,-0.032093945345743002,-0.0088496858051321185,0.051727783378902527,-0.011890029615792653,-0.013324722932347741,-0.081173001594926547,0.013752411064473804,-0.010129304334821032,0.10742731369686731,0.028867901767729954,0.0034452910673261773,0.00097867588342269809,0.12055821574588281,0.012065531277584356,-0.0093433390966834295,0.021619813631262634,0.046438147949679688,-0.0080565180495018925,-0.032567063768617843,-0.11590514315026015,0.043160014725831176,-0.015328051139514057,0.051808952603300394,0.013603423172850508,-0.0021770776438740065,-0.042376485251919713,-0.0090856379730717089,-0.028326984630650334,-0.030029473067204437,0.017410282516964026,0.11569020851403647,0.016191313786224546,-0.030590986110793951,-0.0053125898183448506,0.0027184739434703204,-0.12580603737171453,0.023253536199915163,0.0037305409722015025,0.058270249729708117,-0.043327833776653425,0.010907110199076789,0.025820938401473724,-0.0029407658842772397,0.019957159741263573,-0.0312161695221909,-0.092441924936294217,0.040433738512675406,-0.016594667236821549,-0.044915935508309635,-0.07859830097843977,0.0078020219866110309,-0.067922301273939792,0.058216158538811326,0.016889335594076852
0.014353820172904534,0.053150180150888161,-0.017856035135386944,-0.014284459558956953,0.038931382050103075,-0.037391004403140193,-0.044267029985871204,0.10302933839343811,-0.088576986594482404,-0.034968285697299768,-0.049532002116142886,-0.0012410778427879108,-0.016094205814468143,0.038582510005148826,0.06794210962394534,0.069278401177229318,0.0031702191561884668,0.034012239946855372,-0.016131773785974163,-0.018775418058330537,-0.031822598799331248,-0.074419749948190547,-0.063374081936636767,-0.045129908106618898,0.048372042999185419,-0.07672690154422844,-0.010610673275128178,0.094381799485869236,-0.0022431045445968053,0.020604283701964848,-0.011047975787307816,0.084553748430571909,0.010551437388769199,-0.060181490289678119,-0.039675161178364012,0.045688329804215541,0.1238846359278313,0.016613725318444302,0.079326634579958047,0.0069613341666993761,-0.048625781538067861,-0.024884670501470599,0.089629170796806976,-0.030349852967082022,0.00027922076738841746,-0.042047470014676527,0.010460874552943781,0.031144912364512379,-0.043327833776653869,0.016985484551746886,0.038919941815496586,0.0089454609070758109,0.050160599089696487,0.032254388032622525,0.036286918052730203,0.058396126260143642,0.071495953261095563,0.029274285635975682,-0.041213051091665141,-0.10217506343223086,0.026673311472865127,-0.0093086905372448386,0.009750181679033687
0.014353820172904553,0.037762181326616802,-0.016239734373474878,0.00098510659603422168,0.036267534112772143,0.0064222963333000734,0.012553442771054215,-0.10859714078410548,0.10550860468382602,0.10415981997845289,-0.0012538799919154999,-0.046485930444856834,0.029529724260571006,0.0074976212994131491,0.035423844829904363,0.068913457446304241,-0.057514613139434061,-0.063270236061641144,-0.064326256792245823,-0.014600665258331084,-0.058722832745632905,0.011028910920326981,-0.049689272073024586,0.087731903484422988,0.081354594903582378,0.036981056473065307,-0.024100740263003798,-0.02368551333031145,-0.030628885627384767,-0.011932790174635629,0.10145818783608151,-0.02276026446575705,-0.030573654519509174,0.021243932889965199,0.0096403772418733689,0.023328601739889383,-0.012423585980228623,0.074454301062142889,-7.2764118831177086e-05,0.0012502459842484827,-0.039415494796501041,-0.093209591747255072,0.077944599976205023,0.00085874606627098845,0.020373855996236236,0.055062719903003952,-0.0517554127491218,0.048389899761438766,-0.043327833776653418,-0.01470752995267482,-0.0018840288575285979,-0.0091347770910355074,-0.099883851538010021,-0.022414894215593468,0.019179811774908684,0.045849733623850475,0.051209314466156494,-0.085818232595884655,0.020786701272514221,0.012849599053165626,0.060960409703586897,0.024879303053375244,0.031536861400760986
0.014353820172904689,0.064213730019404544,-0.017783954958757977,-0.030523943020692449,0.07567451698745481,-0.018742257232893276,0.050644166120597203,0.023850212713714167,-0.0030122452669256285,0.019162499415803707,0.13546515503717232,-0.025239016184790828,-0.012065818040497526,-0.06002738042714089,-0.01173575693221339,-0.010278482744173008,-0.10356577704814519,0.047499516977298935,0.0082426821336601223,0.0089915664323315103,-0.046930114615448201,0.057763132965863488,0.064926710326538059,-0.0023084304048513822,0.042280184848863825,-0.041714375102049325,-0.054609147314920857,-0.020773712152184699,-0.09097101773413882,0.042269480566676114,-0.077302121270099527,-0.00021047481021083182,0.053882084445946415,0.050196930901682653,0.073323104787353141,-0.043985902818808639,-0.037903995660637853,-0.08152302587209713,-0.0067352378583480678,0.030347876930896935,0.045604023515772175,0.030736530354198786,0.041932909592439525,-0.040083613139232969,-0.060026233888204147,-0.060823539333138776,0.071241456349050422,0.025295720609680144,-0.043327833776652738,0.0048223573273871939,-0.022184981855151616,0.072063354503970861,0.020666316947844592,0.07061850147105446,0.049867630912915475,0.016936334019361961,-0.023534775704616449,-0.054292614969997655,-0.048296545980037839,0.062330798047034466,0.0016446064415090705,-0.024873845686023684,-0.070212180204138885
0.014353820172904709,-0.069059366850000262,-0.014687935933291384,0.0017624816242344128,-0.026688444526022755,-0.037573942208006327,-0.027207536441514524,0.0096926050944974775,-0.074936947383167113,-0.028833022701182699,0.10775543448279341,0.0056369348727610203,0.0093283690533025165,0.10159930013068301,0.025175185074000905,-0.0058121105260330683,-0.065783406502268271,-0.0094390801975114836,0.045756550744146078,-0.035858932528576026,0.027715777412359022,0.013316044433938471,-0.079367149578574145,-0.069220068784957553,-0.0073003022117002101,0.047343699024790652,-0.054338378611956215,0.048934982833030875,-0.058998340913760244,-0.015069024119738018,0.034623967306816654,0.009301029546831513,0.032045017293053646,0.023192729316626661,-0.091069430816648381,-0.040297450923490165,0.11166076213885792,-0.068259197565271421,-0.0051726622966440199,-0.035327071398538037,-0.1068744539938586,0.0088777749891425003,0.002571175858893375,0.067700788653613467,0.07744628054550376,-0.017477442893985114,-0.036343838401534476,0.042657910974233784,-0.043327833776652516,-0.052541112086247566,-0.028039203527763467,-0.039177851652618535,-0.011536298176011267,0.083062230243989399,-0.028273252931319437,-0.028147782898470825,0.078871841676339316,0.038897302917208575,0.032673036028983249,0.025114321948010072,-0.046999564758549002,0.054515581316088073,-0.029119936522215544
0.014353820172904682,0.065804660831118134,-0.037482344187052034,-0.048970239190688547,0.094382839400094107,-0.0040047897576711471,-0.017653750382097294,0.044323762596046923,-0.1172711431288004,0.0040905437304458022,0.062146877907591096,-0.0044067457695379083,-0.046772109556433676,-0.0082803575645609643,-0.021905996684164073,0.048480752548092566,0.049553456858430663,-0.018421763771243761,-0.12891457014672114,-0.047706791048938317,-0.029257043357469131,0.038944113651521686,-0.027763482782753927,-0.0095121771518517483,0.0092329666784292993,-0.043689103531760393,0.015861641191707992,0.043564285188589326,0.1115203825203494,-0.038702369388213663,-0.043168115079563286,0.05340684538164317,-0.0022454410824995115,-0.06585442611849493,0.0096593328940036832,-0.0018867461409016245,-0.011554297410613014,0.057785279954456287,0.023302881318063844,-0.037092757932906437,0.06664611382364162,-0.016029452699431273,-0.068771890419788276,0.0038477965074355954,0.10425358997612384,0.0048269512144420695,-0.05515301975037961,-0.044767584728765568,-0.043327833776653224,0.010907110199076551,0.025820938401473554,-0.0029407658842775849,0.019957159741263369,-0.031216169522190619,-0.092441924936295661,0.040433738512675906,-0.016594667236821334,-0.044915935508310571,-0.078598300978440089,0.0078020219866109476,-0.067922301273939625,0.058216158538809758,0.016889335594077317
0.014353820172904137,0.040572911610363735,0.089879328148799745,-0.012523550176192869,-0.020772917246894576,-0.025334761845704969,0.020285848581994545,-0.10511730155000279,0.10001390545610134,-0.056065152449699229,0.032057369645749054,0.061137194653094938,0.026424876508915174,-0.038216407117799535,-0.072588088983804033,-0.01954043592001652,0.022650407268633786,0.049654710925279559,0.073106265136924309,0.020539173571095633,-0.023183458543913137,0.058007069373182951,-0.0082847132550860087,-0.054694296212569486,-0.031348388058297934,-0.030478487349280693,-0.037373609756234542,-0.015809530352923176,0.00256573815554078,-0.049273178592745839,-0.033743247800997613,-0.044262690763205437,-0.0029105322624823665,-0.027819862244140431,-0.060601769674286828,0.054510965553742741,-0.090648063514914834,0.060067994972011728,0.070748815019767958,0.014768358839577103,-0.05966360563946297,0.08883395453574397,-0.10583873393877401,0.010318691802881553,0.0017743211177937027,0.029417773674201259,-0.062937924664640196,-0.00076241864185700196,-0.043327833776653321,0.016985484551748038,0.038919941815496538,0.0089454609070756669,0.050160599089696563,0.032254388032622129,0.036286918052729385,0.0583961262601429,0.071495953261095188,0.029274285635976342,-0.04121305109166503,-0.10217506343223079,0.026673311472865325,-0.0093086905372451404,0.0097501816790338414
0.014353820172905166,-0.040928100610219675,0.023393338780650315,0.0031867174092382153,0.079198979211395251,0.050290396885507994,0.014866113281757314,0.025273425754695357,-0.032857600860314334,-0.04894242158368807,0.047060111142229272,0.003566058405968056,-0.013666249343854289,-0.081595120936005475,0.032606847939257187,0.071740134574922093,0.046404342683273349,0.10522069047742263,0.056615223275050017,-0.036586889481904028,0.050755315258279504,-0.016464944280251068,-0.01633560484343767,-0.017341919050233613,-0.03011328782322914,0.029301541149511005,0.014666796726839069,-0.034420395693278753,0.10950351132647834,0.017966379063954079,0.021199644866723651,0.004198547716454947,0.071056715073893176,0.058057307423505816,-0.085197940935664906,0.06967724821708865,-0.058057593348396344,0.042165665804447194,0.048410962265277108,-0.05678587932963601,0.066537254247059752,0.062958342980705143,-0.11410305452522489,0.016568495306858558,0.02170654606485841,-0.0064718802513775656,0.039454152182373851,-0.047063428380169726,-0.04332783377665294,-0.014707529952674544,-0.0018840288575286668,-0.0091347770910345152,-0.099883851538010326,-0.022414894215593489,0.019179811774906051,0.045849733623850426,0.051209314466156342,-0.085818232595884392,0.020786701272513752,0.012849599053165661,0.06096040970358714,0.02487930305337378,0.031536861400760972
0.014353820172904036,-0.11188962621588688,0.017483123749067988,-0.0062107855414171055,-0.062287436182866716,0.0092024928038217015,-0.0035606215426733294,-0.024482650027487046,0.060136592826460111,-0.060801777503323808,-0.032800415240133732,0.011145621352233097,0.08101774998436885,0.0004021082790183781,-0.062934870476994559,-0.048975499674483232,0.019241758524803431,-0.0023097700207996481,-0.033527632118681538,0.063214911808619614,-0.050222639950300976,0.054322590254893013,-0.073816885998219436,-0.027698238516815521,-0.10626297721472946,0.0038553270731624769,-0.029652478833791938,0.060792511805691382,-0.013626944342527519,-0.038539403212919029,-0.060021884239840999,0.011793567936396122,-0.061677993377693904,0.047113586719841928,-0.069252074313860823,0.043180379325331572,0.047411733833833417,-0.060165982860022879,0.034547877657590563,-0.11486338062291453,-0.026878619457881368,-0.03832973703349267,0.010987592401577847,0.0082644120445087722,0.0298102057478512,0.028031543566893909,-0.08318159795918853,-0.061074944187926403,-0.043327833776652176,0.0048223573273876398,-0.022184981855152414,0.072063354503971194,0.020666316947844675,0.07061850147105507,0.049867630912912519,0.016936334019361395,-0.023534775704616602,-0.054292614969998036,-0.048296545980038651,0.06233079804703423,0.0016446064415098719,-0.024873845686025856,-0.070212180204138774
0.014353820172904571,-0.016813994980733542,-0.0065571818046250155,0.027152832081330118,0.022321980483548529,0.062905445642070776,0.077618639638620923,-0.05017752933199706,-0.054909649039086988,-0.027167875593428051,0.058648526049956337,-0.042026921790953277,-0.066283754739449044,-0.091347782475471692,-0.020196418949808014,-0.090364240854600403,0.0026183011873527908,0.023222647238907261,-0.045786528993180441,0.054190869060237248,0.0035509001483502432,-0.014537872279514792,0.031387338734956721,0.071452621193514407,0.041578068627364045,-0.015547654326185175,-0.034283281374857894,-0.0016593100661557757,0.044803978925793943,-0.060095877712584213,-0.09513169113625268,0.010086302104092094,-0.010434454359192704,-0.053725153504850083,0.11333424598671706,-0.034616021985635945,0.079494472518186518,0.032753081305571752,0.021935027210602132,0.043865089063347129,0.091991239876608719,0.0051295500978944183,0.012731549413772783,-0.11128391087717508,-0.0068751120374403833,0.020026868371105341,-0.04926397087052365,-0.010475866001878262,-0.043327833776652468,-0.052541112086247552,-0.028039203527763418,-0.039177851652618986,-0.011536298176011463,0.083062230243988802,-0.028273252931321557,-0.0281477828984706,0.078871841676338802,0.038897302917208706,0.032673036028983402,0.025114321948010766,-0.046999564758549862,0.054515581316086546,-0.029119936522215395
0.014353820172904447,-0.10699084617595639,-0.004930825405306565,0.033583643226591811,0.0030703251670754338,-0.043080121197185559,0.055566543701062426,-0.037426075581002978,0.063005711346711596,0.054008962112332866,-0.027325083485560741,0.028215607703295731,0.0042443680627467107,0.014763863290010382,0.08685985313784475,-0.0044277984742384724,-0.042444152720154026,-0.075984060720978283,0.079337130494187696,-0.017965642283399978,0.0012948040832983427,-0.10222936863802132,0.073576168677434856,0.021115957516425352,0.07266762068585586,-0.0087174155762967092,-0.074161129659522818,-0.026767930204020237,-0.034065627023731351,0.036991357027316187,0.089071155534144894,-0.044224582839835359,0.011927148309254882,0.0089176244733860811,-0.040347102134581189,-0.096628155484758102,0.038443686046897296,-0.033030850582267839,0.041857531939722845,-0.050494019405161072,-0.023973080624128881,-0.0066211289219947856,-0.042570086610990585,-0.0545070687878699,0.094754817594735252,0.024125359644574733,-0.012409585150566303,0.046351229880722419,-0.043327833776653543,0.010907110199076286,0.025820938401472884,-0.0029407658842781521,0.019957159741263705,-0.031216169522190494,-0.092441924936293024,0.04043373851267551,-0.01659466723682124,-0.044915935508310051,-0.078598300978440019,0.0078020219866109805,-0.067922301273939889,0.058216158538811721,0.016889335594077508
0.014353820172904501,-0.0097863380420677819,-0.090815148744332302,-0.0082919112586942404,-0.0058510781791152218,-0.05675071022993794,0.030409707695130142,-0.0036174189679915722,0.0020474563511889959,0.13331519188618859,0.041792622409811145,-0.030318931950358573,0.083109802778737613,0.0052945062259565122,-0.0030884848294680596,0.013485873253630827,-0.075873838837492075,0.018114193376458299,-0.030647505958774288,0.015007096637147296,0.00082991420124958488,0.053068167709330268,0.018037247287224299,-0.026737953282705073,-0.060256229977018412,0.02560273431338329,0.049171252332639519,-0.029762470573525344,0.01994755856099157,-0.02254249239237395,0.06576482069411671,-0.017437649503216312,0.018975581632075342,0.11721581641676188,0.10494064735801056,0.028708316136258502,0.0003253614709144926,-0.018403940266123096,-0.10239212241339007,-0.014981335780542428,0.10431194366336248,-0.067440537593240271,0.0075827682823760819,0.026971079935159643,-0.038936502728649902,0.041500056958558032,0.042582880287472751,0.048420122341467149,-0.043327833776653904,0.016985484551747428,0.038919941815496399,0.0089454609070750458,0.050160599089696417,0.032254388032622303,0.036286918052732459,0.058396126260143767,0.071495953261095813,0.029274285635976144,-0.041213051091665072,-0.10217506343223065,0.026673311472864853,-0.0093086905372435271,0.0097501816790337877
0.014353820172904246,-0.046133231752199549,-0.0010037683242927469,0.020733851000855202,-0.14188129115043246,-0.018404093749887333,0.0020924016202225524,0.051936335004436479,0.012730940049292054,-0.023545844876826851,-0.10283733265500294,0.058390145386626638,-0.046697316410526178,-0.011562277295778604,-0.04172847227248061,-0.012031014040380091,0.017151687882199701,-0.0071062290320552295,-0.038043616580404623,0.085616229290709361,0.032413608205428622,0.056524632119655249,0.0027755768315942866,-0.052585351905920737,-0.046995824263141237,-0.0714381989268561,0.0045168774544620226,0.08932167956344339,-0.035956224764887704,-0.032996026994942057,-0.043214450582132496,0.082165019127625485,0.017332821136699074,-0.044282272410133855,0.027148022421331599,-0.058077477048147232,0.096538521176162129,-0.0038768657227676107,0.0494824665165014,0.035114173132889101,0.056760428655382819,-0.01750691034935058,0.015449075606498601,-0.10115025130311874,-0.045139905844811166,0.01836071821824194,0.024841232552032973,0.039229166152260832,-0.043327833776653245,-0.014707529952675148,-0.0018840288575289032,-0.0091347770910349107,-0.099883851538010299,-0.022414894215593752,0.019179811774906748,0.045849733623849753,0.051209314466156446,-0.085818232595884308,0.02078670127251429,0.01284959905316614,0.060960409703586807,0.024879303053373991,0.031536861400760736
0.014353820172904645,-0.014283882603864661,0.011956989398190924,0.072931368521172102,0.052864382405175714,-0.039434717515246652,-0.036140536861498353,0.022136885345320611,-0.014248525854310889,-0.016741161712368516,-0.080360692903850672,0.035906939531691301,-0.02186947143556707,0.033607908175435117,0.11171739420438676,-0.030104063985939782,0.013580969424880233,0.013561670539183574,0.13320181360060873,-0.048927169148924546,0.028657823090646229,-0.12139705441663998,0.06292031883662455,-0.038656235806313874,0.05261723674940251,0.0034781802079776056,0.020584503061680057,-0.0034155034085249264,0.029153647013886272,0.027615553275372098,0.044093402787169465,0.052466689204186345,0.033453677398875815,-0.034024044308011488,-0.014060472442722391,0.088409245077126317,0.042868643989153667,0.12161375497207476,-0.059971945148771258,0.011498572804419115,0.043148834243140463,-0.031955262383717209,-0.049796920058251627,-0.0052914543646385183,-0.022652636301615594,0.0457508156764019,-0.0062113191541208739,-0.015421559618463884,-0.043327833776652322,0.0048223573273872798,-0.02218498185515198,0.072063354503970889,0.020666316947844689,0.07061850147105446,0.049867630912912873,0.016936334019362405,-0.023534775704616841,-0.054292614969998106,-0.048296545980038331,0.062330798047033877,0.0016446064415095653,-0.024873845686025887,-0.07021218020413833
0.014353820172904288,0.03523210188339812,-0.0023285381519055339,0.020777181012542324,-0.012538882322650387,0.02014283670703821,-0.027863378616435369,0.066332836313930846,-0.029420896305687432,0.066059632851600575,-0.1026828329662211,0.020174308127620371,0.10114444798393983,-0.025799015293843385,-0.048311718566202443,0.081401100871317383,0.070854062646496338,0.10232404407392917,-0.023405420588594805,-0.013509701424466258,-0.011853465978713422,-0.020258401154143207,0.038738680962448938,0.01494294044803895,-0.039552642687721969,0.011946203465609283,0.064289817022225221,-0.085097598565748125,0.055134505868688961,0.068325970510006717,0.068800963223604045,-0.046261529911855878,-0.051082355252116469,0.047447596566466806,-0.022439702398042854,-0.00069416354392490319,-0.066413646848315008,-0.10725950547123185,0.058672469529347911,0.014292390041117041,0.048681057663454118,-0.026479863990518663,-0.038771578325937944,0.022798416210783979,-0.039709862245350384,0.0059582112178476147,0.042592592065746046,0.044035376437260521,-0.043327833776652329,-0.052541112086246684,-0.028039203527763356,-0.03917785165261875,-0.011536298176011144,0.083062230243989413,-0.028273252931323101,-0.028147782898470562,0.07887184167633908,0.038897302917208894,0.032673036028983027,0.025114321948010117,-0.046999564758549529,0.054515581316085547,-0.029119936522215232
0.014353820172904956,-0.030172350745651659,-0.031101897349135776,-0.060272177361109167,-0.045000351035403549,-0.0025470472097112225,0.029717869498930603,-0.010263576858395108,0.034120682962479942,-0.026005560497035854,-0.025972108616898533,-0.075536645312659925,0.054417771109479922,0.0068412172068994187,0.016219145141246092,-0.057805365138327756,0.0030200001965372649,-0.013021489204645733,0.020709537884803654,0.062227142265012324,0.026983563390748526,-0.057272960759382673,-0.057878217172264747,-0.0022604412678904479,-0.10352040099554806,0.0059683711583776444,0.066356006517316601,0.015770708784049105,0.038450387653642337,-0.041449002364934838,-0.030574989315067486,-0.060991215145107781,-0.023285130399605454,0.059113879288982957,0.073064254492497288,0.10760053959873107,0.0014375959943658508,0.005275043695015553,-0.082570695774749986,-0.028103431175969654,-0.058864346985737594,0.053241567732220822,0.11665456684912391,0.04794079833696422,-0.073202370199144967,-0.052205847058930985,0.063832063928743271,-0.05985389488166358,-0.04332783377665355,0.010907110199077088,0.025820938401474317,-0.002940765884277659,0.019957159741263563,-0.031216169522190203,-0.092441924936294509,0.040433738512675281,-0.016594667236821375,-0.044915935508310176,-0.078598300978440117,0.0078020219866111714,-0.067922301273939376,0.058216158538811257,0.016889335594076373
0.014353820172904715,-0.083936753719184992,0.018791855730920966,0.035099920993844812,-0.012307386624092857,0.11947647647878291,-0.0064285262912532701,0.0057053821245558016,-0.013484375212808007,-0.042281753739190318,-0.024317989939417018,-0.029577184859948841,-0.093440473473184113,-0.005660609113306376,0.0077344641893255916,-0.063223838510843691,0.050053212412673471,-0.10178114424859253,-0.026326985392176153,-0.016770852149912179,0.054176143141994114,-0.036655487134323379,0.053621547904498704,0.12656215760189285,0.043232575036130851,0.081602654580124945,-0.0011869693012766871,-0.048809798559421219,-0.020270192171936322,0.051211387283153886,-0.02097359710581196,-0.022853408164149575,-0.026616486758362607,-0.029214463882943947,-0.0046637165053582154,-0.12890761149421803,-0.033561933883830365,-0.058277780024332246,-0.047683327186336465,-0.0067483572257342871,0.003977443514168265,0.0034912535589670677,0.0086267948595897658,-0.0069399187709601566,0.036882960843467767,-0.028870360618083193,0.0098941698242230227,-0.078802616064121728,-0.043327833776653737,0.016985484551747271,0.038919941815495879,0.0089454609070751586,0.050160599089696008,0.032254388032622427,0.036286918052729197,0.058396126260143677,0.071495953261096049,0.02927428563597621,-0.04121305109166605,-0.10217506343223069,0.026673311472864697,-0.0093086905372457424,0.0097501816790339351
0.014353820172904652,-0.078998469007716399,-0.0043939401645334674,0.05590739879998094,-0.06957238230022407,-0.059338414612968272,-0.084122648339699624,-0.051992301291360052,-0.021102071258473437,-0.068422473747924692,0.068586658970798714,-0.025377963054971774,-0.042753762993228354,-0.0042143023674883371,-0.043459319960047607,0.082492818694666181,-0.024359146945491825,-0.075233720060596601,0.056233409668992568,-0.00015175369768036644,-0.0077106176703403946,-0.0096612892046891441,0.0025932236654827969,0.07252211548806424,0.037778703331429776,0.061749331753424321,0.056354653799339481,0.1025964434494418,0.024932434831904507,0.037158657587396275,0.07565633224894136,-0.035435638844100829,-0.036260220449541157,-0.0093905401566979942,-0.021111399233293946,-0.05865500824326051,-0.016451988503356739,-0.031561762005388024,-0.032353806995134259,-0.014094991717747222,0.026154365193796689,0.10039808923148341,0.0072223231792117445,-0.039475248255344986,0.070116905630549411,-0.03270244010074308,0.039923103787990188,0.077100988100149412,-0.043327833776653335,-0.014707529952674953,-0.0018840288575285419,-0.0091347770910354814,-0.099883851538010424,-0.022414894215593503,0.019179811774907959,0.04584973362385051,0.051209314466156682,-0.085818232595884406,0.020786701272514037,0.012849599053166105,0.060960409703587251,0.024879303053375181,0.031536861400760882
0.014353820172904401,-0.11270367399297938,-0.0020408084776876475,-0.065485985992240148,0.033885101964305768,0.053753542351234154,-0.013365299977479927,0.11007588140381473,-0.086312672924719849,0.022644026350447183,-0.032376973566651313,0.051888487429972076,-0.052487044730013692,-0.024037106617085007,0.010247753561576109,0.019798347990362633,-0.060549803483983984,0.013515567945416179,-0.0094338497809791852,0.020814888008674263,-0.074067624167661827,0.034527963268064794,0.083240093047281721,-0.010022958020305646,0.042552923170794711,0.018345086725155314,0.041142886750533021,-0.0017077970133742111,-0.035294515652316082,-0.053467976948245066,-0.0080738850300550013,0.018146247718265882,0.014531376911665134,-0.039439995583983943,-0.026185940777769468,0.085082663289136481,-0.078495902163110795,0.13710964383694921,-0.044955847941329716,-0.037428402184591814,-0.010458302596271316,0.0098423313240173557,-0.055227771552463965,0.058158318657841851,0.041733182288684958,0.041211074478213067,0.034288380498014644,-0.019752735930377411,-0.043327833776653772,0.016985484551747223,0.038919941815496586,0.0089454609070755836,0.050160599089696174,0.032254388032621997,0.036286918052732244,0.05839612626014349,0.071495953261095743,0.029274285635976179,-0.041213051091665474,-0.10217506343223068,0.02667331147286477,-0.0093086905372441273,0.009750181679033687
0.014353820172904968,0.06100059663381191,-0.024796818412117859,-0.033372678080973196,0.02922398084754043,0.044445166656165408,-0.039913312513949632,-0.0098323461176112702,-0.047251841031340017,-0.017157095848101094,-0.013704330395699387,-0.05958458299815015,-0.04366856159886582,0.008604235932311818,-0.048818612035973041,-0.029809714798544718,-0.022562028869852466,0.019898391103577003,-0.016758231284880142,0.094505811387444141,-0.063235525262700057,-0.068530001918190142,-0.028986664319294846,-0.0083980204509198752,-0.0026790613641086286,-0.10920796698369672,-0.087455255777816945,0.027926685532352478,-0.0089876357467919814,0.017084573440950272,-0.039017209112959438,-0.047600667856146799,0.027352602153585131,0.052792906173564157,-0.012637126221962608,-0.089838173376848796,0.077510335936080935,0.065077865809098231,0.036896194981270954,-0.0097182784268329478,-0.010271718666835588,-0.0055128615002639257,-0.022123138593860486,-0.087419505286781246,-0.062497923942162775,0.047636249043512616,0.14385216094235273,0.02581816578819339,-0.043327833776653689,0.010907110199076482,0.025820938401473606,-0.0029407658842782324,0.019957159741263667,-0.031216169522191105,-0.09244192493629394,0.040433738512675468,-0.016594667236821719,-0.044915935508310099,-0.078598300978439659,0.007802021986610834,-0.067922301273940486,0.058216158538810799,0.016889335594076908
0.014353820172904354,0.058036171810862403,0.062558872503757912,0.10224208328069011,-0.012609806340875039,0.01043464684395826,0.0066576112692169837,-0.00064532961069219109,0.0030067680165234627,-0.037243254845045169,0.014081129298770891,0.024478266980359816,0.096691115774337658,-0.034671687551122939,-0.011806964167451778,-0.059246044041735689,-0.022174398520822376,-0.032190748154681689,-0.048001692653620746,0.066569539426257554,0.063625234604072461,-0.050848679024199164,0.0030852186439368342,0.024700877581598543,-0.0014667527563721665,-0.05053850261228629,0.019406116079003166,0.029102486155092092,-0.0078733106511866945,-0.029800844108471614,-0.052513617234936631,-0.01524947320981019,-0.056039906011862817,0.00070450186375903311,0.083822378156748506,0.085880568125836526,-0.0181614691497511,-0.04295105987584804,0.0075942799574712002,-0.12441423239085045,-0.12730340574410429,0.041918163205586882,-0.078687180720723254,0.065263840631422806,-0.02488898130078698,-0.0045539194401082225,-0.035694586839391446,0.041690664461395452,-0.043327833776652225,-0.052541112086247295,-0.028039203527763266,-0.039177851652619139,-0.011536298176011171,0.083062230243989441,-0.02827325293132095,-0.02814778289847112,0.078871841676338775,0.038897302917208727,0.032673036028983589,0.025114321948010467,-0.046999564758549127,0.054515581316087608,-0.029119936522215267
0.014353820172903977,0.033658838532907541,0.0098940533955975025,-0.076023685424769408,-0.01007373971987848,0.065461782624847364,0.02062892180737886,-0.068398534876578959,0.018314823782489772,0.05856525337473778,-0.016348395649550214,0.018769617505779011,0.055316956843529205,0.090431602272580291,-0.030801904278449876,-0.012364439273614327,-0.0022118792683304368,0.096022394067900543,0.060211326893235426,-0.095376713508190089,-0.027096407431034718,0.055032364988477939,-0.044308717435426713,0.10384607741183614,0.067427990220509632,-0.010271160300256082,0.101587881685028,0.014232253863451408,-0.032735186151605214,0.012717208004995569,0.048838013359559111,0.064086758758146234,-0.059010626393789525,0.019199796647908347,0.024123612560191521,-0.0167025835583091,0.021945130818823499,-0.034315082496725338,-0.0051479800635862724,-0.062309100918245167,0.066894939640980311,-0.066347377151796907,-0.022450080983937602,0.020432893653613369,-0.086034137766953608,0.046761474008198585,-0.0012265842275881774,0.027361924266568898,-0.043327833776652176,0.0048223573273874134,-0.022184981855152334,0.072063354503970903,0.02066631694784473,0.070618501471054515,0.049867630912913088,0.016936334019362308,-0.023534775704616696,-0.054292614969997689,-0.048296545980038207,0.062330798047033731,0.0016446064415095313,-0.024873845686025832,-0.070212180204138622
0.014353820172905074,-0.010429541699396515,-0.065567922469245629,-0.10545697196376162,-0.030381430818834265,0.062409100459338319,-0.022282658006416572,0.01352558857857466,0.030121916754628792,-0.0042732243967056214,-0.075167434362804764,-0.0072707159178725233,-0.034820728630903325,0.019803614704547338,0.047414633700388058,-0.038537829121874839,-0.12334495713114005,0.074944117213942452,-0.07644437553467788,-0.020444174461007977,0.03281114736601632,0.021410300893585622,-0.0089144861005656436,-0.069486172413875155,-0.018698585972216859,-0.062217710929155914,-0.092565595579161428,-0.043402028778552246,-0.047683544092390652,-0.0014191427197796651,-0.0042611919453321434,-0.054847448121748139,0.045855239595617464,0.075457571001671248,0.091454807421692444,0.025083163714160282,-0.063953817043402819,0.06123255806171847,-0.045233305392783953,-0.01806866655509394,0.0029587881770083502,-0.0050737054234338197,-0.0066123192578440432,0.010279506207323014,0.022579279589200515,-0.057955063012462615,0.082389533529105191,-0.025586061764529117,-0.04332783377665337,-0.014707529952674606,-0.001884028857528635,-0.0091347770910350842,-0.099883851538010424,-0.022414894215593385,0.01917981177490994,0.045849733623849982,0.051209314466156675,-0.0858182325958846,0.020786701272514162,0.012849599053165737,0.060960409703586745,0.024879303053376288,0.031536861400760841
0.014353820172904977,-0.04842388805074762,-0.03900129886550991,0.036766359318763639,-0.027654091375799151,-0.0011988588954356522,-0.072864824013704407,-0.028815831724426311,0.09659127125424051,-0.072093027862390552,0.017011150053658882,0.050935085173227944,0.024286603587323277,-0.026462668816606572,-0.10563389789759146,-0.040795682093945289,-0.02505358223625637,0.047756860861946686,0.01969525719640515,-0.069590656890634761,0.052449066935131135,0.032850036442161716,-0.11814083568208862,0.028117656233854104,-0.024029992632962266,-0.046110438894471466,0.018623781983120511,0.11057402611799032,0.010093913261018958,0.033061664830269302,0.036928816965768996,0.045097245668712024,0.053605005179223744,-0.030426473552433511,-0.042214516915678985,-0.078075422693005769,0.046219948668411115,-0.056232289712304595,-0.080249387214614012,0.021503660789362753,0.040330375444011038,-0.065111472952958313,-0.0016399740995855193,0.02348083761394297,-0.014147319986713791,-0.040826656905161955,-0.038794904785212019,0.033105514713750311,-0.043327833776653925,0.016985484551747192,0.03891994181549583,0.0089454609070753754,0.050160599089696292,0.032254388032622261,0.036286918052730731,0.058396126260143691,0.071495953261095577,0.029274285635976068,-0.041213051091665093,-0.1021750634322308,0.02667331147286512,-0.0093086905372442522,0.0097501816790340964
0.014353820172904756,0.0026858429000948211,0.084685516426560373,0.042205782301391041,-0.1281396041396996,-0.0030200393659343887,-0.031349669665097252,0.016122990006265742,0.0061261532967406144,-0.00074641271979075403,0.036277417840242174,-0.057983355932989811,-0.00089974557265236972,-0.081753422022242755,0.094723687865232997,-0.00092793930358580094,0.034429556143466912,0.031642389165186281,0.0092669444359238535,-0.041224118513352677,-0.0072810366849397441,0.029500314606841535,-0.014232458915565216,-0.02818702927883868,0.032442465297163547,-0.024956385486386515,0.081256363926584363,0.0076321302058344606,0.093930892131126362,-0.0059006125033116922,0.055195871170059987,-0.054864874351206468,0.016944321938254153,-0.013277295938230602,0.041165063119911534,0.056919305452555732,-0.11904733153084956,-0.074421309601946026,0.081302445588260719,-0.0078772944186463745,-0.028403029074023891,0.057308940091708171,-0.044924778325271461,-0.020066143924085258,0.033962920209712352,-0.045844073933713342,-0.045365596166789493,0.072424013265711989,-0.0433278337766533,0.010907110199076952,0.02582093840147345,-0.0029407658842776625,0.019957159741263504,-0.031216169522190324,-0.092441924936295383,0.04043373851267576,-0.01659466723682141,-0.044915935508310231,-0.078598300978439867,0.0078020219866110881,-0.06792230127393889,0.058216158538810757,0.01688933559407739
0.014353820172904357,-0.0035559918684116673,-0.050573389992711569,-0.10234030885036632,0.062952431329717326,0.043323628764694089,-0.048980213999766535,0.018300818433054453,0.049543501106673868,0.081422703261296261,-0.010721519287787475,-0.05996697465954999,-0.04534322231662407,0.070197872898929106,-0.012739472075047617,-0.03146651936521979,0.056617573627013681,0.0061357715399912296,0.14124280176616924,-0.003213502057995182,-0.062200119556751664,-0.062619030859286218,-0.018982524734046345,-0.012350423999983531,0.063426003898549882,0.01138249257554313,-0.026974163506504046,0.021649464818922798,0.025177243615760892,0.054141632977846882,0.059291205260666828,0.014972660981936441,-0.030096705286392852,0.027664092877291959,0.015508910513809546,0.029320958601140992,0.04391442740572539,0.015243381512156269,0.074606128095745405,0.035394306544304512,-0.051109565375869255,-0.077210409557178408,0.0061547389841454837,-0.11967705155987812,-0.0087817011572114134,0.039153579462076996,-0.041035134152610543,0.017669389838497109,-0.043327833776652648,-0.052541112086247725,-0.028039203527763259,-0.039177851652618847,-0.01153629817601118,0.083062230243989052,-0.028273252931322535,-0.02814778289847027,0.078871841676338997,0.038897302917208693,0.032673036028983006,0.025114321948010079,-0.046999564758549557,0.054515581316085367,-0.029119936522215343
0.014353820172904817,-0.0090786958309012743,0.033167240196880207,0.031258616612280667,0.083950523102573685,0.065453617241126361,-0.079095582915746282,0.054481080868621024,-0.036351247667752953,0.029701973179186034,0.064478558916647222,0.079288097214406439,-0.016087957030390985,-0.039780841096851767,0.0061156859855080303,-0.083286618294551279,-0.026323130632590966,-0.04353613416277681,-0.063647573947050159,0.081735855205669686,0.0060809460708580072,-0.067247265624471739,0.10875010042790127,0.056750666861373693,-0.065026457754024408,0.037366903187374671,-0.026288158490747164,0.061257650627007144,0.048500646556032014,-0.040373352617277973,-0.065679039580280804,0.019992734454622168,-0.038440375284414199,-0.023553718991943542,0.035043334567587889,0.0058348443071807891,-0.052083591204611701,-0.0031108203027731731,-0.0050617375085505577,0.077270928790506357,-0.028509135725755502,-0.071917355579514966,-0.0095239139528850193,0.057132646612592,0.077195373575531467,-0.010376175771591147,-0.041348178503158382,-0.0010571734158360739,-0.043327833776652606,0.004822357327387475,-0.02218498185515181,0.072063354503971069,0.020666316947844696,0.070618501471054682,0.049867630912913755,0.016936334019362159,-0.023534775704616612,-0.054292614969997974,-0.04829654598003813,0.062330798047034376,0.0016446064415099034,-0.024873845686024978,-0.070212180204138525
0.054153500234794455,-0.011289390568965251,-0.015491631679220772,-0.023231561991747952,0.060121562574503934,0.0085223003308569616,0.027568885325757506,0.059011643612590252,0.079477821803791385,-0.082722849305129187,-0.046776718403572205,-0.095294155644989539,-0.02639523606855293,0.019358747633110161,0.015437847928454216,0.047233436763809006,0.025372742334274525,0.0044133736336468433,-0.055778327395439482,0.045734909190769432,0.090916985498216168,-0.009253078192873217,0.01339781538388872,0.0083744818141362649,0.034532651111998318,0.038049085081999397,0.075639353332531703,-0.11296626004726253,0.087522165749052611,0.00078261895443709208,-0.031633091827958523,0.017144288788237733,0.039250510253732454,0.030545412246495273,-0.072999680440955783,-0.084460687923721134,-0.0091450520905647769,-0.06975642236688831,0.053206292277335435,0.031209231021925691,-0.014503019130410024,0.019295838860019468,-0.015346816032679299,0.076548596379029665,-0.013315143918448789,0.081210520218938986,0.035953840685994561,-0.0024472414032730154,0.066023216212079253,-0.080641629694644223,-0.087805156718380628,0.069404181166802123,-0.0056341229120937131,-0.011532687470198848,-0.0043411670067622756,-0.026447516882923582,0.015457985103414782,-0.017492962571108585,0.01902484101722907,-0.081402680245107314,0.024550958899870794,-0.013316083699134184,-0.030667304703588506
0.054153500234794601,-0.0019293823217992046,-0.013046566849723286,0.040883316033223767,-0.0026426146592088704,-0.061610652174626829,-0.11391619694145581,0.0090232746347085249,-0.0028601804478502802,-0.0027723814253050581,0.10243781838552068,-0.022109640234953865,0.019323481553730367,-0.040945311926547774,-0.018058280717717562,0.013332112286427365,0.015369981730212921,0.02454954036113572,-0.010009998004271733,0.0057616685782482515,-0.023790591300259414,-0.035535769797081736,0.02294297493324984,0.0230658378306434,0.10413369753075027,-0.035015292655241712,0.020207248424768127,0.070131716141302494,-0.02321010994606652,0.013859244533102,-0.10975980431822932,-0.036969916573422065,-0.0067510569392643938,-0.034199644617163939,0.16308847514575009,0.016449928977275374,-0.039261213259826934,-0.048302155701679721,0.031106496274751587,-0.0034729177738332738,0.057839821129455765,0.049905862140775137,-0.0020333904811273705,0.046933418419753646,0.0896471431093009,0.04050713217445847,-0.033563864735759841,-0.018639010986824151,0.06602321621207824,-0.09300875251163894,0.010291995463125798,-0.030570752999067405,-0.01902971467865839,-0.044242605303492132,0.048525573309651203,0.00077011164976916238,0.011095219704909967,-0.018051183375986244,-0.03060227932519894,0.06207688736520918,-0.080483024155361071,-0.052839030663930038,0.017094183410065265
-0.08286114058060437,-0.10211480928168284,0.074498462480905636,-0.1737460915808646,-0.070520490619046153,-0.019574327666309614,0.04738220435308247,0.0027129894393244781,-0.0275613787559887,0.04077064298345829,-0.075802170870111707,-0.013074609613900914,0.049385648305413331,0.031313231734798865,-0.015390012666049868,-0.0038678598733507133,-0.019629873681456019,0.054957654723032885,0.0063857675076351376,0.072441939757245249,0.082964859668848825,0.070082809523364625,0.015985809786067971,-0.027879724615088163,0.018670920336700397,0.060220713309243556,-0.009481199012890797,0.052320397792562152,0.009370376772806166,0.0029744332054198407,-0.042169753780190916,0.027523965673416226,-0.048850551227776012,-0.0065822862541656743,0.072642526436035693,0.027962778065016961,0.011811651911002623,0.017584760222390885,-0.038703467220659482,-0.077292526864002342,0.034779396801627123,-0.045164017070220927,0.012523948265391112,0.018216397822583622,0.0090061234433785765,0.018593191133209602,0.042018324940385217,0.026665440798671728,0.020632451341227948,0.0024810056048763891,-0.017113943816484317,0.018222196941041383,-0.0016713386251624213,0.037940884667650727,0.021776728470462848,0.11058250025848851,-0.088512218150671021,-0.0085367602542086567,0.037948234146603761,-0.022107984523808025,-0.021426935104866505,0.0013438012011528124,0.063980594974475349
-0.082861140580604287,0.068527150951762053,-0.0031116484982374858,0.035231841463024403,0.0014774748096317643,-0.037537886085351815,0.0038472707645027565,-0.027053002171932738,0.083428065919726749,0.00036743677857159062,0.024222072869465556,-0.0236644194204602,-0.019845291191489162,-0.10084992511022607,-0.026341552544051402,-0.008970766840181844,-0.035582117451164325,0.01965484375168788,0.042457795547278229,-0.0091633795218033203,0.025956165064805692,0.044661896475688488,-0.029667244565597491,-0.0039767071608185376,-0.0021094081494282546,-0.017513959006152935,-0.098194002601001029,0.040572040945222904,-0.02078939071629889,-0.0050290160671155847,0.078108564558766219,-0.02037135381850063,-0.058664407350718456,-0.13236162015113295,-0.076172878615072673,-0.013077358090694498,-0.060372125735460164,0.028346962294775548,-0.0021072743194622281,0.03539799482908533,0.018381306982964786,-0.068310859186402451,0.063266564928707386,0.1124741511803669,-0.058834017667006071,0.065136414579479107,-0.0029118152236615263,-0.067486172494431826,0.020632451341227164,0.021116887060837832,-0.043842823103118059,-0.12498216909850259,0.019432023285498173,-0.012927440983251409,-0.057055331788304256,0.041038211608295704,0.021527150968912417,-0.023959235905972577,0.011203316011576907,-0.025766234134342422,0.020312214290430959,-0.047939334679014838,-0.034002909823714671
0.014353820172904888,0.06271164920017519,-0.02021174253488256,0.00060458521927844277,-0.016937872690219083,0.033105036070038368,-0.04036391976785008,-0.081506556736837654,0.028827953989323769,-0.068968515519776188,-0.050232780335871828,-0.006907983041126645,0.072303293284250836,-0.043011731046863455,0.029582471445563897,-0.085279339739683407,0.051561875512106503,-0.084903377890589826,0.010054578860110507,-0.030042825525373743,-0.017486080554305051,0.12249445133386426,0.098721963708521307,-0.0032321757620729689,-0.049432316742949706,-0.01961152063213514,0.029745422767388226,0.030998173528266431,0.036470622709093736,-0.031300601693484843,0.013117643928687505,-0.025691511860445816,0.077419018749819282,0.031092698038190997,-0.016479281516026009,0.090177209438695352,0.00060593719793138967,-0.0064401115417216676,0.053836740770452064,-0.096611742697343031,-0.067829878078342121,0.069799820874524715,0.074369779370129244,-0.031747303255683958,0.0082636703266958378,-0.0082211033163177103,-0.0013027676391108613,0.0088138182754643295,-0.043327833776653293,-0.014707529952674521,-0.0018840288575283841,-0.009134777091034824,-0.099883851538010104,-0.022414894215593079,0.019179811774906103,0.045849733623849843,0.051209314466156584,-0.085818232595884308,0.020786701272514144,0.012849599053165763,0.060960409703587327,0.024879303053373741,0.031536861400760785
0.054153500234794733,0.0075446938536438109,-0.030173943084951832,0.09114676091634899,-0.04687626199938625,0.020271467429524719,0.12984773544899467,0.0028414283446569228,-0.012675600435038853,0.16049478413039886,0.055225754071952134,0.021845094473577076,-0.005173458607534832,-0.041355486385444291,0.013198374433057892,0.0070274993647329118,0.05302417537546128,-0.0059063904700597299,-0.0024876000356943927,0.021267015091627529,-0.060287973868677278,0.028289381302782485,0.01020651446294327,-0.087228939699417057,-0.028922465317977434,0.026413254166779605,-0.041334972879909622,0.045244843601577808,-0.0079435909741193654,-0.048176301384158807,-0.00040063869869071231,0.043531096935356235,0.021144861720260078,-0.026536656646713612,0.039834699391460178,-0.041414039629102208,0.028464377564482897,-0.00082121003026722054,-0.065287044203399702,-0.0048480011353294562,0.041003188618521119,0.048423781055640956,-0.0072063785146373252,-0.08300759811878855,-0.072855467535264853,-0.090950492876981648,0.012209807682460216,-0.019065622667812122,0.066023216212079086,-0.080641629694644584,-0.087805156718380808,0.069404181166801734,-0.0056341229120939369,-0.011532687470198873,-0.0043411670067634942,-0.026447516882923294,0.015457985103414507,-0.017492962571108411,0.019024841017229219,-0.081402680245106704,0.024550958899870707,-0.013316083699134583,-0.030667304703588381
0.05415350023479433,0.068595425979950234,0.012336121801672588,-0.03310614475731586,0.0029305919612819171,0.09302052053954786,-0.071317021110833462,0.018393574887150023,-0.0027246120395667279,-0.010182273072464,-0.055847948469700863,-0.0021346519791992391,-0.0069656025694995643,0.01527855069335307,-0.047559595422968434,0.012101578762051743,-0.043380736900293912,0.068982788812138082,-0.010605579724122996,-0.051157143812484311,-0.042838818158600765,0.019877663851143566,-0.036141504763108567,0.030761440446209581,-0.055636406763694635,0.041327247097740549,-0.015264769682397601,-0.10051968767248445,-0.019500780599856011,0.013469637890728661,0.082354303141129195,-0.040050385923087267,-0.10937633390200237,0.035552267288582025,0.018866782977598959,-0.065140127694029618,0.021957633329799504,0.11377059404651849,0.0076094718463036318,-0.013215951702783212,-0.065387404636228469,-0.059953242188048962,-0.022496927992068982,-0.071180558240387576,-0.039654312824985369,-0.061035681800887559,-0.0038328618593517871,0.075139744719799687,0.066023216212078684,-0.093008752511638593,0.010291995463125222,-0.030570752999067235,-0.019029714678658185,-0.044242605303492388,0.048525573309652723,0.00077011164976878421,0.01109521970490969,-0.018051183375985835,-0.030602279325198906,0.062076887365208423,-0.080483024155361862,-0.052839030663929087,0.017094183410065189
-0.082861140580602871,-0.028916622577268843,-0.0036600984691288973,0.086888265214371138,0.04181007417142716,0.093126955753750892,-0.010037069334786897,-0.0056004437125712903,0.025319807509220676,-0.075803996626382805,0.015945437862754631,0.13596041087762353,-0.037356633795252975,0.0064984910574074073,-0.023540721044611208,0.05745382101924721,-0.061916296029636157,-0.073683699315984105,0.067838114804346525,-0.030128472996250658,0.025612170398208439,-0.14157299980951438,0.017903155586413928,0.045564113434972763,-0.040964833272088934,0.0030799510342732596,0.00083470487030330145,0.036710845853546538,0.052316617756425265,0.011764691299604824,0.066290005301230137,0.011445888620055555,0.05683184778943718,0.082852234237107858,0.016808710166441546,-0.020125247470372639,-0.020241246263039126,-0.031145811032326567,-0.0068885818071730233,0.018171071654441984,0.057662994488638861,0.00053115967204656479,-0.013325768060030782,-0.019062173510489454,0.0057579782286667283,-0.036132944172866506,-0.045667669328359251,-0.047804012070249757,0.020632451341227605,0.0024810056048766788,-0.017113943816484647,0.018222196941041012,-0.0016713386251625275,0.037940884667650741,0.021776728470464045,0.11058250025848912,-0.088512218150671465,-0.0085367602542087695,0.037948234146603484,-0.022107984523807869,-0.021426935104865669,0.0013438012011540632,0.063980594974475558
-0.082861140580603204,-0.010465982555950028,-0.013951571531184519,-0.013858930989994432,0.035114042198500617,-0.0523115135579982,0.045227135643572065,0.083573302498009525,-0.1342866351737679,-0.0079500427451204888,-0.017236226039550832,0.018304890828192581,0.070322932943235592,0.084236921023155775,0.0036467045735694066,-0.051450365875054534,-0.0050467723581030981,-0.031561355052514783,-0.026266424984132848,-0.030557963570549091,-0.089288000971217238,0.011299435917602166,-0.070101048328226903,0.018726590791523022,0.055185412476577315,-0.029067793602283402,0.085171442514788434,-0.032178704978238735,-0.05881495035047983,-0.050123936499190155,-0.067283507425159345,0.031595022351099962,0.037643391376748034,0.046918023697159583,-0.087107704790729004,-0.0076951237020290129,-0.016171474854884821,0.043780828152556961,-0.016020018521840908,0.067469099578485861,-0.011305126447087262,0.031176234961529783,-0.004693059202637853,0.00062843868429868287,0.071479098772653127,-0.063173329689131669,-0.06469960051638303,0.022766495507380215,0.020632451341227678,0.021116887060838533,-0.043842823103118503,-0.12498216909850268,0.019432023285497639,-0.01292744098325173,-0.057055331788304638,0.041038211608295856,0.021527150968912511,-0.02395923590597281,0.011203316011577447,-0.025766234134342175,0.02031221429043114,-0.047939334679015191,-0.034002909823714456
0.014353820172904184,-0.052662732679864488,0.012812618364751381,-0.010812039526324126,-0.0044765057474850812,-0.077011900639432251,-0.018239024380982811,-0.061396210795097723,-0.036945242369849259,0.04676719480174911,0.048064760929113139,-0.012924936244762217,-0.11559913385430068,0.069476512327256476,0.069024764014752271,0.012419884132002432,0.020227021468594876,0.023496621447507238,-0.021588326575708673,0.0058442528085709137,0.0082412842229807968,-0.11034379060497597,-0.043248436204151114,-0.0041749170800882991,-0.035457251209888865,-0.067881684794222144,-0.047323227733580921,-0.030313365164492682,-0.055420960400556253,0.091779229760655973,0.011376279120414671,-0.008157094192710131,-0.0086472804702358557,-0.027280427838358497,-0.058481648754503714,0.097322668028962264,0.082351512200558891,-0.047017434043359264,-0.016752615096306572,0.043193743089353427,-0.050641279729140579,-0.045704579119861623,-0.085057952281043916,-0.049803369360681318,0.00050492806500917792,0.054066293750098693,0.061796605993787022,0.022056560321274309,-0.043327833776653155,-0.014707529952675108,-0.0018840288575288249,-0.0091347770910351969,-0.099883851538010243,-0.022414894215593791,0.019179811774906384,0.045849733623850503,0.05120931446615648,-0.085818232595884655,0.020786701272513912,0.012849599053165423,0.060960409703586876,0.024879303053373783,0.031536861400761222
-0.082861140580603579,0.0059701504809221775,0.036844980349288188,-0.056617130089875005,-0.029691948826863775,0.032738283637380544,-0.033757464157978326,0.0005933576868730223,-0.064794160041050416,-0.092512194092583683,0.023365022522774774,0.065480136047065374,0.079787222400094393,0.055896758070723772,-0.036673982340270396,-0.11264452991023818,-0.03918243143285844,0.010857370192273764,-0.0012501294170953409,0.050938431744003483,-0.016652838300461624,0.050613445942319854,0.054463933652894238,-0.021484500333136109,-0.032888259072334683,0.010573625459202264,-0.03443726946805583,-0.040190675171633973,-0.057287806327737327,-0.020051058244299258,0.0190771751108487,-0.088219887097956598,-0.018408869607926856,-0.014893123016753497,-0.0014849048241949252,0.060223259202133325,0.0024839153363891385,0.069116684665978173,0.032342039606505356,-0.050554255709044683,-0.041624913979391207,-0.069881793207948767,-0.034802391391830667,0.028735027287216778,0.11960857230459013,-0.074515964733493367,-0.011555913155738404,0.05850865268272442,0.020632451341229596,-0.080641629694644709,-0.087805156718381128,0.069404181166802054,-0.005634122912093747,-0.011532687470198715,-0.0043411670067612989,-0.026447516882923735,0.015457985103414439,-0.017492962571108734,0.019024841017229469,-0.081402680245107148,0.024550958899870853,-0.013316083699132873,-0.030667304703588329
-0.082861140580602816,0.025242090398576486,0.00033565450557416891,0.061262163235869659,0.021199291747493767,0.035920752424482442,0.073826321130581032,-0.034489926770042673,0.014183165173701247,0.02861144603141556,0.0173815775130018,0.037728807884300539,-0.039770221516978052,-0.0061510910952123502,0.00038996545002701482,-0.016207358312281608,0.079655615036132707,-0.028801728665053049,0.044884122013188844,0.020338057473095354,0.058472443252452683,0.006459243242120492,0.057344980108018175,-0.047968828128834733,0.034097526037322294,-0.028501141594646565,0.019767827283744384,0.051593223495697421,0.058837316840690386,-0.030836302522957569,0.075669483214762745,-0.031682490685871846,0.059324516933964469,0.032773395621356588,-0.10415621791562131,0.082394370829684579,0.032464121084047746,0.037424555747829456,-0.043517985990942552,-0.015975558619689738,0.035951933844879505,0.0039573773584133118,0.081368052059776291,0.055962121459678785,-0.069978684021778481,-0.091945988570750287,0.053339696480017046,-0.11610257431285748,0.020632451341227993,-0.093008752511638926,0.010291995463125857,-0.030570752999066659,-0.019029714678658577,-0.044242605303491632,0.048525573309649996,0.00077011164976920293,0.011095219704909943,-0.018051183375985602,-0.030602279325199235,0.062076887365208375,-0.080483024155361862,-0.052839030663931121,0.017094183410064929
0.054153500234794233,0.11703410009429541,-0.063560730863253923,0.026406091610594123,0.026467020132204852,-0.021713738955244633,0.016628921480614973,0.0039397921592160563,0.017513831880160223,0.0037199876068155229,0.022193691513603966,-0.10445497211034503,-0.11177237719259715,-0.028712666475522806,-0.018225148134298277,0.0089679914229010733,-0.0015012791039221889,-0.023347308249944784,-0.094983271960718332,-0.02507634224744399,-0.02428113053735215,-0.055047178656441147,-0.050363215677790764,-0.020531344532434177,-0.035191791804050909,-0.027827420271312124,0.02629756850804283,-0.059945952285831293,-0.012819441855905341,0.0032587429284120914,-0.0083259511045666555,-0.030917459214044693,-0.065162495910455018,-0.080399690788789516,-0.10521213773446009,0.0045872213832194465,0.048585223797194134,0.048790613206854266,0.050807754981626554,-0.058163007593478616,-0.0060606206257520388,-0.059763944864333791,0.026358398196012184,0.056472442736446186,0.0062855895354059733,0.034538687193927789,0.031050379215092728,0.089276631641298079,0.066023216212077754,0.0024810056048769134,-0.017113943816484008,0.018222196941040616,-0.0016713386251619871,0.037940884667650651,0.021776728470462421,0.11058250025848905,-0.088512218150671632,-0.0085367602542092465,0.037948234146603477,-0.022107984523808494,-0.02142693510486644,0.0013438012011526539,0.063980594974475696
0.05415350023479458,-0.080257302493446842,0.059183183415662179,-0.051827897129177528,-0.098767997249216005,0.020447477058242135,-0.016890480109004697,-0.046937828833785673,0.054232464161334731,0.061031666230231853,0.035468119129891985,-0.063788833382497495,-0.084508472328101325,0.0021789698551366648,0.0095571482507050189,0.035948151373787832,0.076030192256343568,-0.0045917514244953571,0.015766612828728876,0.027296796846095307,0.044410738339156118,-0.051409541865939531,0.099721384857461834,-0.023201891074145029,0.045000792461183187,0.034864753448093692,0.031913074849268544,0.040836289061125582,-0.039529224090351783,0.0097533807263281494,-0.040190738509025402,-0.0072818311379213808,-0.014198205435695138,-0.042920967441158517,0.05285191211282856,0.021064062898175084,0.038755678369351815,-0.062888772341137003,0.0072202494482148478,-0.028861063227426757,0.04767159530742892,-0.036240055888488831,-0.047628226940255682,-0.13035201052915255,0.045782785069625825,-0.072750642284441377,-0.020119830363916055,0.023842734314415789,0.066023216212077823,0.021116887060837534,-0.043842823103118392,-0.12498216909850308,0.019432023285498062,-0.012927440983251676,-0.057055331788307122,0.041038211608295752,0.021527150968912178,-0.02395923590597247,0.011203316011577013,-0.025766234134342255,0.020312214290431008,-0.04793933467901678,-0.034002909823713817
0.014353820172904801,-0.025946112339863509,-0.049162321909622511,-0.0055102924296322325,0.0076742554813619291,0.045120032258746744,0.031225168797900348,0.096177590331064516,-0.0064014747200840617,-0.047421723788783822,-0.013747533957741465,0.055802797714758962,-0.05982219721160608,0.010370432082507848,-0.023571110435988082,0.04333547674798411,-0.015544037787650433,-0.042638780850930875,-0.040390189924214268,0.0049185001373314901,-0.018385120698515344,-0.039818595725658552,-0.041284956376427484,0.042586267906342783,0.10464838549977286,0.083414106980365652,0.037571910899301168,0.020494365532979168,0.016616595583793446,-0.14371231413417149,-0.06846704072006371,-0.080242632104826545,-0.00020380513574847894,0.031484418353723273,0.060333600582213695,-0.061249611801745901,-0.019258565697806977,0.021586279766614033,0.041736071992100422,0.092174703109964451,0.051257311234508454,-0.005670799535958549,-0.043684390530658188,0.068172669240230063,0.016163293566686797,0.02692461096980912,-0.056002810097597104,-0.064013704789754086,-0.043327833776653446,-0.014707529952674454,-0.0018840288575285307,-0.009134777091035334,-0.099883851538010465,-0.022414894215593489,0.019179811774907612,0.045849733623850315,0.051209314466156355,-0.085818232595884503,0.020786701272513822,0.012849599053166166,0.060960409703587452,0.024879303053374418,0.031536861400760445
-0.08286114058060369,-0.002225453765600511,0.008820594414884593,-0.011298068834725049,0.0164466482517465,-0.061532051397762619,-0.12365915661677386,-0.062446429644119811,-0.0020080613277017731,0.014740259267314343,-0.031814058191155056,0.0079689251243465868,-0.048218527724006602,-0.033900019318390068,0.0080377599787568189,0.058383593781696233,-0.039214486276879026,-0.0093643533558617747,0.059516056848229193,-0.1179403560264006,-0.013976173329078178,-0.069649749052230064,-0.078068263499726134,0.1003389582184171,0.02727807327831434,-0.07503596470798149,0.00013288901543409985,0.10791209161731878,-0.022290768447195547,0.067444740674019815,0.012956555415800321,0.027544501374361739,-0.04198650236606577,0.010884367416972622,0.034649885873690951,0.065651468350690814,-0.021803240810308159,0.0014609477311773123,-0.020261287680442087,0.024193025822449605,0.015124744491280283,0.0021621732922893137,0.057355585939148426,-0.022276025547457879,-0.033437960850876323,0.084255937391536306,-0.03660773521271548,-0.036995788611639352,0.020632451341228833,-0.080641629694644917,-0.087805156718380531,0.069404181166801665,-0.0056341229120938328,-0.011532687470198814,-0.0043411670067609971,-0.026447516882923214,0.015457985103414659,-0.01749296257110896,0.019024841017229257,-0.081402680245106981,0.024550958899871005,-0.013316083699132945,-0.030667304703588562
-0.082861140580603981,-0.091908134056726598,0.00037479054247654828,-0.069039334511776948,-0.021487269049567288,-0.067330620789402731,0.11140689692170812,0.0070730772481832124,-0.0085983726862841874,-0.01565679153364653,-0.063971447428822228,-0.013484515670146534,0.027412342532748039,0.031817852328407698,0.065227910690659599,-0.009226332736197506,-0.051644859866050996,-0.064730600508219924,-0.024268544284793723,0.025057417761139948,0.0081569662064078143,0.0091988627038175914,-0.044146450278160193,-0.0058584501480188267,-0.082594816804378954,0.022189187152148262,-0.024710306026114241,-0.021205251964515216,-0.016126426294766516,0.0035074200991263437,-0.048263982037663536,0.10870279318238039,0.056802873907302258,-0.034126018292774035,-0.077799040207728667,-0.033704172112929434,-0.015160541154021094,-0.10289299409266917,0.0048020178698884508,0.032664428096307242,-0.028404350338107551,0.0060900026888614173,-0.056837733586578856,-0.031714981639043495,0.019985853737463116,0.11247453819717834,-0.015942969884905855,0.059601840579882076,0.020632451341228219,-0.093008752511639106,0.010291995463125038,-0.030570752999066541,-0.019029714678658369,-0.044242605303492138,0.048525573309653625,0.00077011164976854352,0.011095219704910425,-0.018051183375985734,-0.030602279325198753,0.06207688736520886,-0.080483024155361557,-0.052839030663928976,0.017094183410065092
0.05415350023479442,0.013997331764655849,-0.0072776331485222452,0.06045173475589824,0.0022433963154135316,-0.051838889132197273,-0.053974056498910933,-0.0010523378859685609,-0.01527226063339193,0.03131336603610882,0.037663041493752887,-0.01843082915337739,0.099743362682436457,-0.0090990563166834706,0.057155881844958949,-0.062553952568797436,0.083047448815016467,0.042073352842895005,0.020759389648736686,-0.01723712451355033,-0.084295899529705759,0.1265373689425916,0.016474250305309378,0.0028469557125497397,0.057485704739438453,-0.035473244072204278,-0.017651074365456119,-0.029085291360277887,-0.048867552673326084,-0.017997867433436801,-0.015794300416473155,-0.0080523950794269151,0.057181199348793878,0.0041297428058472349,0.015760901131983418,-0.012424751977864461,-0.040155629445157215,-0.035229562396918844,-0.005215705953794148,0.11728446280303885,-0.086381770664514385,0.10439680226250973,-0.025556578401371502,-0.055626667048539073,-0.021049691207452328,-0.016998934154270572,-0.027401034827118347,-0.068138060369721379,0.06602321621207774,0.002481005604877325,-0.017113943816484119,0.018222196941040932,-0.0016713386251626602,0.037940884667650443,0.021776728470460274,0.1105825002584892,-0.088512218150671298,-0.0085367602542089881,0.037948234146603428,-0.022107984523807647,-0.021426935104865905,0.0013438012011512197,0.063980594974475502
0.054153500234794504,0.022196134097634799,-0.042119963386239911,0.0304549866561474,0.062176480241084374,0.069401922585107995,-0.032183926299069847,-0.0095824714922907086,-0.0033738949072930676,-0.053449060263682749,-0.042453965959807258,0.069148361974765774,0.034030830576354788,0.014434034231932968,0.01313769971977741,0.024472981341448433,-0.035401302447088681,0.016498262725322798,-0.031957983391874521,0.012424546246257563,0.018921097567256268,-0.0045517905273501323,4.6908036363469079e-05,0.0084520074434405804,-0.098076796788333018,0.011716999160344334,-0.018890514763056029,-0.04922962502810866,0.11913356515713083,0.045399571839977948,0.029365681375418392,-0.0039418373946766743,0.035219221409666289,0.12836456389513198,0.11042867129297218,-0.00029158110545048858,0.03778792222099369,-0.0092390181061959686,0.010907043393089365,-0.074006031180143955,-0.054747775843306555,0.073374680113362969,-0.010945278785812595,0.017249420664487421,-0.05842786617527277,0.070787557394093273,0.087731246103960825,0.02087694267263545,0.066023216212077324,0.021116887060838706,-0.043842823103118045,-0.12498216909850264,0.019432023285498208,-0.012927440983251695,-0.057055331788303958,0.041038211608295197,0.021527150968912535,-0.02395923590597215,0.011203316011577227,-0.025766234134342439,0.020312214290431146,-0.047939334679014775,-0.034002909823714247
0.014353820172904415,0.015897195819553539,0.056561446079753656,0.015717746736677189,0.013740122956342183,-0.0012131676893525375,0.027377775350933234,0.046725177200870466,0.01451876310061,0.069623044506810866,0.015915553364499558,-0.03596987842887011,0.10311803778165568,-0.036835213362900528,-0.075036125024328701,0.029523978859696962,-0.056244859193046406,0.10404553729401481,0.051923937639812789,0.019280072579472212,0.027629917029840179,0.027667934996770133,-0.014188571127941588,-0.035179175064181507,-0.019758817546934877,0.0040790984459914033,-0.019994105933109213,-0.021179173896753466,0.0023337421076689204,0.083233686067000059,0.043973117670961362,0.11409123815798225,-0.06856793314383601,-0.035296688553555521,0.014627329688315425,-0.12625026566591227,-0.063698883700683231,0.031871265818467102,-0.078820197666245359,-0.038756703501975687,0.067213846572973857,-0.018424442218704346,0.054372563441572895,0.013378003376135263,-0.024931891958392776,-0.072769801403589629,-0.0044910282570789157,0.033143326193015694,-0.043327833776652919,-0.014707529952674924,-0.0018840288575290741,-0.0091347770910350165,-0.099883851538010104,-0.022414894215593686,0.019179811774908229,0.045849733623849913,0.051209314466156494,-0.08581823259588417,0.020786701272514269,0.012849599053166171,0.060960409703586745,0.024879303053375743,0.031536861400760813
0.054153500234794531,-0.064160953877811427,-0.055802372553782585,0.047767716287433745,0.049792089439693418,-0.050028585124761604,0.011933901131463054,-0.10096315823379048,0.0088683779137948195,0.04593468868959729,0.047673502613285929,-0.033071382046500009,0.10152087183530924,-0.054557363834220232,-0.058223491024378002,0.099923780784977836,-0.030389342418452047,-0.099362554289868288,0.026659967058572258,0.025162301173731472,0.002711047842503686,-0.030294145169256118,0.018377633444802484,-0.079033048603798131,0.076673532062612459,0.039522033948056604,-0.01252411833077865,-0.033041022827434617,-0.069791913365561023,-0.00084672223746919064,-0.00084582926482986342,0.06030504743077874,-0.035427477874999107,0.0057268707785575355,0.060072384788969382,0.0025499026686392127,-0.031454245702807811,-0.0073730282598124149,0.042313200217292943,-0.010585286002233671,0.050213578212767132,-0.025163540680096019,0.016585625087847451,-0.026342623223767233,0.038412252064141443,-0.080336270642639512,0.064300635692053298,0.043171107773444753,0.066023216212077726,0.0024810056048766111,-0.017113943816484005,0.018222196941040585,-0.0016713386251624794,0.037940884667650762,0.021776728470463105,0.11058250025848919,-0.088512218150671534,-0.0085367602542092604,0.037948234146603831,-0.022107984523807647,-0.021426935104866346,0.0013438012011535191,0.063980594974475544
-0.082861140580603454,0.025285285527324015,-0.0059249873030981165,0.051060391102775299,-0.055722433801568494,-0.012810708674246388,-0.020934267332685812,-0.030142537828646176,0.0010542758854593774,-0.026058602190653514,0.013795913648551978,-0.012635950483871545,-0.037063687122954415,0.10022434598814761,-0.032361405351869876,0.03639445970351346,-0.033323667198391492,-0.068401695903357915,0.062030225334073714,-0.10014474259528201,0.0078274368795758723,-0.001356284658224209,0.095814775689595705,0.078708989665247781,-0.066283672906486735,0.0010106293381743228,0.035199470018149701,0.0023333095472846863,0.059136131203505304,-0.019038566013473,-0.087918327561496312,0.00028916213704935893,-0.049590780476396444,0.021500461402689016,-0.04320802724385709,0.017845543918175933,-0.056715382435442947,-0.010053276097343763,-0.035490440234761486,-0.029362485259458664,-0.019682626532640968,0.021369927502373459,0.11815078096823929,-0.064155293135345251,-0.0072188664843362048,-0.024990408709401654,0.067233535073810427,-0.1003876979691594,0.02063245134122748,0.021116887060838439,-0.043842823103117858,-0.12498216909850268,0.019432023285498111,-0.012927440983251373,-0.057055331788304041,0.041038211608295488,0.021527150968912657,-0.023959235905972504,0.011203316011576961,-0.025766234134342269,0.020312214290431251,-0.047939334679014713,-0.034002909823714796
-0.082861140580604425,-0.0072289035382229897,-0.038612885142729952,0.016298922515917861,0.055286012643069801,-0.018604229824048513,0.024574344256682309,-0.036321561627145706,0.039523866895867225,0.001758941557637181,-0.024386611427458689,0.0039654892751203909,-0.0025834983775017339,-0.020963553887990007,0.059647531299378193,0.025408878947777838,0.067126524760945439,0.065394474250517698,-0.0046110549980513098,0.023458724803874436,-0.065519117195283444,-0.026148095951957148,-0.078675918124837471,-0.013069610415900127,-0.14836781260384138,0.048972332387216697,-0.04262679026761413,-0.026735644181378439,-0.056404382944046955,0.01755804462252885,-0.040707511493073743,-0.091101444835560944,-0.055972531004652999,-0.093093531379408831,-0.086551840649851872,0.034628388182776457,-0.041443362896303036,-0.060742281501575728,0.058549178226967764,-0.026639374294033593,0.094890887898885917,0.037585246983349904,-0.047821817885185532,0.010178768707177585,0.0045775906842193698,0.03866542073068447,0.019441692148056029,0.0038970391431613952,0.020632451341229322,-0.080641629694644348,-0.087805156718381058,0.069404181166802428,-0.0056341229120936646,-0.011532687470198567,-0.0043411670067638932,-0.02644751688292345,0.015457985103414637,-0.017492962571108692,0.019024841017228896,-0.08140268024510712,0.024550958899870853,-0.013316083699134739,-0.03066730470358842
0.054153500234794115,-0.0033944272862527726,-0.0065284735797744367,0.035448017361083044,-0.037390136744057202,-0.058942485073008456,-0.0077444111471358769,0.10737685566734827,0.01315973002278909,-0.034868607134405538,-0.076431939788577832,0.058567037350004916,0.024486340174155775,-0.018426894802713169,-0.039524198116380534,0.0040630638719371427,0.01811661401299465,0.0087667933504663557,-0.059361479928008845,0.071483498159952502,0.015377468406460067,0.068291700337971717,-0.0080074100983883664,-0.015223335739000211,0.070049463600860562,-0.021655476495514362,0.049695577061909357,-0.045680443980418491,-0.04617025710706165,0.005386155399020617,-0.0031113079451968294,-0.027406805735257434,-0.080113419219713017,0.12660209131348368,-0.098447819686512242,0.01483783639475607,0.029000083533817084,-0.041992615699734261,-0.0058312655052293006,0.090623554005980655,0.040063745234354617,0.008574158735641069,0.014840469950114388,-0.049433214153686157,0.014462793836448785,0.048928687899155845,-0.063179729575341556,-0.087205822810271616,0.066023216212078295,-0.093008752511638385,0.010291995463125524,-0.030570752999067096,-0.019029714678658487,-0.044242605303491743,0.048525573309651598,0.00077011164976909267,0.011095219704910328,-0.018051183375985644,-0.030602279325199353,0.062076887365208874,-0.080483024155361835,-0.052839030663929962,0.017094183410065199
0.054153500234794302,0.058510196588400454,-0.065201839144909596,-0.055537787668657766,0.00027823238019203687,0.014437929802473055,0.07372718075748233,0.030897136576584307,-0.011741076144550659,-0.064920206818701406,-0.10198561430991268,-0.00070357660753075978,-0.10327902704314286,0.0098876309541334854,0.01964726191863498,-0.0033539273797940018,-0.0059476531066477191,0.046160951828381716,-0.007414260965669022,0.021289050598955299,0.070090340728760303,0.011367129334415907,-0.024173894511610831,0.0079241378804241428,-0.027575120533737566,0.058004779947381208,0.026706997587212539,-0.018919526207330103,-0.0084374894180128408,0.068517805752880606,0.031643054081665144,-0.083722869177949313,-0.05180152678068644,0.048993023407762869,0.083710788736609046,-0.057292857200579715,0.021163236875005095,-0.0099193840040418431,-0.057064305609068021,0.040031733672027295,-0.094491964982794274,0.067624668551312508,0.0054292445827000754,0.038179629322736781,0.01459753292601676,-0.011801295480299612,-0.087146645304194553,-0.080417716703711187,0.066023216212078004,0.0024810056048773601,-0.017113943816484362,0.018222196941041224,-0.0016713386251624145,0.037940884667650818,0.021776728470462411,0.11058250025848862,-0.088512218150671021,-0.008536760254208681,0.037948234146602901,-0.022107984523808241,-0.02142693510486612,0.0013438012011528051,0.063980594974475571
-0.082861140580604051,-0.011621416435206696,0.038120745696767773,-0.072953370432273471,-0.0016170884337224367,-0.042507760903125053,-0.01363901473214472,-0.025808846794975294,0.041685357246530733,0.039700932254962344,0.026728158724518562,0.028506596492998332,0.034016099020865075,0.083683660752620126,0.12437401670470871,-0.037274335330192934,-0.004307582906523894,0.0085004864420633579,-0.1042570178591319,0.028591538671776235,0.036606823425006131,0.0036839997830836121,-0.018219911188203087,0.013926215648524936,-0.01202095573406314,0.062923882230056377,-0.13916106793682673,-0.035603390684432835,-0.063400491673454795,-0.0036706514539853029,0.083482649055454855,-0.027932378535350938,0.033981498095430877,0.02019753415704751,0.00964078270217778,0.029237193412826361,0.060413534805955058,-0.014517425914268771,-0.02033897217496896,0.0012726935575323565,0.10187684156659225,0.034966391471957937,-0.015639984146237136,0.048969037927435559,0.047854408144407064,0.024293879036284775,-0.016054928632940342,0.077554275397767547,0.020632451341227417,0.021116887060837621,-0.043842823103118614,-0.12498216909850259,0.01943202328549818,-0.01292744098325152,-0.057055331788304672,0.04103821160829535,0.021527150968912837,-0.023959235905972369,0.011203316011577431,-0.025766234134342498,0.020312214290430893,-0.047939334679015178,-0.034002909823714067
-0.082861140580603343,0.00818845295837454,-0.021624533027814769,0.075931267180835718,-0.061490031516702258,-0.073649685525780481,-0.00028968389377484791,-0.018965314923712367,-0.027645087709130784,-0.03443803535314173,-0.042137629171843681,-0.019164620554543439,0.033411273342885454,-0.016828242141108368,0.04072439290830436,-0.054033489017285635,0.024070227756688427,0.050838009752497984,-0.026404549450819926,-0.041809812676346106,0.017626548814646391,0.021102010642655256,0.11570988942964608,0.014844078382820957,0.055000481655116402,-0.072595974871072735,0.039984224331465451,-0.045993722118263955,0.049561204642124108,-0.061239675494162489,-0.0073258102207734528,0.093541152119334406,-0.011619437437105348,0.048979855584637327,-0.026887452320553604,0.00019478438994291044,0.12611081258621454,0.085590693671512175,0.036767120985057938,0.07655663810411617,-0.015419287319407012,0.037153011730748454,0.078351485130279688,-0.043364104275354601,0.020269542434271346,-0.031176849959595933,-0.00096031147368853375,-0.046271848785595558,0.020632451341229124,-0.080641629694644473,-0.087805156718380739,0.069404181166802123,-0.0056341229120936654,-0.011532687470198826,-0.0043411670067625271,-0.026447516882923652,0.01545798510341443,-0.017492962571108987,0.019024841017229548,-0.08140268024510694,0.024550958899870561,-0.013316083699133884,-0.030667304703588562
0.054153500234794552,0.0047238556440649506,-0.067000181948816878,0.08946064355468665,0.039304621102204847,-0.018412391434309412,0.073289439518115645,-0.027680327739094696,-0.092357711499212389,-0.021484187876544339,-0.016961915671426825,-0.10236139755829052,0.011974174831037031,-0.035261941733429593,-0.020022696225869191,-0.022089152994222094,0.027486790090193027,0.0036304972924471016,0.058417324790686113,-0.056270822187376814,0.031143423650243345,-0.014204442815212426,-0.04521579151417681,-0.01784552646443277,-0.059247859113327382,0.058453426134304258,-0.10108556167507173,-0.021937343935549813,0.018240810586883646,-0.0043581406218777055,-6.3033498323512152e-05,0.060608470722036893,0.014513198709653603,-0.12719704972275117,0.018903299950296579,0.021947971486057156,-0.046532264598704298,0.086200078539669517,0.020476062708774223,-0.044074647141841602,0.11325446692346706,-0.023200618109369971,-0.024972480669513738,0.023123373182713739,-0.010644385487615914,-0.018092239737183165,-0.022700036806047524,-0.0048517603633437874,0.066023216212078503,-0.093008752511638884,0.010291995463125623,-0.030570752999066989,-0.019029714678658494,-0.044242605303492014,0.048525573309651029,0.00077011164976936697,0.011095219704909809,-0.018051183375985987,-0.030602279325199121,0.062076887365208534,-0.080483024155361738,-0.052839030663930281,0.01709418341006513
-0.082861140580603815,-0.089894485978306723,0.011702704680077466,-0.024883651997893733,0.036802509420210475,-0.013796878485396426,0.0084536213687514006,0.0089742744454058554,-0.10026837521059971,-0.0025129752526273528,-0.063393576273643101,0.037125823864466188,-0.013887515558920802,-0.022203430128727903,-0.0024255640002670965,0.076588628071666262,-0.021343191485434249,-0.057119650065890752,0.03133213507207825,0.0014719760108636533,0.0198788662069697,0.040043904255377072,-0.0748832839768893,-0.080285422813908172,0.037384504358406873,0.052234756121620596,0.069639124755034407,0.052273391181356613,-0.051707511949110378,-0.12467298296881797,0.00028927667021761506,0.020131519357364281,-0.028554207311978531,-0.047185021812184737,0.024590843101044684,-0.043705219904721739,0.016278625724803542,-0.0050956834742964261,0.052929751752458752,0.051786254387293257,-0.055759401961521356,0.056328186563232088,0.030888766096232714,0.0090249744884070386,0.019245171901216034,0.007256531380095862,0.10862113937057487,0.085372004630631063,0.020632451341229013,-0.080641629694644459,-0.087805156718380573,0.069404181166802303,-0.0056341229120940297,-0.011532687470198784,-0.0043411670067611532,-0.026447516882923482,0.015457985103414552,-0.017492962571108776,0.019024841017229576,-0.08140268024510651,0.024550958899870939,-0.013316083699133277,-0.030667304703589068
0.054153500234794837,0.034652783069073101,0.082867533587523523,-0.016174865494819519,-0.041082021777178353,-0.00093367901260518998,-0.036004442314693387,0.082971488422888914,0.069431812626168488,0.0026327823324205977,-0.029383155142086323,-0.036040716112408569,-0.074821418168323162,0.0027281549296773676,0.045799483586925989,-0.031369139776388368,0.039599986085120394,-0.039163812524454562,-0.05243059647178136,-0.066098934684203331,-0.01653637082115297,0.077780902021490184,0.044804508244094696,-0.019663462399398302,-0.034120716604802009,-0.0098933544379344249,-0.069702288558210243,0.035768341725380993,-0.10997409767793126,-0.063739170722754285,0.050424966575913131,0.040993973612755898,0.11658637229923081,0.024686383845717558,0.041629982594618628,0.037510888391553143,-0.051645965494334443,-0.051954146123455509,0.0091784553961624139,0.0015869033790004358,0.060768257097826739,0.042995683037967442,-0.0010219044064756645,-0.039523247107752242,-0.050545183212522403,-0.071556234069862598,-0.0023466415509032718,0.040222397713589646,0.066023216212078004,-0.093008752511639189,0.0102919954631258,-0.030570752999067134,-0.019029714678658532,-0.044242605303492076,0.048525573309651113,0.00077011164976885588,0.011095219704910267,-0.018051183375985425,-0.030602279325198808,0.062076887365208909,-0.080483024155361557,-0.052839030663930323,0.0170941834100653
-0.082861140580604273,0.074800122164193947,0.051954448155472441,-0.038223886025665642,-0.015525890019038735,-0.10158918288218384,-0.0036657110143716162,0.021300536829700789,0.038530267242451427,-0.044905798571582514,0.10521376528740752,0.051094229163307608,-0.012489710876251477,-0.038703037008200117,-0.054136229330827616,-0.015342149573817581,-0.035493050726407474,0.052069789066606857,0.043467790932856853,-0.030748720714698211,-0.016422273360814813,-0.0008588866356945544,0.11807559929737917,0.0054587369136961479,-0.067784992243004494,0.065683101627836041,-0.044986847463320344,-0.074791075724364622,0.0080868159874119272,-0.0092716919722290597,-0.017793061414149061,0.064819357225868832,-0.096969871046548195,0.0041916802948558729,0.019772748343773655,-0.050928952801760151,-0.0042720086340922924,0.039040829886265033,0.050507561347885636,0.056000374493976053,-0.085153441012066206,-0.053929350729035978,0.016085595306921382,0.016720407156595844,-0.020772508994529541,-0.059974702099333463,0.010100622943819833,-0.017281870471519419,0.020632451341227917,0.0024810056048765669,-0.017113943816484078,0.018222196941041224,-0.0016713386251620869,0.037940884667650415,0.021776728470462966,0.11058250025848829,-0.08851221815067134,-0.0085367602542088857,0.037948234146603727,-0.022107984523807876,-0.021426935104866228,0.0013438012011536494,0.063980594974475113
0.054153500234794212,0.11806431751939406,0.022928699231110884,-0.021840214949178358,0.0031749546958787242,-0.015200583849215771,-0.015311310290712605,0.041386298652033124,-0.085934627955773599,0.037080141067284349,0.053052394287712121,0.04154399052851121,-0.032780401666055052,-0.013285496205822938,0.00078095181659493718,0.035555235085784564,-0.023577203780893886,-0.044721152613484687,-0.020733972255854452,-0.06324401855061558,0.10469683986672189,-0.022222189426592605,-0.03348361229440653,-0.046040776430364777,0.009715069659674315,-0.073747993598330092,0.00659534480419417,0.010303261846479336,-0.069501815831369315,0.063476718820319938,-0.040982308489231574,-0.0048961332446691482,-0.094775663696648541,0.0071830154341548155,-0.011319123019212347,0.060189047324849823,0.085320606918650579,-0.05885173039316318,-0.035030306937335477,-0.047800849297905651,-0.017364718230863892,0.04785769935134488,0.012180438415152631,0.027969569211286793,0.059866535105654518,0.086100898393818751,-0.070767727017279791,-0.04847141942418734,0.066023216212077768,0.021116887060838044,-0.043842823103118093,-0.12498216909850289,0.019432023285498198,-0.012927440983251296,-0.057055331788304423,0.041038211608295599,0.021527150968912698,-0.023959235905972445,0.011203316011576925,-0.025766234134342363,0.020312214290431403,-0.047939334679014685,-0.034002909823714081
-0.082861140580602691,0.053914136364476901,-0.053851910423243152,-0.062501601415974689,-0.014737466889377443,-0.0024019968373034063,0.077695353459268507,-0.025006762945657568,0.10560842839120321,-0.040190620292590698,0.053683945354162502,0.029490252890115341,-0.034217078656738703,-0.078547868534070253,-0.0084202430669317076,0.037295302275107939,-0.037670067386645294,0.077728707106030706,0.023620703415938568,0.039074696505699121,0.026238717864886817,-0.017037157380282934,0.0089819036169767243,-0.012932013031483247,-0.023120805076285691,-0.080224302250754817,0.0020948532096516288,0.02667846753699582,-0.0046494988194728864,0.12113345120979231,0.022492541008335913,0.020836229285364102,0.074293943402974169,0.030831312967171697,-0.022593651759385412,-0.056996253131813182,-0.047100126250299267,0.054012398899518831,-0.0025595184073042296,0.012306674629186862,-0.011463333528007005,0.0090762090881942245,-0.038822358898942477,0.057642706449940184,0.019157926065804683,-0.11637862280779632,-0.048903413606964923,-0.08311496960224185,0.02063245134122926,-0.08064162969464489,-0.087805156718381058,0.069404181166802248,-0.0056341229120938693,-0.011532687470198847,-0.0043411670067614394,-0.026447516882923728,0.015457985103414507,-0.017492962571108762,0.019024841017229163,-0.081402680245107439,0.024550958899870429,-0.013316083699132866,-0.030667304703588392
0.0541535002347951,0.022021636099425198,-0.038883150578728168,0.012830091245155347,-0.04402537707589909,-0.0037972001667583564,-0.043240120229361016,-0.0035387814632734556,-0.056456048245169109,0.0062337287098023835,0.14051097960904274,0.0061808959298303434,-0.031446525163690162,0.088002526816198662,-0.024349687064332645,0.065237033607862149,-0.02332578843110001,-0.020129374901538748,-0.014432867221741771,0.019612691680978993,0.083455092903021721,0.041142776538224506,-0.051692608431837143,0.022912539970211074,-0.005631780238004958,-0.007985813630841174,-0.0037865751004291424,-0.030439016338831424,0.12441320754226468,0.054942811690916214,-0.052962380604556138,-0.02368318474422345,0.015804553410493201,-0.0013696254607791524,-0.10925908928270209,-0.021489083058972645,0.017587190354736645,0.054384882833521137,-0.016838689208308374,-0.042144209878194464,-0.027190351031178155,0.028686667251795233,-0.024849125140702043,-0.026213652840333689,0.028136130302104767,0.092799724632178227,0.10298859643978697,-0.0073767015988787264,0.066023216212078323,-0.093008752511638509,0.010291995463125784,-0.030570752999067124,-0.019029714678658268,-0.044242605303492319,0.048525573309652757,0.00077011164976920217,0.011095219704910066,-0.018051183375985956,-0.030602279325199103,0.062076887365208146,-0.080483024155361682,-0.052839030663929781,0.017094183410064998
-0.082861140580603454,0.058977451679356842,0.0073435220807600938,-0.013727602278014027,0.080493200735711354,0.058411020500663068,-0.023586507928612083,-0.027400847718929811,-0.0050552189134304461,0.075585576737534216,-0.021228678525991453,0.039796880359091721,0.051269899166864474,0.080603671515916298,0.065729843735440441,0.1098249057696004,0.058541890655973337,0.002459990532166661,-0.031146356832607559,-0.025057357767791708,0.015244178582716926,-0.0012137689991864587,-0.11325938255067426,0.044750367757349571,0.033161236292418406,-0.022957802570510066,0.053912648031520391,0.030890467103496307,-0.088667968511381909,-0.025387689698040443,-0.062661440894047737,-0.038232040512102348,0.0013779147692343659,-0.043561801753688213,0.060269048391157383,-0.017808137091428457,0.040250886095841529,0.021102825815853737,0.060336340096511502,-0.0045224483831993855,0.063464183678911185,0.070298301499469515,0.05335128631780562,0.039709620801229556,0.057107793686185494,0.020285034485293913,-0.058913654651547034,0.0016912903258716459,0.020632451341227986,0.0024810056048769776,-0.017113943816484581,0.018222196941041349,-0.0016713386251623989,0.037940884667650818,0.021776728470461096,0.11058250025848894,-0.088512218150671493,-0.008536760254209342,0.037948234146603657,-0.022107984523808036,-0.021426935104865819,0.0013438012011516803,0.06398059497447546
0.054153500234794545,0.026132051782127689,0.015678909476943809,-0.0076402564425298554,0.048496480814870915,-0.056985404259187966,-0.029283484793031708,-0.055405972594085084,0.020215627241109341,-0.052275384834804602,0.001895058206243181,0.00091897077913611735,0.033897489426427167,0.065753871486886883,-0.050498920501598203,-0.0033334135504600225,0.072821592276704164,-0.065991017590927556,0.051593107952053498,0.016803131196370138,-0.020706270538803712,0.091433537352660951,0.0035161836281077108,0.053999458088895849,-0.025059458126839605,0.089401679351945026,-0.063994767879199638,-0.048407483719898892,-0.051115942602318776,0.0070521732253582296,0.029880709500464474,0.028396801608286198,0.069947193630618132,0.00077785069234928843,0.050294762717803837,0.060536375557714142,-0.068583910813209734,0.084896891180200149,0.10228683204739651,0.042492418854749955,-0.048949085331430373,-0.096758224914075625,0.0059065923341664987,-0.046214719272623231,-0.035791376791950477,-0.056597498183193318,-0.021912613391527204,0.014068444344097399,0.066023216212077629,0.021116887060838259,-0.043842823103117851,-0.12498216909850271,0.019432023285497806,-0.012927440983251754,-0.057055331788306768,0.041038211608295669,0.02152715096891241,-0.023959235905972577,0.011203316011577215,-0.025766234134342585,0.020312214290430994,-0.047939334679016753,-0.034002909823714379
0.054153500234793983,0.07552452845899818,0.036341424133127603,-0.0011683547488802665,-0.028769516118621431,0.011622801652227883,-0.015380131752212428,0.036233655718592925,0.029193803697324865,0.0075627146801073436,-0.028077491932800274,-0.015336726666371387,0.065320688712741951,-0.033935239031334045,-0.0043847879513701782,-0.023401155735525776,-0.0017187436385149063,-0.065873158705794688,-0.10416185958769274,-0.064059639737503241,-0.077723679871579562,0.0083010945942874233,0.037775219431684832,0.058338408105139204,-0.013281106142781801,0.012814063478611647,-0.031970105797110016,-0.025592964829252742,-0.0021939342440398437,-0.022088936194163813,0.060072513284736138,-0.011717679070099532,-0.081550078040272936,0.10855049177156964,-0.040607978244462717,0.066155324831764506,0.091871381506800381,-0.037988079359310277,-0.01798566994994167,-0.10809910114756568,0.067238084711533586,0.012883124981072143,-0.031336634719178046,0.025054214980586006,-0.069665088339687029,0.058481478123411347,-0.044347743664973703,0.054358243287875543,0.066023216212079017,-0.080641629694644737,-0.087805156718380656,0.069404181166801207,-0.0056341229120934321,-0.011532687470198704,-0.0043411670067616684,-0.02644751688292379,0.015457985103414658,-0.017492962571108345,0.019024841017229309,-0.081402680245107176,0.024550958899870683,-0.013316083699133336,-0.030667304703588177
-0.082861140580603926,-0.043852882451726707,-0.055300968142015232,-0.0024097883140294781,0.058022271697239669,0.0010580877026106013,-0.031164611478266328,-0.071113948884301281,0.014873483541137314,0.015626159392643259,-0.023248771972110154,0.057433856766265834,0.019920350953411058,-0.15014808697952081,0.017838602222882156,-0.035854571049572299,-0.063214945995223509,-0.029092002521839445,0.044903889593374879,-0.047558190913806128,0.0047169206590007709,-0.10397624961571189,0.021674203251823055,-0.054776519171950352,0.077609522217982202,0.053750223831787486,-0.021236565843268204,-0.02584390373102162,0.042832218825046522,-0.093930973155133018,0.023911359361416321,0.025768645321194338,-0.074963651939221415,0.0031045844778699147,0.026784914355727701,-0.014085684393873777,0.027328501880090214,0.010804822135433004,0.037844835164689727,0.099520231036442697,-0.025611143639242027,-0.065606782139847164,0.037958439873999113,-0.023758177560801123,-0.0067461633482286971,0.054369860325479163,-0.046639093358709562,-0.017963451528381698,0.020632451341227976,-0.09300875251163912,0.010291995463125571,-0.030570752999066943,-0.019029714678658289,-0.044242605303491889,0.0485255733096535,0.00077011164976905602,0.011095219704909766,-0.018051183375986126,-0.030602279325198798,0.062076887365209131,-0.080483024155361321,-0.052839030663928636,0.01709418341006488
0.054153500234794878,-0.11238788816936998,0.043554659989593403,0.037797688312162354,-0.012903171075399501,0.072531813332747969,0.051704414805833813,0.022177837633899636,-0.019093691164126608,-0.034304969188607905,-0.073762794201478243,-0.15259759512003138,-0.051665877854170109,-0.001029013237233505,0.053339313725085873,-0.0058962868809810786,-0.051023234860374869,0.02080165337858738,0.010690870006211505,-0.054771156007269339,0.04677022915534252,-0.034448411208226691,0.039579700727411786,-0.01445635018348224,0.026445365680181038,-0.058215987394273576,-0.024151467057407817,-0.049367989233705729,-0.020212897565995012,-0.014159575748257472,0.045603075865623705,0.030062523507717823,0.073954080849351858,-0.033470565656293236,-0.017515981918386943,0.061511910571113652,-0.075326288416822137,-0.058127016738698044,-0.034378144080414244,-0.0029908841951625542,-0.019029119223558807,-0.048149281979996572,-0.099881951189279852,-0.019287634944460945,0.04763402285938572,0.02394002728448329,0.016309605227345342,-0.019020842670753754,0.066023216212077823,0.0024810056048766844,-0.017113943816484588,0.018222196941040672,-0.0016713386251625208,0.037940884667650665,0.021776728470463722,0.11058250025848927,-0.088512218150671507,-0.0085367602542089915,0.03794823414660331,-0.022107984523808057,-0.021426935104866169,0.0013438012011533584,0.06398059497447614
-0.082861140580603926,-0.083494953046890807,0.052271117870737557,0.040991647647383563,0.028890091235642998,-0.023726428706191946,0.04067464396919232,0.040731105224345011,-0.016635380724536544,0.076980193190680835,-0.0039660153867546238,-0.0088064069769248614,-0.037215471668128643,-0.044797361673436224,0.018776571669985736,-0.0032182224148051756,0.034479026923012357,0.1220456571190963,0.011221479157267795,0.064768270303086878,-0.085962706241939441,0.010362145358311264,-0.012600096589955272,-0.027445907100490639,-0.018881667526317366,0.079700536806613112,0.079698036900078456,0.063976514188629013,0.078469441074991847,-0.021527672441153941,0.056321455180831925,-0.049993012145439365,-0.038380895528792536,0.014438993275271775,-0.022929587953543364,0.015181396672475051,-0.056508813685762868,-0.012466757899929314,-0.080367787516183009,-0.052098314261643401,0.028662523813529479,0.059318737446840485,0.061515296873113391,0.010494883759594367,0.0022471576274803711,-0.028309164208230576,0.089117056439842676,0.058684458823679606,0.020632451341227397,0.021116887060838505,-0.043842823103118135,-0.12498216909850239,0.019432023285497865,-0.012927440983251525,-0.057055331788305706,0.041038211608295815,0.02152715096891256,-0.023959235905972282,0.011203316011577182,-0.025766234134341905,0.020312214290430852,-0.047939334679015844,-0.034002909823714435
0.054153500234794753,-0.039544178845168011,0.0058077816100382184,0.088553608162749695,0.006704473587788853,0.0045760736704716252,-0.070768843075807455,-0.020201167218340928,-0.034533856877928121,0.035140880865110913,0.037787122852280711,-0.051279350088210628,-0.017216094497082328,0.13468653769413186,0.015230595018567748,-0.090482774611248581,0.060732002510592804,0.045264101665653887,0.049209021099675884,0.023512967220940546,0.03160609579972213,-0.031307841469382335,0.028126160928227905,0.034879027740252248,-0.00098259313933905389,0.015175482650522288,-0.039763872167575834,-0.053358893889099659,0.058550945012623416,0.02562846795318835,-0.082854330963289952,-0.029250069572629829,0.03581034194927725,-0.092196782926555892,0.03861078690280384,0.034546148204771199,-0.061049880981305468,-0.010928636065912177,-0.032384563395213783,0.044006172131086901,-1.5349222005213141e-05,-0.078287520632497512,0.039270227521888988,-0.091721895918933025,0.031261990372666457,0.050640613304289289,-0.015369982098635293,-0.0566152783162647,0.066023216212079378,-0.080641629694644251,-0.087805156718380795,0.069404181166801762,-0.0056341229120938719,-0.01153268747019877,-0.0043411670067637891,-0.026447516882922944,0.015457985103414488,-0.017492962571108776,0.019024841017228906,-0.081402680245107023,0.024550958899871068,-0.013316083699135318,-0.030667304703588149
-0.082861140580603856,-0.01282153671677076,0.011316585133219892,0.0057545625636943234,0.027085127155837357,0.0036727914767535432,0.11040917402232056,-0.0083187580753151733,-0.027849247922136458,-0.024492670434866158,-0.087879052494846566,-0.027574036583686762,0.08634759237860308,0.059417405233645332,-0.039288398745474955,0.0019866772180983563,0.046940748341203889,0.088385189947833648,0.02195957410014867,0.094044433917029782,-0.071635642740869157,-0.014947428944002909,-0.014786103064081438,0.051527441601136884,-0.037857025375176476,-0.035871055763011243,0.094725429501908306,0.020514578344472283,-0.057271328689378606,0.10272733218697058,-0.021373945332773966,-0.043079434189727532,-0.057427273770502739,-0.026421342862807645,0.040844192332354957,-0.0019361209387058053,0.006730273259506897,-0.01323555884549945,-0.030184601352542719,-0.058962924537247739,-0.0079667624274073617,-0.0060755681499147698,-0.012087410326820452,0.089495077508888493,0.029155216258646366,-0.075613350887795958,-0.054002861530174709,-0.01488224458632907,0.020632451341228788,-0.093008752511638662,0.010291995463124891,-0.030570752999066881,-0.019029714678658584,-0.044242605303492007,0.048525573309650356,0.00077011164976868393,0.011095219704909932,-0.018051183375985866,-0.030602279325199093,0.062076887365208611,-0.080483024155361932,-0.052839030663930531,0.017094183410065241
0.05415350023479451,-0.021389685674181182,-0.10285263022582512,0.014153799991516185,-0.052064139641273689,-0.029353650951227866,-0.024452195862850388,-0.016077526744670004,-0.014381357164894134,0.0036251910226559447,-0.010222292559938026,0.061706485597632268,0.012885689563556782,-0.040871621270482904,-0.064932928129699211,-0.088586469314801755,0.027974394930811046,-0.075331432977361945,-0.023012304106460837,0.11057723448975967,-0.045592134377245387,0.036521066843108102,-0.044395917474116205,-0.035752754487563279,0.0081783902704040817,0.015490688336948005,0.015225666489206749,0.093268597854573712,0.10079405008996524,0.048818957418526959,0.034851426442572581,-0.056649840221484254,0.021637875427961976,0.072840687115125688,-0.062525814816543623,0.0072251793220743437,0.039347410955073325,-0.0020166389634210177,-0.076465757363982728,-0.048487041915614267,0.040718376556713148,0.031780331209564569,0.030445069564553714,-0.037142393013363272,-0.083969307551042635,0.0157496403295567,0.032503426480382173,0.034611422816400172,0.066023216212077143,0.0024810056048769308,-0.017113943816483942,0.018222196941040738,-0.0016713386251624839,0.037940884667650589,0.021776728470461915,0.11058250025848919,-0.088512218150671132,-0.0085367602542085353,0.037948234146603539,-0.022107984523808123,-0.021426935104866353,0.0013438012011522012,0.063980594974475627
-0.08286114058060319,-0.06070141625463104,-0.090878726578791966,-0.011511176255675656,-0.080561526746391915,0.09591241681459603,0.003920151114552268,-0.026711431282292624,0.082354381439201249,-0.061784949423160519,-0.0509814371072011,-0.0336565543307219,0.036098383907756479,-0.0076710136076285134,0.030941397015018111,-0.029003599120519415,-0.083723415418835156,-0.011333486914683492,-0.042080614853467022,-0.018327382948840901,0.0019721369140220388,-0.079573493284378655,0.042567525256254735,0.019487225441959726,0.03422605599348192,-0.095354222560226284,-0.022298613825072859,-0.025872292315208323,0.042148317358696383,-0.049001219604523839,-0.045219856192064672,0.026492343781823476,0.063209365594823791,-0.022399859401775749,-0.016046051745049139,-0.135906819555038,0.039772117580322612,-0.013578402887107984,0.013111262406122979,0.057406744704799499,0.037651279748764394,-0.01041821188410849,-0.079602327622431288,0.007750266301742437,-0.02632231594118439,-0.0011942360023953216,0.0035632839689644677,-0.024281483743589894,0.020632451341227195,0.021116887060837843,-0.043842823103118871,-0.124982169098503,0.019432023285498125,-0.012927440983251959,-0.057055331788303021,0.041038211608295398,0.021527150968912102,-0.023959235905972692,0.011203316011577393,-0.025766234134342238,0.020312214290431042,-0.047939334679014255,-0.034002909823714352
-0.08286114058060387,0.0017688031024645494,0.085309836365495495,0.01408003074703228,-0.046003847772484077,-0.017133447231928917,-0.075174870034328448,0.023915998791850687,0.01152356470985226,-0.012715979605412183,-0.0044312395285509218,-0.011152751331276937,-0.013019661383197564,0.042046448496012447,0.0081759393088937319,-0.040004704153971476,0.05543334319427138,0.02233521145017512,-0.024767463402579189,-0.038050165213455257,-0.0087369419268817552,-0.021253194075963731,0.013448958603530426,0.066315634983423813,0.039611618830904319,-0.10774477815422533,-0.063442502373747656,0.055674073720184285,-0.010537169469475832,-0.02982838546687706,0.067127548216093361,0.040279674952574465,0.033837998128817971,-0.029986774916321225,-0.02676287079569091,0.014446460431088201,0.12264799602562182,0.0095839855405558689,4.4673559999935174e-05,0.039160165995364496,0.060331620772747931,-0.02306736641316225,-0.042079956259880993,0.088427533616765489,-0.15570436604160842,0.018140181910775946,0.058704840071950211,0.0068044019601769395,0.020632451341227275,0.0024810056048760734,-0.017113943816484331,0.018222196941040571,-0.0016713386251624039,0.037940884667650103,0.021776728470461023,0.1105825002584888,-0.088512218150671548,-0.0085367602542088597,0.037948234146603796,-0.022107984523808254,-0.021426935104866419,0.0013438012011516261,0.063980594974475391
0.054153500234794621,-0.011588175201491437,-0.016859883111916892,0.042041049863841211,-0.029340108169427625,0.020593414795353013,0.13319185277937873,0.016829405048422324,-0.058180178467941567,-0.012566303205447502,0.029718366138757581,-0.031551721855152773,-0.01310172465145111,-0.10043326885192774,-0.0048261006422877836,0.033058044822378112,0.020249868344742461,0.066716050827404866,0.026347988231832164,0.0064843251485079932,-0.075795379373470653,0.033559822267283483,-0.01506292886541255,0.039197489299584005,0.035026917447642768,-0.022220508691435284,0.012716319664815644,0.068232661780428763,0.018732524942369145,-0.0024670343669209878,-0.0014014639986252668,-0.0070284459929665817,0.041325842887456721,-0.031645487925540748,0.095388801050235297,0.022477236212037559,-0.010556942746928125,0.047902319158735183,0.014621047820092646,-0.0038271737574289955,-0.080101680895600963,0.013877514576969884,-0.15804907605413895,0.056011232334333673,0.009505262417185795,0.018151059806979453,-0.073541077259996382,-0.06943525915206239,0.066023216212077643,0.021116887060838307,-0.043842823103118336,-0.12498216909850296,0.019432023285497674,-0.012927440983251954,-0.057055331788305692,0.041038211608295662,0.021527150968912067,-0.023959235905972761,0.011203316011576899,-0.02576623413434229,0.020312214290431101,-0.047939334679015955,-0.03400290982371406
0.054153500234794774,0.018144860350520702,0.029129726957005796,-0.15633321733455049,-0.037090394038841068,0.068242887513106282,-0.060212225973048282,0.00097981407282977549,-0.050862442352099378,0.032397889503619916,0.036897649089282114,-0.017438758712470869,-3.4429846409114389e-07,0.013185707896460357,-0.051662077276717011,-0.031200255339443102,0.0051751641219140408,-0.048574170970905849,0.076172551798723787,-0.016920720841336771,0.097165437392727705,0.016230731920605559,-0.042299501407926661,-0.015354935829588483,0.0600088292699055,0.05888492452484017,0.025092964136638668,0.044941933275664675,0.039169753213628644,0.072503462916602063,0.026661906940856895,-0.022185968257024149,-0.033206918196454986,-0.028445582335468442,-0.034746549171112612,-0.10132006564335169,0.022107369560953841,-0.014413177077878009,-0.1065638330471657,-0.036749127126735372,-0.035792114206085156,0.016795733248209661,-0.025471825405355877,-0.028093434910681961,-0.039392746385404194,-0.032229555345750005,-0.061745217453966758,0.035884755205077605,0.066023216212079253,-0.080641629694644945,-0.087805156718380836,0.069404181166801651,-0.00563412291209374,-0.011532687470198933,-0.0043411670067621169,-0.02644751688292335,0.01545798510341468,-0.017492962571108172,0.01902484101722916,-0.081402680245107287,0.024550958899871012,-0.013316083699133742,-0.030667304703588409
-0.082861140580603093,0.0093542104325175686,0.074900405036271087,0.072913680822658991,0.038324509872399021,0.090582325690805196,-0.022446115449026853,-0.028968037869716662,0.027241014668587835,0.009817242506009868,0.051623889518327609,0.073790323269673622,0.0041289095604309881,0.028934321371647153,0.065156120548917756,0.014645167508986858,-0.040256252441310064,-0.01815835658571921,-0.020951838902679869,0.050364061049867764,-0.0073721412556243338,0.013726535516252719,0.017249160901100929,0.01218425441516933,-0.026692027320049019,0.0093802947532766329,0.041399656203145389,0.040065005523030925,0.022236196462826738,-0.033867541613125877,0.11463398005839329,-0.035759689762073069,0.06857071439549825,-0.025384155851529009,0.059072534410235647,-0.03100369587551377,0.016868632432631987,-0.025763548384138593,0.013286917572254918,-0.038047788678030083,-0.096267715078483571,0.042227783552563916,0.063217387034941869,0.018200944994937386,0.11388656445546803,0.035849161565985783,0.0059441021755931162,0.12515726696294452,0.02063245134122824,-0.093008752511638884,0.010291995463125207,-0.030570752999066697,-0.019029714678658299,-0.044242605303491965,0.048525573309653229,0.00077011164976880568,0.011095219704909962,-0.018051183375985672,-0.030602279325198531,0.062076887365209034,-0.080483024155361196,-0.052839030663928893,0.01709418341006548
-0.082861140580603287,0.0038819541869459431,0.035694375333197269,-0.0063099593658093806,-0.0040664740474019448,0.052724102554216813,-0.0104862118546172,0.04615002286535607,-0.0086508664790961483,0.031701497734516075,0.058743351225177459,0.044927709985307977,0.014777816591030732,0.0026232843840741592,0.030400289796848914,-0.056565149251212248,-0.019096347669169414,0.030866391011310487,0.005521757309676017,-0.008401186559231057,-0.064064446644383044,0.040180209910804385,-0.0076526975367216558,0.0047932757399503246,-0.08871003035978009,0.010217964258787923,0.049259623117312738,-0.0037135246854199545,0.088766572253049889,-0.037842698048534455,-0.097924773032929152,-0.016861853205403631,0.053391006526867485,-0.024733119269999066,-0.11702030272988684,0.040296494100851628,-0.11235698719781867,0.0077084267232980976,0.014706431831775238,-0.068606613665158134,-0.016053234002721392,-0.019393761458052727,0.020065086589334435,-0.10026453971573385,0.10269458105144953,0.073997384212163439,-0.035858830459808561,0.030442206970088179,0.020632451341228073,0.0024810056048771697,-0.017113943816484636,0.018222196941041564,-0.00167133862516216,0.037940884667650693,0.02177672847046315,0.11058250025848908,-0.088512218150671368,-0.0085367602542090089,0.03794823414660356,-0.0221079845238079,-0.021426935104865683,0.0013438012011530256,0.063980594974475696
0.054153500234794399,-0.0020756938906257147,-0.015335875281752471,-0.020148070534343188,0.086679630404719391,0.03472505478201858,-0.098618570714547965,0.039121979575199528,0.015440545335951872,-0.0010760268588611128,-0.070242438511828598,0.015681075846026502,0.016149312753540299,-0.083474737888840883,-0.087186510710550544,-0.032178169195698769,0.017381381760160537,-0.0068148413661097331,0.015878804293225857,0.065068878774998354,0.031361119068889484,-0.035887537392141892,-0.062531935635979391,-0.13183269461335662,0.043277711192906229,-0.041714002876793707,0.091245278253861459,-0.034962580643279381,-0.014468164472419508,0.025176251834379739,0.0058371425046665759,0.034671662391269301,-0.025716560506490488,-0.010052507634195731,-0.061821556508556912,-0.069559973543038764,0.0068587903764166522,-0.023331617147122962,0.041208364589638953,0.031916965459355628,-0.0020925341383504219,-0.07021383355129994,0.055538279232138076,-0.040824977126423592,-0.050140804077256691,-0.017454530133863149,0.02236247081912647,0.092268681723453927,0.066023216212077462,0.021116887060838255,-0.043842823103118218,-0.12498216909850271,0.019432023285498118,-0.012927440983251628,-0.057055331788305533,0.041038211608295884,0.021527150968912206,-0.023959235905972331,0.011203316011577293,-0.025766234134342082,0.020312214290431011,-0.047939334679015622,-0.034002909823714234
0.054153500234795239,-0.019104409770671817,0.031107691213539092,0.064103027637797988,0.043294412912474003,0.024011027836722407,0.035927565610140835,0.054307062478028717,0.038983663165363176,0.00028120429188482633,0.029626591510019878,0.032637889991893321,-0.030827430666919509,0.024606088132637489,-0.048709846930966708,0.05982486540895076,-0.096371916639549485,-0.06765831303211077,-0.045156947349852615,0.035271808713808403,-0.049272869012091609,-0.011184646611304451,0.0052655301031180601,0.013580467862667802,0.033358501678820117,-0.035261282040984311,-0.022450398200489729,0.027787433023977758,-0.032326574911705458,-0.028821832044969669,0.021371414772990073,0.019746260973249621,0.10079888663821321,0.072559258130240639,0.14818584214151864,0.066496893070633223,-0.10677481925086613,-0.010435235092058516,0.011247533835139111,-0.01316813668334592,-0.043679486373393681,-0.09153399196230709,-0.0050578418397371344,0.061278770478858942,0.014545613266913634,0.024740984574661739,0.043263836779600308,0.0064900544373565532,0.066023216212078795,-0.080641629694644487,-0.087805156718380364,0.069404181166801346,-0.0056341229120939569,-0.011532687470198838,-0.0043411670067594887,-0.026447516882923232,0.015457985103414444,-0.017492962571108613,0.019024841017229455,-0.081402680245106718,0.024550958899870898,-0.013316083699132286,-0.030667304703588232
-0.082861140580603523,-0.010683638790328846,-0.001371749507679842,-0.19782234173842805,-0.040238994230547095,-0.013227449183486652,-0.043098912921953079,-0.050728490058537933,0.05195696680783557,0.046535552504939952,0.041769965941676715,-0.029995963061387201,-0.040589424565622999,0.02475451516449605,-0.0056092262066675044,0.0033809216132980398,-0.0053471516618769062,0.0057610659428066254,0.021895994040003124,-0.065576737022444251,-0.039148750801078679,-0.067813793039012221,0.035974040711463547,0.020884607788262909,0.015890422832514788,-0.046178244392065762,0.0099903284100177434,0.027552782392937583,0.0056932500573525892,0.032839526835982555,-0.11145963861487368,0.0025580247752928667,-0.0029704938854391385,0.02597911426079709,0.020471985325979183,-0.0057821120052985592,0.0006635486322546368,-0.018443914455797423,-0.027931714775798717,-0.0085011181861079019,-0.057050497079338673,-0.027601324178834302,-0.053085376315541305,0.0081088959760364145,-0.11770497280430087,-0.066685609727959561,0.079935664205795329,-0.033099683789329037,0.020632451341228087,-0.093008752511639384,0.01029199546312567,-0.03057075299906719,-0.019029714678658289,-0.044242605303492472,0.04852557330965164,0.00077011164976856976,0.011095219704909912,-0.018051183375985942,-0.030602279325198867,0.062076887365208389,-0.080483024155361765,-0.052839030663929976,0.017094183410064717
0.014353820172904888,-0.067899206845268012,-0.11894930399298524,0.064163211486097202,-0.038391596535380892,-0.031335902300515577,-0.002413323063837259,-0.034345642684884027,-0.092106390806058203,0.089736901137102018,-0.045014605235564178,-0.062135846909427007,0.060410941834939211,-0.054859627426852083,0.054511334094472903,0.019683313325825149,-0.042705531541606299,-0.026683827440210386,0.084917969435303456,-0.038414166059598763,-0.020566676957484813,0.0032862239750063192,0.051267973542007343,-0.043020990857004171,-0.0263606771142572,0.013968039494117001,0.018030328641118122,-0.036864256686287539,-0.073106228126495226,-0.092098036577504871,-0.001095729987891465,0.06972076663901032,0.062014197888881829,0.017347494403254678,-0.023182261190513934,-0.051381950603808874,0.035500607301240328,0.051091853417473389,-0.048415242100999706,0.027235296260073951,-0.046927582981594836,0.018627386450500379,-0.091474617457165452,0.041464166472786633,0.023803448242731427,0.026743529590002868,-0.020973833408895262,0.0020757035774975905,-0.043327833776652371,0.043011936214325391,-0.096898015257268308,-0.010432601765712094,0.011196198636505087,-0.058349105905014145,0.043192043521112368,0.0071038057082274189,-0.029278050451097156,0.086895344752633261,-0.020965680663307253,-0.0073810994511949238,-0.054825831299544443,0.00079467586421566854,-0.0215415158792031
0.014353820172904371,0.025581337087240689,-0.066131797972259918,-0.033890597343977293,0.035460828463168302,0.058968301277574908,0.0040185333664560846,-0.040288443941029692,0.054557717289530572,0.00017295653883001445,-0.02998859579413956,-0.077569874895170227,-0.040621180328274539,0.023196930948782789,0.13121745049915648,0.04382102344359156,0.010790942569268581,0.031831716257846823,-0.020302659729076526,0.013722840346600757,-0.039008433847932247,-0.044322339072932884,-0.063233816072209334,0.019117491472008939,-0.073872982073636018,-0.041660542151768287,0.0066127553958645726,0.094734116516711764,-0.067061049496337441,0.099899943792944146,-0.061902959144833673,-0.039031458548916639,-0.09789176175815488,0.066101608562086883,-0.011113058913745604,0.021364479169634441,-0.011603211239779017,0.09628638793573048,0.014208573652196627,0.066361563841365892,-0.046265539073102796,-0.024599087594192878,0.022894524999759292,0.002160048212593078,-0.01188481257135859,-0.050865861515843588,0.0024951396076886541,0.032453151143976774,-0.043327833776652426,-0.055801906232540679,0.049068969144101887,0.04287233680284766,0.049363291427595428,-0.080394411491775203,-0.012627452461889127,0.00973805928406421,0.0013278906759522774,0.047385003147148719,0.089934257247385185,0.015451542008105472,0.010749645910331573,0.02682435053501064,0.03526487452006196
0.054153500234795149,-0.042847599937122567,0.036177032550662916,0.066182173728432533,-0.011217482401476558,-0.024474177373362733,-0.095149741606478461,0.055507892922595552,0.087920666413511636,0.011352481752561424,-0.033429788684662495,0.017104348645870158,-0.077339361503979992,-0.014442545286873399,-0.060521061243915208,-0.032116892054455982,0.10544041455615967,0.017175251628547741,-0.01486656121149404,0.045850074058205834,0.056488115602369764,0.0076791771726649463,-0.021678611899406796,0.029885323478932715,0.0017928442328552033,0.0685570372904723,0.017444740991387032,0.012735698078155097,-0.06742836158307039,-0.031259352192606782,-0.10817610359710289,0.03005804930233795,0.081531393980928915,0.073475061681071499,0.017315303657722537,-0.044065660860890879,-0.0060946482741945501,-0.037477710020028296,0.034903658617702546,-0.0083800199172501359,0.0062737632349905061,-0.12398357336495106,0.026535009042417075,0.044338681166142743,0.042157701619647159,-2.6491752628701902e-05,-0.022660190870654753,-0.014709759018816135,0.066023216212077601,0.049806538590943097,0.019205765628873446,0.066409569781100825,-0.026428797738543768,-0.067272857522856166,-0.043145570728773001,0.010247909723187369,0.059825595996391943,0.040219610470175346,-0.050506750996894549,0.044310993677771797,0.042726178335671619,-0.049958747698456339,-0.026147399593702846
0.05415350023479415,0.083850216213553472,0.011907824920971182,-0.01082148290937668,0.057362848703764978,-0.04863466372075833,0.095301359973163954,-0.01877106644020806,-0.026208118185820826,-0.013392435917435525,-0.0052485769679386229,0.060697978601118419,-0.0080966995017229086,0.026043781650687357,0.00074353467295408364,-0.04443835472256559,-0.028970311340414164,0.052351703777854364,0.090587936859338525,0.055466064321099171,0.0076301258926760561,0.030154527724842183,-0.046049122032343667,0.10338389164456911,0.089666758797312507,-0.10487612520893888,0.039591163012422069,-0.026211930031971743,-0.045724348901090069,-0.094814717386527275,-0.060353892297211026,-0.06003526461298965,-0.058371374976160052,0.0097903067121456935,0.035978855416674851,-0.0027069464548454109,-0.00085525871066825907,-0.064935951171252226,-0.0063450398027714641,0.0089901026733480525,0.027039009368902679,0.084237593221160839,-0.03974157651298757,0.0026552349274465916,0.012904585256874389,-0.0062923631531521607,-0.055090509547465014,-0.0075035984224689463,0.06602321621207953,-0.080641629694644182,-0.087805156718380836,0.069404181166801762,-0.0056341229120937869,-0.011532687470198803,-0.0043411670067615713,-0.026447516882923312,0.015457985103414425,-0.017492962571108238,0.019024841017229215,-0.081402680245106634,0.024550958899871161,-0.013316083699133093,-0.030667304703588347
0.014353820172904253,-0.011883124536000739,0.095343915161331075,-0.079451007423603767,-0.046375217720886174,0.027524884796488978,-0.01904591971330925,0.11322166497337524,-0.011811135498758363,-0.031935080666595977,0.11216755751642873,-0.030373508703534023,0.12874577785776456,-0.024068950116103712,0.0064156233394767363,-0.023174026017303478,0.029333738881215588,-0.042310311422521986,0.027425140359859618,0.040349052704687936,0.063894042667965639,-0.037043499018368786,0.0058827610207453631,0.0090871519323332973,-0.056939319389201083,-0.013014425886882001,-0.11257502423242757,0.012460042245563739,-0.021512954812597827,-0.044769878966980765,0.040879105654163909,0.018688325450032333,-0.10358982361015923,-0.011617209884192648,-0.0088920183637988051,0.0089338582292792391,0.040636930102754439,0.0070890290159924931,-0.060374557288117532,-0.0091898934518566469,-0.015411041200637224,-0.009036365577574779,0.042338383358161806,0.097620392295349148,-0.011676661926012267,0.022723845485664217,-0.026018397363196805,-0.01456929493040744,-0.043327833776653654,0.016985484551746755,0.038919941815496434,0.008945460907074862,0.050160599089696611,0.032254388032622427,0.03628691805272969,0.058396126260143011,0.071495953261095702,0.029274285635976272,-0.041213051091665391,-0.10217506343223069,0.026673311472865162,-0.0093086905372448386,0.009750181679033491
0.014353820172903911,-0.05694631149061425,-0.036621445628110851,0.028837954181431768,0.061585536932933047,-0.025922059572205919,0.035497185873266085,0.020942806932277559,0.13413916334395987,-0.08391664410808912,-0.00052476835014977853,-0.0069774335260967485,-0.07172694270640402,-0.050059480461048467,0.027002095636240425,-0.088202873042582869,0.072240543905484234,-0.006396121280448936,-0.061489323128291383,0.049171358962096921,-0.0084515285541262586,0.04054892959949833,-0.090296091244274262,-0.034411103812213316,-0.0077511060744483995,0.0092806462078822531,0.1012664507254063,0.0055896110227514392,-0.029733708110904974,0.091564425266687746,0.028620038281039147,-0.043753672816536596,-0.06012097946465219,-0.0088802562855623598,-0.047307399974235449,-0.025766723982870998,-0.00084870806462801712,-0.0038480353607198798,-0.031121992616918864,-0.029115412858805974,0.011822058164589946,-0.042824416852382502,0.061743079934388954,0.049053408997537476,0.0049395756132974691,-0.031913812394275785,0.047425036558865777,-0.085559094806577696,-0.043327833776652738,0.043011936214325461,-0.096898015257268211,-0.01043260176571157,0.011196198636504706,-0.058349105905013708,0.04319204352110903,0.0071038057082278578,-0.029278050451096532,0.086895344752633413,-0.020965680663307961,-0.0073810994511950495,-0.054825831299545089,0.000794675864213989,-0.02154151587920301
0.014353820172903724,0.03957593037674801,-0.003274120333527608,0.034488737973564366,-0.026416463587277221,-0.097520627142595948,-0.073557695424203304,-0.1088465713682725,-0.02038320260863858,-0.020365607735578627,0.023889801126114576,0.030938174414094726,0.029490799482953838,-0.011010087002855046,0.02030523965511228,-0.093301351794928142,-0.04607103203788785,0.0096795141447345179,0.06679717705211291,0.013337090489413801,-0.019312203438893637,0.0039009234151067642,0.045567766370416637,-0.050835801326564171,0.059743573113683793,0.012096554840961733,0.044021853620102969,-0.02161840299057001,-0.017241299594881077,-0.10061276762123242,0.070335225996849354,0.035842522898698027,-0.048566479314344393,-0.014056145340857322,0.03825727990597156,-0.049760682774715827,0.001223370451459458,-0.060993310456333875,0.093738046425499641,-0.047789076439171969,-0.059502488483142942,0.076680133932262404,-0.043331871027908059,0.035057008039929005,0.098952937038927685,-0.021590740078553786,0.055723412304132081,-0.021087150247423206,-0.04332783377665228,-0.055801906232540825,0.049068969144101734,0.042872336802847764,0.049363291427595421,-0.080394411491774939,-0.012627452461887919,0.0097380592840640833,0.0013278906759525704,0.047385003147148982,0.089934257247385088,0.015451542008106625,0.010749645910332518,0.02682435053501123,0.035264874520061829
0.054153500234794157,-0.00026087672394971539,-0.0076736175654588913,-0.006056864237372772,0.020835397919464205,0.064377146927270146,0.007506265183976478,0.073518086245811062,-0.049758338724951251,0.028041976322611104,0.092332151866374126,0.015212738758440472,0.061716802419024316,-0.0031902316331994017,0.054980363905533673,0.032529888790756412,-0.021484025342809802,-0.034452500348223614,0.045251014274254847,-0.064065204473484086,-0.0017405081195905148,0.056182347040569146,0.0027740919871051431,-0.035592616554787793,-0.068533863791911856,0.0068934783044970653,0.060870101096102011,-0.03923216091110418,0.02075474845379682,0.028257873911190948,0.05848260790193878,0.065452472151479618,-0.064988363272657432,-0.030135525369053541,0.045629015026872076,-0.024342031986220109,0.061360403635905648,0.10938885626542197,-0.051390095666627215,-0.077704069594013367,0.047980272427342548,0.021464271999331652,-0.10807971830157691,-0.015455179104424616,-0.063762983937425702,0.068688899957792413,-0.013605359390671711,-0.052080699969773971,0.066023216212077573,0.049806538590942702,0.019205765628873078,0.066409569781100644,-0.026428797738543557,-0.06727285752285686,-0.043145570728769761,0.010247909723187372,0.05982559599639211,0.040219610470175519,-0.05050675099689441,0.044310993677771839,0.04272617833567164,-0.049958747698453966,-0.026147399593703095
0.054153500234794538,0.024792758505660584,-0.035824729745373804,-0.029252051836764235,0.0040799117496493533,0.024074477135096979,0.012781397489736524,0.037118289446708065,-0.0083510409772040283,0.059819770144400403,0.0023741683461621921,-0.040912105772200842,0.093630745637925047,-0.041120690081296547,-0.035326152116306068,-0.0026544266628153695,-0.00038754850579731352,-0.0040586528016913516,-0.037621360802461937,-0.022156733816361299,0.012712431794307144,-0.09712271664874135,0.012203026887295285,0.0095297766776846014,-0.036647006746770752,0.051481877142278712,-0.062402854832760937,0.044282085922270654,0.022741054354834894,0.045983897260535783,0.069971948716412727,0.048131425354377748,-0.080172608197348671,-0.047798578648727885,-0.040603659763262787,0.0082070701540044779,-0.063977906108815125,0.05919565250284118,0.14556647269005807,0.099017682306693985,-0.042732022868512007,-0.056274063064492563,0.094319815609606214,0.019030075072809859,-0.0014765212649264817,-0.04097843344639461,0.014974326215121033,0.035127098627689868,0.06602321621207885,-0.080641629694644515,-0.087805156718380101,0.069404181166802137,-0.0056341229120935475,-0.011532687470198371,-0.0043411670067619729,-0.026447516882923384,0.015457985103414345,-0.017492962571108887,0.01902484101722933,-0.08140268024510737,0.024550958899870735,-0.013316083699133376,-0.030667304703588614
0.014353820172904909,0.014518137685014504,0.035634306661105362,0.041259527585647521,0.027460683981125729,-0.065840521420107559,0.032677400089445856,0.038037797834315962,0.054208515704567271,0.08593007736150346,-0.054037166021547081,0.07912331034173628,-0.023912555147282553,0.1163473574937709,-0.013085600099963851,-0.030547713857441049,-0.054965404364608651,-0.042799049802944612,0.095768705338025839,-0.064781219133204559,-0.015181698105941509,-0.046471127347015764,-0.069829504619435573,0.096243049540267661,0.046533307036307044,0.015885458753495802,0.050765403724973776,-0.010285744867964961,0.002459697483856613,-0.017308585907542688,-0.048775686289792078,-0.043137027271032385,0.085860637829878975,0.029077415386912591,0.011762567165258909,-0.0099929741684609968,-0.056685392526737724,0.061950282732727832,0.064584898280780526,-0.050744435634234038,0.029009354605986172,-0.059800090800809495,0.038506430869657021,-0.05271814629019568,-0.0044741157465573583,0.024991442999763157,-0.052887293009967647,-0.026960114817096627,-0.04332783377665371,0.016985484551747702,0.038919941815496038,0.0089454609070753876,0.050160599089696341,0.032254388032622351,0.036286918052731973,0.05839612626014383,0.071495953261095563,0.029274285635975946,-0.041213051091665336,-0.10217506343223069,0.026673311472865155,-0.0093086905372441377,0.0097501816790337426
0.014353820172904062,0.019348976419117689,-0.019126175761687195,0.0022634585628818153,-0.013768905773461038,-0.12421309909529613,0.061000436423769226,0.11445262965199585,0.005989690240144098,0.083363618791308297,-0.022362927509726582,0.063209358968764451,0.040402508613045847,-0.056220495262156542,0.11064997167710186,-0.046472382856405953,-0.0062260895798553822,-0.02751643897626142,-0.00094733574721591327,-0.010785888197008663,-0.059461591516118739,0.043469935708056053,-0.03451778693048612,0.060396481880273092,-0.0019003155212197378,-0.0012122559864046621,-0.040813497964575368,-0.029918632949401568,0.023781268553944308,-0.0038089586482285046,6.9703891656915126e-05,-0.09172058739135204,0.018464223210062452,0.045197781250163577,-0.055961674318990524,-0.012661498950257543,-0.056638326396138243,-0.090558290631346183,-0.025500065550139277,0.0012584365682222918,0.071445726057564385,0.020223065555234274,-0.025030538191492032,-0.087231460458433149,-0.014566993774707708,-0.037932661000908023,0.0020559567251726809,0.07253505448149819,-0.043327833776652724,0.043011936214325398,-0.096898015257268266,-0.010432601765712072,0.011196198636505091,-0.05834910590501375,0.043192043521111445,0.00710380570822783,-0.029278050451096476,0.086895344752633788,-0.02096568066330726,-0.0073810994511949524,-0.054825831299544638,0.00079467586421554809,-0.021541515879202854
0.014353820172905155,0.044595019031559782,0.11780701398302432,-0.001459515857029522,-0.09668296559530222,0.08242870773778728,-0.040135068157576233,0.0036659296848946211,0.022298602898567055,-0.095270642645468154,0.13776707547832845,0.034847643119901052,0.023343086638157037,-0.027771808649554808,0.022037733313237828,0.050221430079348761,-0.068989361481243072,0.023209086283136469,0.11099306973495296,0.0069112292699708621,-0.020145696284093812,0.020720575943242149,-0.070441316902942877,-0.02429957087143203,-0.057034459381288261,0.030513577207902504,0.032234261965066062,-0.047021331847711019,0.04732546123553158,0.039722085841311768,0.016267062887233914,0.012570066882716247,0.019012770743332949,0.020714814934700079,-0.039154498364674162,-0.031712965835366598,0.026227065731872432,0.051148715886256906,-0.041164358993753918,0.043339413133393047,0.025397400272228605,-0.013327535243302553,-0.017750694135931677,-0.0013895566894974224,0.070313123995054364,-0.043353012637877636,-0.025496201754232173,0.052208885286246502,-0.043327833776652204,-0.055801906232540804,0.049068969144101506,0.04287233680284766,0.04936329142759522,-0.080394411491775647,-0.012627452461887151,0.0097380592840641544,0.0013278906759521814,0.047385003147148989,0.089934257247385227,0.01545154200810616,0.01074964591033248,0.02682435053501217,0.03526487452006196
0.054153500234794219,-0.04203735165495516,0.047230108194330774,0.048014083445824952,0.075601845127110878,0.10352032327843833,-0.020789990116785523,0.060145362554385587,-0.01506239638919572,0.065793311549904962,-0.045064746588620884,0.050496822258722582,-0.070751144276588129,0.026723256902946271,0.014188314976252472,0.0012050122971746487,-0.094528450286947063,0.065551927806947186,-0.043675588603610128,0.035777377473675216,-0.040356322643075884,0.02917576960385641,0.034533785538196367,-0.060951667650573575,-0.043563635248901639,-0.030041806588457221,-0.051090336044996021,0.083702819573072212,-0.025165087465252669,0.0089001832067586387,-0.012655986544894669,0.06580106086637029,-0.037527179472620201,0.010280996809351054,0.018025630284327396,-0.043233137853084656,-0.03728790578953449,0.031868009345912558,0.050861676489949326,0.021567123273882504,-0.043217974667258158,0.070051667435473391,0.072244856741005239,0.00023897481786183241,-0.058334917411966655,-0.042189424232438912,0.055051705127714394,0.084538292808577192,0.066023216212077115,0.049806538590943292,0.019205765628873779,0.066409569781101449,-0.026428797738543557,-0.06727285752285643,-0.043145570728768047,0.010247909723186899,0.05982559599639202,0.040219610470175998,-0.0505067509968938,0.04431099367777204,0.042726178335671529,-0.049958747698452682,-0.026147399593703199
0.01435382017290502,-0.023358478873751077,0.0011288960300872941,0.037006156619838818,-0.066893903778914438,0.067053934214793776,0.043869081662429733,-0.010033967823767554,-0.031076646148768945,-0.015184554842164971,0.043145099787874605,-0.16760235901630874,-0.0026699777765954091,0.034796455648556185,-0.077324162361910503,-0.051277159623205941,0.015919608734851855,-0.0071421183633473447,-0.018870038585946349,0.0095209697188153482,0.08302427933525891,-0.062883527586113666,0.013685365051494962,0.062853557211332484,-0.013603531364486733,-0.069599159969303145,-0.023496513275116284,-0.054112835748939783,0.015376745668003084,-0.056367905490110684,0.04038337751973612,-0.021135981000223139,0.020030894824030667,-0.045570672495213418,-0.051336319828303133,-0.016426978925473588,-0.0010019416226699595,0.062854586735831927,0.039606871801611855,0.040611379863487465,0.027043230475158928,0.039594785427256272,0.10577746569635178,0.039545385257715143,-0.020229504917263198,0.059043828628167531,0.075725682397066688,-0.064352189919398659,-0.043327833776652655,0.043011936214325475,-0.0968980152572676,-0.010432601765712292,0.011196198636505027,-0.058349105905013833,0.04319204352111064,0.0071038057082274094,-0.029278050451097194,0.086895344752633566,-0.020965680663307482,-0.0073810994511950149,-0.05482583129954486,0.00079467586421442951,-0.021541515879203468
0.014353820172904397,-0.028744243836455768,0.079071703074406571,-0.067070249373552951,0.0091729931269155015,-0.075918327799324961,-0.08004334900098399,0.031810026360859937,-0.048490223641930133,0.019003618407089924,-0.081205378828035898,0.036215927313895092,-0.052158595393357647,0.03279888420308523,0.0084179926828435291,0.053781281830343843,0.011088529010283125,0.0039358667144597263,-0.068714245665409748,-0.040152821714465554,-0.026646323967982648,-0.010383587858432561,5.1780384918609423e-06,-0.042555770058945772,0.029936446704977793,-0.05183947081892027,-0.028364715656559077,0.11803396268782286,-0.037897409366459654,-0.0547805145092322,-0.055215650902884925,-0.026350930291621548,0.055196460832388411,0.0082652973073516732,0.078519689540818088,-0.088378066879352665,-0.051925213987791194,0.063958534328821606,0.067266126251259759,-0.073719205650126365,0.029450179979510705,-0.028238447174537322,0.023333105676336778,0.040905439612958325,-0.046531724250103518,0.037149648583875247,0.044025158026394305,-0.0630390348418393,-0.043327833776652683,-0.055801906232541255,0.049068969144101804,0.042872336802847209,0.049363291427595088,-0.080394411491775217,-0.012627452461889104,0.0097380592840638578,0.0013278906759525387,0.047385003147149031,0.089934257247385102,0.015451542008106263,0.010749645910331783,0.026824350535009627,0.035264874520061586
0.054153500234794975,0.067167878695778893,-0.047772958986393173,-0.10122153623264339,-0.070275109485148285,-0.0034662360545575166,-0.010646537966823116,-0.052764420474445947,0.084284958230459492,-0.063483286462340471,0.077588537661698237,0.001359269127512867,0.01116762848395463,0.017886180744856171,-0.010928976527197983,0.05109782109320618,0.022506880443941332,0.068818663287243328,0.018736939603926014,-0.0012484841397226926,0.020064345264870682,-0.027018036016051451,-0.024468130325696433,0.045905692793503615,0.08767912580950861,0.013926120655115025,0.076499214880714247,0.061832352275538564,0.098080646995070672,-0.076879390271926265,-0.0096148534871719621,0.028961788771509893,0.017707474040773333,-0.032560485242449769,-0.021957186870296925,-0.026881878122008294,-0.020700462256178147,-0.033519028195780148,-0.00066380877634151863,0.0093219692184101713,0.028927714263868462,0.018676887591196956,-0.14237160544574326,0.02164066049636252,0.05807526887176389,-0.034452449642677595,0.020372767715392932,0.0021510140293455023,0.066023216212077712,0.049806538590942979,0.01920576562887371,0.066409569781100783,-0.026428797738543501,-0.067272857522856416,-0.043145570728771364,0.010247909723187551,0.059825595996391659,0.040219610470175374,-0.050506750996894244,0.044310993677771637,0.04272617833567207,-0.04995874769845491,-0.026147399593702915
0.014353820172904111,0.016647958363006015,-0.024194542574553782,0.010874818771943974,0.074081865569104927,0.13506021699116089,-0.045277586522081539,-0.029895183978635928,-0.0090949109877832678,-0.075604036573497346,-0.011359169084303986,0.077588153903891802,-0.028422193419829073,0.029309985280806635,0.053417546831125831,0.04084052946996846,-0.011155946293017593,0.041699341681557985,0.07337691391632381,-0.11047586821457304,0.032984821621405473,0.011931979103232441,-0.055176989881763686,-0.11337109295072162,0.00081287969636034002,0.041385309523351725,0.049621045991942683,0.055991037643562579,-0.032928309108981403,0.044654995331917774,0.016151569898733217,0.035881969154237116,-0.04081402432331762,0.022591958611447326,0.055159184229197834,-0.0089759550097553917,0.071005982452328364,-0.0083487575298740006,-0.041111176629319929,0.040404246725047138,-0.0455881121381842,-0.002130724738303016,0.040833347004687492,-0.021103789886333432,-0.030447478410213353,0.058627532724794325,-0.059150335319006535,0.070003370513478769,-0.043327833776652336,0.043011936214325357,-0.096898015257268225,-0.010432601765711383,0.01119619863650506,-0.058349105905013868,0.043192043521111258,0.0071038057082276045,-0.029278050451097083,0.08689534475263376,-0.020965680663307035,-0.0073810994511950192,-0.05482583129954393,0.00079467586421546861,-0.021541515879202885
0.014353820172903146,-0.043404141006740671,-0.062922102627838469,0.0082458103850132219,0.10381508390302381,-0.017954173263047723,0.050865672716864242,0.058526390173410034,0.046175992318403365,0.008449226831150021,-0.079735354745471471,-0.016120327457055099,-0.011864126952655145,0.068225018734580228,0.017514702483266587,-0.030058736867859967,0.063736363032352111,-0.010294896413256368,0.042241266080395384,0.036578758708720696,-0.016896986624075596,0.059255881982712658,0.027415084071381449,0.050753706883487619,0.0021419913940122913,-0.052551900451329701,-0.032434991172229755,-0.072825436011511466,0.012817338950402098,0.0716093866047883,0.040507957681648228,-0.024832790131949799,-0.085628619485811214,-0.057734713390012467,-0.0072516955332059931,0.011965646199900424,-0.0037929162156482218,-0.16174671543274752,-0.027529881800010859,0.068063233141003945,-0.043103623998430152,0.0065853018556631558,-0.063549024044824556,-0.035890549255579642,0.054153264330838828,0.020697272146637774,0.026889256774274978,-0.04819517698597555,-0.04332783377665235,-0.055801906232540666,0.049068969144101394,0.042872336802847716,0.049363291427595143,-0.080394411491775092,-0.012627452461890417,0.0097380592840645187,0.0013278906759529585,0.047385003147149336,0.089934257247384339,0.015451542008106282,0.010749645910331704,0.026824350535009162,0.035264874520062148
-0.082861140580603274,0.0091762519282445505,0.060396359862237507,0.029749116466017054,0.0049588143863579428,-0.13737130081833607,0.029315910484480952,-0.0089543248545858791,-0.015288039077640403,0.093316057010104078,-0.048550521547413378,-0.014953358636313481,0.034780424326226071,-0.066179254076136049,-0.0045394384831245332,-0.047333839886212592,-0.044169290621313223,-0.057606065163835853,-0.053222984395024639,-0.07199344542017197,0.03567742204838871,-0.05828131810691467,-0.014006746882576887,0.009567138286735534,0.010433205347622806,0.03694936798741158,0.02602341586887796,-0.05803651159753654,-0.040507264421704846,0.066029716524500404,0.0053312759223070527,-0.014036344675153842,0.040519777040143541,0.10039901379602993,-0.017298114992414741,0.039660404462800766,0.079170815420092702,0.048852922077915341,-0.052413375685457744,0.049797693088788196,0.0059130403586060056,-0.0026469009301820887,-0.030864710713937579,-0.052495689384029758,0.040692381236619994,0.09572234746427985,-0.062521741688358959,0.0050037587637909338,0.020632451341227424,0.049806538590943042,0.019205765628873273,0.066409569781100686,-0.026428797738543709,-0.067272857522856486,-0.043145570728769025,0.010247909723187353,0.059825595996392124,0.040219610470175138,-0.050506750996894043,0.044310993677771825,0.042726178335671085,-0.049958747698453529,-0.026147399593702995
0.014353820172904378,-0.012638455908371969,0.042191822306153343,-0.050144433954664863,0.0065809439832702184,-0.077901052110659327,-0.059591931564118107,-0.074523477849592554,0.034181866896408099,0.0074249726243538258,-0.0094230031938436227,0.026804846143651893,-0.0093103374166210381,-0.0078859456672063632,-0.086743356146316952,0.056909013009643794,0.0014624271380263246,-0.0070407843419490702,-0.053559539583161932,0.1117407866927661,-0.056547509440545422,0.0074816127748247481,0.076009411760754556,-0.0098789461408846854,0.014690967189346319,0.029426106432356866,0.014688965247748979,0.028040431054779422,-0.0062297051129658384,0.015521868806420938,-0.056604651310126666,0.076974599237338501,0.0023189062892242673,-0.02221906736639816,0.05213880991809635,0.038064432885488275,-0.013365714433520423,0.036052461425387698,0.027004370377848044,-0.082274063156756755,-0.052900844394539501,-0.057687126244187516,-0.12158027450954635,0.06878986508705176,0.065243977102185019,-0.079738700352054451,-0.018631303803233044,-0.078186235075578842,-0.043327833776652225,0.043011936214325024,-0.096898015257267919,-0.010432601765711673,0.01119619863650486,-0.05834910590501409,0.043192043521110467,0.0071038057082269644,-0.02927805045109701,0.086895344752633399,-0.020965680663307423,-0.0073810994511949619,-0.054825831299544679,0.00079467586421470024,-0.02154151587920284
0.014353820172904678,0.027553365811636272,-0.13395661442959314,0.060283954845569733,-0.01630511143463741,0.01144379332458546,0.069312744441696272,-0.094002346219164715,-0.019984371575040891,0.067817797407228556,0.023173658095177831,-0.054943242976741288,0.040679635707855641,-0.073252094288110331,-0.047970428479348105,-0.073943975041832338,-0.0058355305613901169,-0.016850056584340037,-0.084520090149938706,-0.0033371662642261817,0.063689006876152074,-0.069592870067522183,0.043021054793068343,0.016101634046890499,0.024956021282297781,0.073877794062347707,0.028565444863722991,0.0018128051713987108,-0.022245390819474159,-0.056550957936867798,-0.0015593696659972167,0.038613653540854019,0.011419387910089073,0.028754601147960922,-0.032113495642937834,0.10812538651481853,0.029491064471566325,0.04663946521766877,0.0014281145425051717,-0.03768344062427112,-0.011743956253309509,0.034980680562175986,0.057966612504419396,-0.0036253336678811927,-0.077934664075788362,-0.014493908092635281,-0.045418213046437311,0.059025326541566357,-0.043327833776652495,-0.055801906232540915,0.049068969144102283,0.04287233680284766,0.04936329142759547,-0.080394411491774814,-0.012627452461888476,0.0097380592840642776,0.0013278906759519708,0.047385003147149052,0.089934257247385477,0.015451542008106004,0.010749645910331708,0.026824350535010862,0.035264874520061808
-0.082861140580603926,-0.03430677896906794,-0.059853509070175517,0.023458336320801784,-0.010285550028321124,0.037317213594455265,0.0021206175991279868,0.001573382774646278,-0.053934522763623038,-0.095626082097668944,0.016026730474336524,-0.036902732749923034,0.024803091466408547,0.021569816428332729,0.0012801000340706857,-0.0049689935041675078,0.11619086046430939,-0.076764525930355529,0.078161633394708219,0.037464552086218947,-0.015385444670182668,0.056123584519108469,0.0039410916700776408,0.0054788365703348193,-0.054548695908228903,-0.020833682054070018,-0.051432294704596745,-0.087498660251073154,-0.032408295108113654,0.0019494905406672394,0.016939564109759983,-0.080726504962726667,-0.020700071608296448,-0.078119525362930264,0.021229671578383846,0.030454611512291969,-0.021182447374379406,-0.047201903228046682,0.0022155079718498903,-0.080686785581081361,0.0083772200447838827,-0.086081654096489574,0.10099145941867542,0.030616054069805235,-0.040432732696417312,-0.019080473589163559,-0.012902731154748489,-0.091693065601711893,0.02063245134122756,0.049806538590942757,0.019205765628873168,0.066409569781100602,-0.026428797738543751,-0.067272857522855903,-0.043145570728773612,0.010247909723187272,0.059825595996392235,0.040219610470175457,-0.050506750996894993,0.044310993677771734,0.04272617833567164,-0.0499587476984567,-0.026147399593703352
0.014353820172904231,0.066776923383660008,0.061410081913038227,-0.039556895081490136,0.0091403012389120672,0.0075350882662337734,-0.016737108963556433,0.052333420909085361,-0.029987170475746089,-0.024842796018017661,-0.021474248831850135,0.020907167006261971,-0.016317879762626008,0.070350548346905795,-0.096817938133645948,0.047497459856368114,-0.070024654007863965,0.027886361864288878,-0.0017331999750778955,-0.077525706572614581,-0.10018373364172671,-0.058872402543556621,0.03493266707132129,0.078120908340828812,-0.009166957212952017,0.045608924622182981,-0.064770908417755471,0.033364555341843627,0.003797714893157392,0.03562656157819246,0.046387509274191593,0.035207427230796028,0.032434140083698139,0.050027054369878754,0.029144897511456339,0.030771858906304603,-0.0048508993082936307,-0.060949273313127939,0.12425507910094698,-0.01372974968218351,-0.0026069582176450863,0.0053111878889821572,0.033107330396448545,-0.059758576328625787,-0.12526635152775631,-0.010582548082427244,0.047867765850649217,-0.024566392663825379,-0.043327833776652953,0.043011936214325121,-0.096898015257267489,-0.010432601765711631,0.011196198636505101,-0.058349105905013902,0.043192043521112625,0.0071038057082272316,-0.029278050451096872,0.086895344752634038,-0.020965680663307101,-0.0073810994511949819,-0.054825831299544533,0.0007946758642160492,-0.021541515879203423
0.014353820172904335,-0.023912608577895931,0.015158458526467243,-0.0016131765166612017,0.0084994609194676638,-0.066811803050696977,0.061056866789738713,0.042131338631156312,-0.015238591076260658,0.073860804498174948,0.002061740567363034,0.032383483299637389,0.044819614153680375,0.015829256213029535,-0.063167920630454455,-0.043042234320715515,-0.061136050722262733,-0.035151801017452571,-0.037107759009366838,-0.026414022318775245,0.069031503333142299,0.083597604545554816,-0.04191648435913272,-0.014501183458797147,-0.046063141404404206,0.018561806554091901,-0.0022899348901165425,0.013543706102502604,0.14006806603094663,0.056170083026789788,-0.054701228661183446,-0.012153471760711507,0.071675212809335545,-0.11906796954991197,0.036274519022531267,-0.031669816249625782,0.031626298525527619,0.026513821211102226,-0.068151550462431487,-0.013201292548536676,0.062197968770877889,-0.04180794282199185,-0.012822826497498496,-0.10402430593024055,-0.037594554781693747,0.029495172480914388,-0.05077575068433051,0.018890422048220716,-0.043327833776652579,-0.055801906232540992,0.049068969144101381,0.042872336802847723,0.049363291427595053,-0.080394411491775591,-0.012627452461887104,0.0097380592840643175,0.0013278906759525799,0.047385003147149121,0.089934257247385282,0.015451542008106296,0.010749645910331852,0.026824350535011306,0.035264874520061822
-0.082861140580603565,0.01241745100384555,-0.040088104465526568,-0.020478294774212959,-0.086002919696343383,0.041613917267469651,0.045303909188372946,-0.11372860687576791,0.031485340323586873,0.030280991795757987,-0.012489577104446876,0.037318001273246873,0.018815043727423871,0.0051950124990637406,0.0021756415014126409,-0.0633396307972066,-0.035135719598243402,0.020238873398227719,-0.065017673443823157,-0.016172378192203067,0.033081697071338963,-0.0075500053557012829,0.058916467590068147,-0.075776466921354271,0.095801543672521361,-0.062265995883295497,-0.071173244851177708,-0.031946409710444948,0.058531286087770834,0.015149218873565601,0.1065986104190753,-0.060773831129662788,0.019813447011497475,-0.029607541527498876,-0.025185878861140959,0.018311218663095763,-0.046004538585395903,0.026300679637920512,0.097730370520460158,0.027708798013862342,-0.022672328263417255,0.049653972355020226,0.073409399136127859,0.047349417143028635,0.050609923334600369,-0.011139022358227418,-0.04843193963053976,0.016829701225037425,0.02063245134122723,0.049806538590943007,0.019205765628873446,0.066409569781101213,-0.026428797738543501,-0.067272857522855764,-0.043145570728769879,0.010247909723187048,0.059825595996391853,0.040219610470175547,-0.050506750996894008,0.044310993677771492,0.042726178335671577,-0.049958747698454022,-0.02614739959370295
-0.082861140580603315,-0.0064946455915185211,-0.014805295171730843,0.05550852527691473,-0.018723101362144976,0.084631980200708681,-0.022413941376761358,0.013602636476424762,0.0038363187464602873,-0.10836729477723957,0.04701266119830786,0.078081542212832394,-0.039693168952796253,-0.020360831580845187,0.054772901648964395,0.029662432693928372,0.080477687386409258,-0.059477865143075112,0.024427636771068791,-0.0010108792094550797,-0.068172826544093373,0.019109825928250609,0.035654402771642328,-0.032257700819962036,0.032546068142109634,0.065001142459309214,0.045880980500407689,-0.029755310154724948,0.034576005709400809,0.084003924738100089,0.015418097425867651,0.025579458116575231,0.039652740410777383,0.012534499930610263,-0.016848569350908851,0.0089412400445595085,-0.025729824195189887,0.05989672088772547,-0.10684632336000885,-0.10056014373092899,0.0059224577245216526,0.040474966115211154,0.044736553823443263,-0.036344007750408941,0.011115238171855295,0.077063529332488681,0.089013723275674486,-0.010253783371454425,0.020632451341229058,-0.080641629694644834,-0.087805156718380878,0.069404181166801832,-0.0056341229120938172,-0.011532687470198999,-0.0043411670067637007,-0.026447516882923235,0.015457985103414909,-0.017492962571108606,0.019024841017229024,-0.081402680245107037,0.024550958899870527,-0.013316083699135058,-0.03066730470358834
0.014353820172904048,-0.035588742200493989,0.019977188530032254,-4.2456442121147684e-05,0.090246878390918953,-0.04901762536314299,-0.049920634593788801,-0.069663193970747744,-0.0024486367304455401,-0.026866528343137939,-0.013596566663497695,-0.07641329053083723,-0.070723087524407299,-0.02688357524779553,-0.029329565748422479,0.065446908592534728,0.01192948381733719,0.014139898096494007,-0.088330830056732285,0.0041491209220526192,-0.0021938135762561385,0.0039608866442392083,-0.013776237632692222,-0.074038424811555481,-0.0074041376503476636,0.010120138710710817,0.12324914385027758,-0.042060211701347466,0.037859870198314903,-0.027907746885973844,0.076946590914923715,-0.0072600006864719001,-0.047268171840646113,-0.068983304697444126,-0.033491788928275777,0.041501719156297648,-0.012625455616001306,-0.10381555760153562,0.01903503112302251,0.014765338542105684,0.032450250637104341,0.0011218633278354266,-0.09898218028870602,-0.035461050208071783,0.0458314841811132,-0.077119790026791465,0.084573992771069764,0.0013538504122397098,-0.043327833776653689,0.016985484551747546,0.038919941815496385,0.0089454609070756964,0.050160599089696202,0.0322543880326224,0.036286918052729662,0.058396126260143906,0.071495953261095591,0.029274285635975849,-0.041213051091665467,-0.10217506343223055,0.026673311472864943,-0.009308690537245182,0.0097501816790340999
0.014353820172904685,0.058068594952222968,0.094160667708057547,-0.053444270586038907,-0.03233424163646452,0.049722873606486973,-0.016346753845873103,-0.038930585156479222,-0.012045602062155736,0.019022538989004637,0.067013622417564506,0.048206113429261226,0.02763388063409105,0.034568559540994685,0.015304508402932933,0.02102209986039014,0.040489641643991409,0.0051935868563705882,-0.021695446331934577,0.066768513670116172,0.12920193915333791,0.015037248969051408,0.0040954506309452045,-0.00068881367161197624,0.043278740401657773,-0.068857610324181556,-0.054525870948768929,-0.0020899096783069389,0.099042221344243078,-0.035092950267375835,-0.073911817567339527,-0.061174521053269225,-0.034327358507928257,-0.058494292487571875,0.041344763653293662,0.046376815680376965,-0.029800999928318993,0.013705455256373957,-0.044717844383027769,0.015609866280915593,0.037712483034649573,0.018885842512900028,-0.0033757928736713079,-0.030758999141698017,0.096523327671728235,0.015752830886699612,-0.074318969000619933,0.10804978389290486,-0.043327833776651968,0.043011936214325301,-0.096898015257268114,-0.010432601765712046,0.011196198636505138,-0.058349105905013909,0.043192043521109773,0.0071038057082273903,-0.029278050451097184,0.086895344752633816,-0.020965680663306851,-0.0073810994511950487,-0.054825831299544159,0.00079467586421439916,-0.021541515879202493
0.014353820172904956,-0.041244658886093223,0.054247459779319718,0.0010150358870746887,-0.017543825795359052,0.10536412891571796,0.0084822952680088399,0.10700367667814577,-0.018935923604631845,-0.053668153301425874,0.0040370541006610411,0.014248217181437898,-0.033689233308359684,-0.028016100158956874,-0.088354769523814478,0.092522562672052472,0.096416140190884,-0.0063594293851288314,-0.0093867583136694847,-0.00064590851723964927,-0.010710866046316351,-0.043176188887728534,0.059582534060924307,0.04621949331335256,0.060192550364356355,0.011002180756714879,-0.048344674125850855,-0.086659419628645346,-0.055765716939728163,-0.055457259198501703,0.046268961809167931,0.015342407410929028,0.074783028263162854,0.067022506328682743,-0.063418740014757113,0.060066019854706672,-0.021246457737208686,-0.061806898690499025,-0.039795069615264661,-0.0053711948536578633,0.043570058785367502,-0.010273103516078446,0.033260172525647121,0.06680724967771863,-0.049473569685873943,0.042961429113483107,-0.0074428012274902321,-0.030256422944776453,-0.043327833776652454,-0.055801906232541151,0.049068969144101984,0.042872336802847036,0.04936329142759506,-0.080394411491775147,-0.012627452461890953,0.0097380592840641007,0.0013278906759523715,0.047385003147149544,0.089934257247384658,0.015451542008106263,0.010749645910331838,0.026824350535008659,0.035264874520061815
-0.082861140580603662,0.030691025657227051,0.011584689480322184,-0.039647014716846243,0.07638500417835524,-0.081516886821376963,0.042339567234129329,-0.015297372292638622,-0.069647668012147071,-0.069675449870930703,-0.046412786077264158,-0.069635088677558576,-0.0031924846424671643,0.012437764421008371,0.0033650558369695467,0.06292663406090683,-0.04882066961511624,-0.0029616246785528029,0.034633220381061883,0.034387508607480743,-0.087829304554117443,-0.056311518857534125,-0.040011947677765718,0.081483759997209831,-0.029060524113463996,-0.013184519711674496,-0.0071415972363120511,0.058442872543395114,-0.011857672958497788,-0.012147740592149736,-0.056905114723910827,-0.034736690324155009,-0.036356477719768826,-0.013731994784518194,-0.037758439823454039,0.050096474184014993,-0.0092612167763145084,-0.098211825883313286,-0.081243933471535537,0.058375291497400464,-0.031581707398915616,0.052865329010597865,0.0081353101230317738,-0.076232919204746993,-0.029004641016822073,-0.057523385846936614,0.084697489891866248,0.049960757763554402,0.020632451341227338,0.049806538590943035,0.019205765628873946,0.066409569781100838,-0.026428797738543796,-0.067272857522856278,-0.043145570728769421,0.010247909723187416,0.059825595996392034,0.040219610470175492,-0.050506750996893925,0.044310993677772102,0.042726178335671314,-0.049958747698453411,-0.026147399593703369
-0.08286114058060319,-0.10214832912769511,0.038722199996133626,-0.015434990530772854,-0.042719659091268854,-0.060071793615047483,-0.085668816086139216,-0.031949859482924399,0.030722840416564794,0.061939960550274939,-0.044138252576531672,-0.097867415041750491,-0.04584087718340582,0.035437740011453868,-0.020190284205613664,0.017430348691452453,-0.05111982754019942,0.01118481416691139,-0.077394212827945327,-0.032298451295282693,0.047830268857109032,0.047858362995647809,-0.0018083076265939452,-0.080655967502291481,-0.08556582019265091,-0.011606894392649251,-0.023069288680068568,0.011685154264426071,-0.011592711163145286,-0.035173104612109742,-0.025036153845069721,-0.013675618857964207,0.098891242762731341,0.025473772005972676,0.021473373697497158,-0.014441363743717735,0.090562989014672399,-0.054156422219314423,-0.032375109527278671,-0.0074476412491117127,0.0097705557750877668,-0.068438496271878577,-0.099314792920060818,0.014658697750152636,-0.022543302163803059,-0.029792732732941633,-0.048897539943329751,-0.01736971683376649,0.020632451341229058,-0.080641629694644917,-0.08780515671838128,0.069404181166802054,-0.0056341229120938632,-0.011532687470199051,-0.0043411670067608097,-0.026447516882923912,0.015457985103414422,-0.01749296257110897,0.019024841017229302,-0.081402680245106954,0.024550958899870898,-0.013316083699133157,-0.030667304703588371
0.014353820172904647,0.032953729051479336,-0.1509554103524671,0.038233936280077901,-0.071332344651158175,0.087333261986761404,0.036289154217652463,-0.081596268836943708,-0.039948743475363396,-0.02712846835177023,-0.044533824831383503,0.027663488892634692,-0.0341101351860741,-0.065394832129872099,0.035999542508908293,-0.011725168717790052,0.013702181666059585,0.070969463128973204,-0.034863015641153391,0.020283045506464092,-0.046518530985768823,0.079553739721144712,0.077722981231382618,-0.031291776661046156,0.017810150003241525,-0.012991171577325754,-0.061439523342823835,0.039885914323748078,-0.018806612869574274,0.08998621176049626,-0.069050010279296303,0.031708702507472562,0.0649973576209259,0.05152309919472358,0.030621240126817339,-0.040442603217117047,0.028673918039985369,0.034776245852815836,-0.023245372115685756,0.045168990543984794,-0.046048564042453374,0.06771459305054911,0.018137366060886152,-0.0094411957970827447,-0.029680706508543691,0.029404501541363724,-0.0056683023979058611,0.040175559335265128,-0.043327833776653904,0.016985484551747542,0.038919941815496371,0.0089454609070757432,0.050160599089696389,0.03225438803262215,0.03628691805272994,0.058396126260143177,0.071495953261095688,0.029274285635976238,-0.041213051091665072,-0.10217506343223108,0.026673311472864492,-0.0093086905372452549,0.00975018167903406
0.014353820172904784,0.049014030342631,-0.016462703224176686,-0.013134385870003169,0.06658734686982995,-0.019694693419193714,0.0064570406712339415,-0.04088490316051667,-0.13186637610269059,-0.074856582056673074,-0.063826103187254485,-0.021812320881620124,0.086153603747734106,0.0065618932076476353,-0.01343693032245126,0.082339628951578536,0.098870712915226658,-0.0321305886940449,-0.053346350147122211,-0.025332962310813494,-0.020510094052738983,-0.038810280975686395,-0.03503870419040326,-0.039584959211480385,-0.053447303223789301,-0.036012414328358069,0.016382035676213273,0.010559864868071835,-0.06630304721203488,-0.0055835070354229785,0.0024871980132711484,-0.092423203196039402,-0.013322523087354743,-0.030241267084722492,-0.013183978227865899,-0.058915655895433662,-0.039856604269184318,0.058391603649436491,0.053820865922896595,0.010392293315884317,0.033538168959955345,-0.096454959588551548,-0.0040516479609324658,-0.032230441283033401,0.02456896331452187,-0.077570178253124344,0.0549551513740133,0.057108774842189521,-0.043327833776652121,0.043011936214325509,-0.096898015257268294,-0.010432601765712288,0.011196198636504912,-0.058349105905013889,0.043192043521108232,0.0071038057082277494,-0.029278050451097333,0.086895344752633205,-0.020965680663306993,-0.007381099451195328,-0.054825831299544964,0.00079467586421330964,-0.021541515879202906
0.014353820172904621,0.007372021782036004,0.083757390954895705,0.079004920309180229,0.060291726494406644,0.028328425419284119,0.086029924224065885,-0.087253836018241049,0.082771239594102014,0.096326496149345464,-0.017206850620186637,0.080773192843444488,0.0084810158477681471,0.075297672127606532,-0.026904164977857813,0.084909958329155072,-0.026481244386957238,-0.049224517161328203,0.015180429805135441,0.092951781021731725,-0.0050331540288605795,-0.036324671753236379,0.0038020785212435253,-0.026351344737293805,0.042674379150410058,-0.10623910928370028,-0.027797360522288869,-0.029594370275383097,0.01422435030813899,0.00075697446979452608,-0.0019048829826793091,0.031569315992205547,-0.0030615180666464614,9.9730691581791369e-05,-0.0017659930384839931,-0.026884520615900964,-0.03914402074140249,0.029381194309736049,-0.011547014244006627,-0.057284398586740733,-0.016747908091518049,0.051121401026349517,0.018016617740361361,0.04037951979707767,-0.0056631581227887043,-0.084577287114404293,-0.083405648390985562,0.0081644075841442645,-0.04332783377665219,-0.055801906232540631,0.049068969144101471,0.042872336802847424,0.049363291427595199,-0.080394411491775203,-0.012627452461888282,0.0097380592840637156,0.0013278906759521794,0.047385003147149427,0.089934257247385269,0.015451542008106268,0.010749645910332102,0.0268243505350108,0.035264874520062231
-0.082861140580603537,0.021630283812742627,-0.063855264980066065,0.048536067778943211,-0.043765588364875076,0.025239420765108267,0.0039604333305867327,0.0098576353565803417,0.026186948468206597,-0.0013062244912889079,-0.064306791046743486,-0.044528229181791709,-0.00893436467418076,0.011607140441291531,-0.019435540604588485,0.0023727291301855425,0.036185387102811932,-0.092248179291207252,0.054599363396308762,0.018900505610488734,0.041998880570180301,0.057096458255127241,0.057663636250233824,0.064547469512399161,-0.028581478746078425,-0.024051190285970924,-0.0057636873875308798,-0.0095291813420276712,0.022290208782745409,0.0062504196387964221,-0.0039013400967677749,0.067330071264977531,0.0051140189821378091,0.01675870860989143,0.0139940720314935,-0.10843119761851143,0.046525716475439641,0.00011045228791256981,0.043435950886691915,-0.0097851150623106987,-0.059240940291711397,0.094056521034138071,-0.020773475464537543,-0.012489253338453764,0.10046870290498823,0.095089908331168732,0.14435621834362128,0.034919886771973982,0.020632451341227452,0.04980653859094307,0.019205765628873401,0.066409569781100922,-0.026428797738543418,-0.067272857522856555,-0.043145570728770871,0.010247909723186925,0.059825595996392325,0.040219610470175374,-0.050506750996894292,0.044310993677771839,0.042726178335671043,-0.049958747698455146,-0.026147399593703203
0.014353820172904107,0.047714179381849554,0.058989144426831501,-0.0040699814819459739,-0.079066760787005058,-0.060093563828267818,-0.00074765265942195271,-0.063932322674859959,-0.040504345850769778,-0.011288129737213177,0.026859208647813049,0.012055871119895561,-0.074684773284580175,-0.1534995711101966,0.012720677186613795,-0.024010791942902718,-0.088476169905999824,0.05830736279908056,0.05033655357534008,0.015303973465620617,-0.034359735696172594,0.063535972914175759,-0.015362441432905081,-0.0046409400121754998,0.045659564390307994,-0.025463074282592042,0.0010765604836898226,-0.069186547363869616,-0.0011144976662257988,0.071751930181202045,-0.0016503089420258814,-0.0035756472883566657,-0.013463337298305292,0.026032390320570104,0.04898537284193185,0.015498878794148052,0.023362121663479351,-0.016412945001621177,0.05709412551562569,0.096280935741221846,0.0063083447902153155,0.062960408679093346,0.053494233074874761,0.026649752887372421,0.027050926635148832,0.053022602989263562,-0.073061160904138847,-0.085475321282978051,-0.04332783377665269,0.043011936214325516,-0.09689801525726785,-0.010432601765711456,0.011196198636504855,-0.058349105905013958,0.043192043521112812,0.0071038057082272307,-0.029278050451096601,0.086895344752633608,-0.020965680663307552,-0.0073810994511947486,-0.054825831299544305,0.00079467586421660974,-0.021541515879203093
0.01435382017290405,0.038636273767362589,-0.0089508791502375361,-0.14867612589631615,0.0050839343753374946,-0.020594098955926142,0.067792135263125636,0.066921729786544315,0.013352990200523504,-0.072133086653483919,0.0041017423235887038,-0.033396539733421639,0.042673540435131697,0.034040813031399782,0.021085298602074934,0.012965783667954407,-0.014403411755048558,0.01455794515873308,0.03918040973201728,-0.030901974274380184,0.0060642149185056865,-0.072601583837415273,-0.0044075504818094679,-0.064715657691136144,0.034774660735479988,0.16893338175983239,-0.013712710380340705,0.074575182738588389,0.053816566045379113,-0.047050779354283694,-0.028785013895826581,0.022003414848145594,-0.0093104444820060941,-0.021597414656048274,0.01582523625314651,-0.0025531521532611619,0.04478939644843441,-0.075126957308050885,0.0060562341080584283,0.067925572466798895,-0.095896601210078564,-0.0095367871059461335,0.041072783694441187,0.016866297607317171,-0.040256449993744232,0.032779027109365179,0.011147517525362693,-0.012599086976243691,-0.043327833776652766,-0.055801906232541096,0.049068969144102442,0.042872336802848049,0.049363291427595359,-0.080394411491774856,-0.012627452461888272,0.0097380592840639862,0.0013278906759524925,0.047385003147149204,0.089934257247385282,0.015451542008106245,0.010749645910332364,0.026824350535010807,0.035264874520061266
-0.082861140580603565,-0.039219576656725048,-0.054584786427215135,-0.020326121580249663,0.0067033733546317115,-0.021939048759503511,0.0088872179896138711,0.017999158530852571,0.045120998541710707,0.070002932756038472,0.12003498647629518,-0.029299470015125707,-0.0735931751448414,-0.024259470926855823,0.11051099738502554,-0.023696043685613136,0.020894852878129418,0.060074605421544143,-0.06125897528908885,0.018401117885875541,0.079576029593474026,-0.017267147438097916,-0.037657656391465961,-0.040566701919253476,-0.045339053562041425,0.022608212460970396,0.041782471361289514,-0.0067393190116434801,-0.054069988635289876,-0.0092582575411363829,0.027681233646867687,-0.047179696365181933,0.011647157952280945,0.062460612410131344,0.0065429391748862489,0.073576933856293131,-0.034222156607562303,-0.028303986636835126,0.026715306311832693,-0.027511617463145562,0.034944127505868484,0.018526953235282619,-0.038824358234868239,-0.054147351003718321,-0.095351749073075517,-0.12825058206302112,0.010232172102933567,-0.013214404694069698,0.020632451341227504,0.049806538590942605,0.019205765628873318,0.066409569781101296,-0.026428797738543664,-0.067272857522856139,-0.043145570728771204,0.010247909723187522,0.059825595996392054,0.040219610470175422,-0.050506750996894278,0.04431099367777163,0.042726178335671522,-0.0499587476984545,-0.026147399593703186
0.014353820172903944,-0.087049105411670047,-0.069188205323244462,-0.060573874078235695,-0.018540140563458263,-0.016622859860932086,-0.028625629521452315,0.012833556563233374,0.064291500421881365,-0.021683304903960209,0.074188824926535918,-0.017035005348383606,0.097267382642433953,0.080624651291180668,0.031842461328841137,-0.030974594819292225,-0.057023390872677833,-0.0038398012558838669,-0.071324897218997416,0.017212265392818792,0.085861552695275345,0.019208517149394241,-0.039918319013788783,0.043131604351958314,0.0085866706001189799,0.045520091330426865,0.007945833873374171,0.021554924200060329,0.071534375466044339,-0.021858457081220705,-0.01489072085160527,0.0484021594278762,-0.0017355858687956459,0.0050374137869958991,-0.017762311233713444,0.0086654509614608171,0.055307255677258957,-0.030959368568595123,-0.02470258958101855,-0.075764782062656272,-0.01939004091915764,0.028809693847077759,-0.066121892731447945,0.048151610668294986,-0.16471734774261806,0.025919485485917867,-0.024250584092967115,0.035728511749647196,-0.043327833776652738,0.04301193621432485,-0.09689801525726803,-0.010432601765711728,0.011196198636505192,-0.058349105905013993,0.04319204352111268,0.0071038057082271049,-0.029278050451096889,0.086895344752633927,-0.020965680663307004,-0.0073810994511952768,-0.054825831299544325,0.00079467586421613572,-0.021541515879203364
0.014353820172904434,-0.060829591558290021,0.0082619074099878585,0.088937650250960953,-0.073874970666327894,-0.032993067254613394,-0.075434673038470831,-0.034965743910716607,-0.026766189242140782,-0.033229226330741317,0.044964535872378017,0.016868637670143558,-0.021238277478294744,-0.039023493157393147,-0.051149359243116421,-0.09870055692185184,0.077381623047732953,0.034948496854729179,-0.063785696736024217,0.014922738546924295,0.009902763887789847,0.020225060259163274,-0.0525821316959511,0.096287273497622575,0.043692348967358505,-0.021763680979304718,0.008591588449791146,0.019435278165576421,-0.05565531130841974,0.10956391022962526,-0.011226975032011843,0.025654261404708837,0.0085145248300343129,0.031106825865735221,0.011687811188228519,-0.02033100327030184,0.032520942228795813,0.051504497844937311,-0.029075073132387629,0.080120450909917609,0.022718099352880577,0.024772438207269241,0.011176053513884877,-0.052944218758331905,0.027847118026996028,0.096020001946947695,0.10356076842202315,-0.036008636981800873,-0.04332783377665262,-0.055801906232540881,0.049068969144101721,0.042872336802847313,0.04936329142759488,-0.080394411491775702,-0.012627452461890698,0.009738059284064635,0.0013278906759526116,0.04738500314714874,0.089934257247384894,0.01545154200810616,0.010749645910331123,0.026824350535009006,0.035264874520061849
0.054153500234794441,-0.023334431352861035,0.094783919793335294,-0.0014465934668347496,-0.045253920491491274,0.047706659547251701,0.05308736525065038,-0.030573302010264595,-0.011421931787667589,-0.029423425103627044,-0.033981450685742071,0.051033928404446899,0.0018434919869306891,0.050570435828920526,-0.08897595164982601,0.034336407228650473,-0.088381507501332487,-0.0038429289898663718,0.01428135943118935,0.038765401426404132,-0.17210983633995539,0.048905696083332562,-0.040209680202802245,0.057885535740557499,0.06322330183883601,0.029782920281999505,0.023750309493073638,-0.080109395403467051,-0.023248729620642599,-0.0098492771864130361,-0.013008819738874213,-0.026768660753390596,-0.0086263565128068594,0.020397637614206276,-0.033231103690923802,0.082335859484524113,0.041679309729446633,0.0418413620787541,0.030764658466615215,0.017636786192916053,0.010116575959674723,-0.041765281444665681,-0.020133123221815936,0.05546424511985823,-0.015562581087746307,-0.018306566501661032,-0.080150984432017139,-0.020498911030003661,0.066023216212077393,0.049806538590943507,0.019205765628873637,0.066409569781100838,-0.026428797738543949,-0.067272857522856624,-0.04314557072876847,0.010247909723187088,0.059825595996391784,0.040219610470175596,-0.050506750996894403,0.044310993677771846,0.042726178335671813,-0.049958747698453182,-0.026147399593703123
0.014353820172904838,-0.0096791043128099333,0.026661764120589345,0.077778241430184636,0.031019554480632861,0.096411117108392924,0.022916241509639643,0.091983669272142798,0.10807922153157892,0.10782801669784621,-0.037221930387093989,0.026791455110107887,-0.10873621310558763,0.066313026611368245,-0.031126208193003407,-0.027354242189383156,0.046628847863456294,-0.022336972849151749,0.074334693790779227,-0.0071832765476260415,-0.030991722946363633,-0.043934209087884112,0.090319464637096725,0.0010942948716968894,-0.00079893176663734032,0.015955397280523895,-0.025404430033277314,0.037071758295737924,-0.0041168305877834557,-0.044309966064558844,0.014053831780359566,0.047596691056520236,0.028521446254455355,-0.00082853702284415968,-0.018039083380352032,0.034751326139826448,-0.03881277307155441,-0.011019290079220872,-0.086212401857503104,-0.030908446994449678,-0.02045647283101347,0.0046848570623805432,0.01667930761750663,-0.042570922272633621,0.11309745779294827,-0.0013719102220576373,0.042356593623092388,-0.0073619653088591013,-0.043327833776652447,0.043011936214325433,-0.096898015257267989,-0.010432601765711844,0.011196198636505016,-0.058349105905013819,0.043192043521110154,0.0071038057082277589,-0.029278050451096913,0.086895344752633913,-0.020965680663307625,-0.0073810994511946757,-0.054825831299544645,0.00079467586421408842,-0.021541515879202652
0.014353820172904328,0.014821296008890907,-0.083068419214646597,-0.01926644466382442,0.0084993097965834,0.02525874079125533,-0.078387386448720425,0.055297850142413368,-0.069358040552485331,0.0090358168348801064,-0.031859427575781009,-0.064245290780166595,-0.029916278804605106,-0.070314992001612758,0.056968225618899138,0.00082481492474271426,-0.036496966905724994,-0.00028192485213406629,0.0094248571988714645,-0.076972545294276107,-0.010933824777434844,0.088701195331488625,0.053187603656515869,-0.0052202710691924116,-0.12114138885324889,-0.040930591496827221,0.032918482452838654,-0.064416090628782827,-0.012385605045098389,-0.063270105345136163,0.041916871910517746,-0.079226992245061093,0.0038574377186174772,-0.0096091419012685059,-0.025747054402891111,0.049768676039463645,-0.038166317935828364,-0.0057587348466227812,0.034565853268335806,-0.090761624789976361,0.089926409948715758,-0.066357052127673316,-0.070265454948687509,-0.004301598646062871,0.018072490089538176,-0.044221741941908518,-0.031302637556400212,0.040443316373898246,-0.043327833776652225,-0.055801906232540992,0.049068969144101436,0.042872336802847508,0.049363291427595414,-0.080394411491775133,-0.012627452461887661,0.0097380592840644094,0.0013278906759524422,0.047385003147149052,0.089934257247384825,0.015451542008105933,0.010749645910332178,0.02682435053501114,0.035264874520062099
0.054153500234794677,0.040923724196843855,0.023656131613945468,-0.026763352731858231,0.082316135501734181,-0.051007031552856456,-0.065935016570850782,0.0027165081228318001,-0.059886015222249338,-0.039273283161122718,-0.021746744743809002,0.022793770792469439,0.080684047832092459,-0.037918105343356934,-0.0020995051306105716,-0.013013092673222256,0.031301267520381627,0.036016502859528565,-0.0076217475384098531,-0.076067024922768969,0.050534926176301877,-0.088735006900363067,0.020203700344034993,-0.081866303333702775,0.010697230469284546,-0.028339942456999574,-0.059769093466832846,0.096377895757139218,0.055028509473186521,0.012857115088753108,-0.010771073811225254,0.0066182858535945837,-0.00813482042161171,-0.099616958634228134,0.012694092484543697,-0.047481595722306001,-0.053982869597323353,-0.013647827729830435,-0.10091591566513999,0.019659946332539691,0.014180236826168362,-0.070818192824756349,0.07973095692122173,0.011172359222313497,0.010445627255833518,0.051467240233513248,-0.074437406014537702,-0.0012065710478987915,0.066023216212077449,0.04980653859094282,0.019205765628873613,0.066409569781100422,-0.026428797738543681,-0.067272857522856055,-0.043145570728771503,0.010247909723187593,0.059825595996391853,0.040219610470175603,-0.050506750996894091,0.044310993677771977,0.042726178335672035,-0.049958747698454958,-0.026147399593702859
0.014353820172904432,-0.049684683766717766,0.0064179705847762312,-0.020164932454316529,-0.066579045130953071,-0.020066934783678176,0.075521717027751692,-0.1030156760453958,0.0069447342986080447,0.02835295542511106,-0.011645808041281066,0.0081017270379819192,0.00066138071577092478,0.0071979880339757378,0.015833604155143538,0.07851910036267358,0.071817799767203802,0.011734919372491628,-0.011757146250183636,0.052510778476144354,-0.079265318834433066,-0.079080049587388387,0.067079872992225634,-0.068563065619059615,-0.10433298643392915,-0.07702271668896607,-0.0083238124892049351,0.056641466034454774,-0.065806919392511001,0.016756103153749126,-0.056462846311786233,-0.036008732280758293,0.023355240703065796,0.011060487669867631,-0.029073527866889683,-0.11422206890534431,0.0057513409497509322,0.017313540996124976,0.022724456944637119,-0.019610922961023049,-0.043552850620681517,-0.02572221910496408,-0.088644102160882726,-0.019743522341701774,-0.043995282596897146,0.041284048598511418,-0.061151531911250237,-0.017661652640467797,-0.04332783377665228,0.0002535678904274817,0.025947381715373398,-0.045453915069523551,0.039636434539717526,-0.053730257388783724,0.049642095189627242,-0.092682627083206306,-0.050185219522060245,-0.070580153133175172,-0.020114519178692374,-0.047317331101974371,0.025700321527743888,-0.0059006348187866679,-0.0087132588585568469
0.054153500234794018,-0.010036776192340136,-0.07241934490999126,0.0078731432287367994,0.013905418637852596,-0.051298259059328583,-0.027639494152860711,0.021708710759422451,0.07567480801228893,-0.067107887530934857,0.077866281487556172,-0.030633835692396961,-0.007636958281230722,0.065222081636206547,-0.006871489224941638,0.073161615855067738,-0.063155082833036461,-0.088627430562231643,-0.098951107901584984,0.057184342606225,-0.098808629996384165,0.045405275374071456,0.047578235847449926,-0.042495326038089733,0.085147574868915957,0.034446832465921763,0.090341979500280237,0.0051574912299526812,0.034459409018743545,0.015696234651454925,0.018389632357516252,0.0071961367495206206,-0.065703707565593517,-0.0045695830876175706,-0.012488111345099405,0.030566874543121052,-0.016281711577698248,0.047188931025891834,-0.034017827450822789,-0.0094675481353580799,0.085951539279359224,-0.010503905994613469,-0.03244006414952811,0.041072295346752177,-0.0021353129284173438,0.067847445506416082,0.005758084280950408,-0.009353358819105333,0.066023216212076838,0.029862661844315217,0.016958835814168936,0.010046477791683819,-0.089461631660937818,0.022703351003971924,0.019815153337282548,-0.067712604911721527,0.00067973405975194773,0.030866847728821218,-0.052841027278923779,-0.052016105920797813,-0.032706466642272627,0.045988829830031462,0.068950215507791152
0.014353820172904446,-0.046210305559739581,0.10941108107076621,-0.018393087463246333,0.032756546139353644,-0.0048340589632469523,0.022226150643950462,0.0087991699612581624,0.016293372116121266,-0.0015680509031109997,-0.058389712735330127,-0.041636250812717039,-0.040181586984989498,0.032370420122619092,-0.018622823679035123,-0.022113996831410694,0.042576651696791874,0.062357917716510086,0.0225651286689065,-0.019402762693354721,0.050420660606130693,-0.0048360016475376376,0.027423272134442837,-0.076061070876373163,0.04653552733647992,-0.050800635746765174,-0.15119048535426219,0.019904354396928045,0.026983696791153318,-0.055445316868941448,0.047392814282525411,0.02036396586555839,-0.017031465598100714,0.012656051149327279,-0.036264716044286043,0.025042077187243137,-0.098498077467364539,0.095464312007343094,-0.069056746033655997,-0.019745148669653927,0.080320577035367532,0.088368340856403868,0.02398889107878184,0.085088094714922485,-0.0021222360689648915,0.014846933972544512,0.012161632200903442,0.031772814552037849,-0.04332783377665337,0.010907110199076723,0.025820938401473932,-0.0029407658842779284,0.019957159741263393,-0.03121616952219055,-0.092441924936295397,0.04043373851267526,-0.016594667236821369,-0.044915935508309621,-0.0785983009784397,0.0078020219866110794,-0.067922301273939931,0.058216158538810181,0.016889335594077032
0.054153500234795635,-0.0013119842666634012,0.00045631844484282088,-0.055623996396685887,-0.11540836010129636,0.082091659583373264,0.063134000788653319,0.038960958688148313,0.011937910404765304,-0.041500574285696722,-0.032197223126295492,0.0071504021231158224,0.026216616170306344,-0.031929954449264809,-0.024669526982712475,0.050315379119706585,-0.061144770720340171,0.035745116899085737,-0.01148424099567903,-0.025586589760445092,-0.01822640474608556,-0.10389831062207347,-0.058980425633037903,0.0048176589188229256,-0.023717018782546576,0.010914505904588728,0.01980986106035236,-0.05899096380784459,0.087126756525003096,0.023931600953393386,0.059456540688564111,-0.024065282585490556,0.11213669288101667,0.0060406674330579719,0.050511475675735648,0.044303674388236999,-0.022156204556765403,-0.038932970814858602,0.061253791358520882,0.088274899717399727,-0.0016659903671621707,0.032154451139702195,0.015404694839508442,0.073142023223578698,0.03777923080313602,-0.019748232331604113,0.031416598264948005,-0.07723745245663878,0.066023216212077893,-0.093008752511638315,0.010291995463125921,-0.030570752999066739,-0.019029714678658563,-0.04424260530349184,0.048525573309653236,0.00077011164976899282,0.011095219704909863,-0.018051183375986019,-0.030602279325199346,0.062076887365208694,-0.080483024155361058,-0.052839030663928831,0.017094183410064922
0.014353820172904576,0.015165259598312813,0.093411664529555793,0.012687686090953654,0.056007393653057548,0.016195097092492186,-0.017641895016338543,-0.021990770443153639,0.012572813565256287,-0.057915876598469959,-0.036639303513760921,-0.00046031687890761379,0.0019265186149044714,-0.088433551698262461,0.12041578314017429,-0.026982801763594529,0.0041929847982538886,0.011803447771603089,0.051099758866517984,0.0035372236481791002,-0.013061208201296914,0.0016803229512817974,-0.051550054317732734,-0.087802903609573671,0.037708088441607772,0.050545124969146288,0.10240879794278133,-0.057994768662802426,0.12142409848072071,-0.0099332271523812406,0.012511864847231456,0.031743859673759464,0.047630175416508082,0.0024238919868594341,0.027941914411091326,0.039734380772879448,0.10488606080633667,-0.028672205473349626,0.036040917873096538,0.0027316672220908909,-0.027148463513599012,0.0042887480676851901,0.086856175790234275,0.036986630857124565,0.012783722190257134,-0.032625685439092438,0.087696020017658805,-0.016656678504181829,-0.043327833776653009,0.00025356789042787234,0.02594738171537422,-0.045453915069522184,0.039636434539717338,-0.053730257388783287,0.049642095189629191,-0.092682627083205377,-0.050185219522059656,-0.070580153133175491,-0.020114519178692485,-0.047317331101973892,0.025700321527744534,-0.0059006348187848447,-0.0087132588585571418
0.054153500234795066,0.014915089234181061,-0.00012482704261719725,0.079981031236261574,-0.0054246471521187702,0.066671353225931804,-0.063293277924648589,-0.030188224516860714,-0.030964407673401102,0.039126049841099922,-0.080084715739933462,-0.043046509751165467,-0.040656522888032398,0.033932826137846608,-0.0057118248916797594,-0.051501210736133451,0.0025387463739654408,0.088987799877805446,0.0015301210130566067,-0.089781443613239101,0.021526063524189898,0.037748216820987619,-0.043329659090622856,-0.048605908388512468,-0.0061411197849466229,0.081766337083530705,-0.11269506763868667,-0.00021154705777460815,-0.040037288024439108,-0.018786958882501516,-0.03143806453689621,0.046308650289670364,0.03043822858660359,0.0059283731684609759,-0.0083132421161637039,-0.080995977505501721,-0.032886600541184384,-0.037180988449092803,-0.13825436930109022,0.00056946870849489855,-0.054528256927760282,0.011191038859532855,-0.0037429554525014288,0.017393944992502821,0.017699368525051464,-0.07827091258687624,-0.040392579221294037,-0.015804155493900063,0.06602321621207756,0.029862661844315762,0.016958835814168266,0.010046477791684445,-0.089461631660938026,0.022703351003972323,0.019815153337280358,-0.06771260491172168,0.00067973405975177165,0.030866847728821485,-0.052841027278924084,-0.052016105920797882,-0.032706466642272329,0.045988829830030477,0.06895021550779136
0.014353820172904885,0.0097707760492475853,-0.05709087572978537,0.031851041009322199,-0.11549053585040553,-0.026125149912054883,0.0050745489791587124,0.082164560679720486,0.012525419928992433,-0.08430151462750371,-0.00037791471665106117,0.046344823395640736,0.051980321856783883,0.083538273717390185,-0.0042113941929138587,0.049348785873842442,-0.14922501228714807,-0.031715199461361164,-0.0086051162276651796,0.029617965481907156,-0.050569566535370911,-0.019326968896617384,-0.081776947075847622,0.026070060042073125,0.011696822867281848,0.052297664790517659,0.0078966088022137653,0.068613633855963793,0.068606066565274321,-0.02175204188619986,-0.040659137117777647,-0.00045483525710482431,0.035883306341151965,-0.023401556864408753,-0.10266032581444573,0.0034771679272477349,0.016496475390553114,-0.050039403845537858,0.015374756105109272,0.015325123471216211,0.033744665961689922,-0.0085469303728952783,0.0035636338874412633,-0.095184866428491818,-0.00029256346914417904,-0.034328682805876483,-0.025140882518678822,-0.039503541851865241,-0.043327833776653869,0.010907110199076617,0.025820938401473776,-0.002940765884277264,0.019957159741263567,-0.031216169522190352,-0.092441924936290457,0.04043373851267569,-0.016594667236821323,-0.044915935508310266,-0.078598300978439839,0.0078020219866111046,-0.067922301273939223,0.058216158538813609,0.016889335594076696
0.054153500234794552,-0.07914974335362937,0.074900467517094699,-0.042074498506185221,0.057281291081864805,-0.068900672148829251,0.065962434397290631,-0.034951879573681677,-0.052134190888662425,0.005861940391421178,-0.019444277774503891,0.034259902373107297,-0.0045387814822391605,-0.060980049254499243,-0.021231079579248788,0.047563456018120037,-0.0046263191684292283,-0.005714532028063885,0.037087946480168339,0.067288063394802186,0.029663602379841059,0.011700822408790466,0.052008936429191008,-0.013515706896458705,0.043321399159931322,-0.061690737555993226,-0.03538211822290388,0.061786518214543354,0.0070583678476844967,-0.029487206382111955,-0.030826592282324174,-0.079197580595750813,-0.023641999716375567,-0.016542992089169248,-0.013068706281949555,-0.11846687974556164,-0.0020655232650701343,0.016211726246157066,-0.048800716119114192,-0.047882516151324925,0.05015284366032232,0.017618945449666499,0.058432967835977949,-0.10062640300844247,-0.051934666465646338,-0.037065102627332605,0.019105791914390491,0.110691546956276,0.066023216212078378,-0.09300875251163912,0.01029199546312543,-0.030570752999067589,-0.019029714678658449,-0.044242605303492229,0.04852557330965198,0.00077011164976878454,0.011095219704909834,-0.018051183375985217,-0.030602279325198437,0.062076887365208916,-0.080483024155362071,-0.052839030663929691,0.017094183410065199
0.054153500234794712,-0.015015185821426982,-0.0006844276408857976,0.0092803288848689863,0.0090132581555762235,-0.0039177472792327759,0.018109508506296199,-0.011513001740972771,0.01289691522613339,-0.012577726676644568,-0.023792496674480704,-0.038245302791703809,-0.071682941107818227,0.020827989475975008,0.0078444787959299801,-0.068064002176341301,0.0079186718449825531,0.0067174981376571319,0.051067514424515598,0.027407068491046575,-0.039085737906663212,-0.050748348061110692,-0.05191991339637176,0.05132872308706371,-0.038196931972652226,0.052032888333427757,0.063443350822307801,-0.11124904585080631,-0.011150359916717308,0.013868832943589728,-0.099329076188854656,-0.068147605156123892,0.031200062860918417,-0.081864411462617054,0.063536687820324386,-0.02635490972775896,0.053087374853900776,-0.008210821992674219,0.051042123169060705,-0.0073599522029053777,0.092286348391260792,0.046187510636767529,0.10234704055477575,0.12772201784238474,0.0036225287761140882,0.0025631354378912231,-0.041032892791872923,-0.030239414373459679,0.066023216212077268,0.029862661844315908,0.01695883581416863,0.010046477791684496,-0.089461631660937957,0.022703351003972104,0.019815153337280251,-0.067712604911721888,0.00067973405975182847,0.030866847728821284,-0.052841027278924375,-0.052016105920797744,-0.032706466642271975,0.045988829830030276,0.068950215507790791
0.014353820172903452,-0.028938600237995781,-0.0033161755096600977,0.0072132751097902662,0.032354403125536946,0.034072477129565334,0.027089496260483736,0.036675320048974565,0.10000251601845618,-0.01773502651393586,-0.017101221253409758,-0.020128797046424472,0.080364786068009605,-0.023419215710686715,0.14763847470746458,-0.018681484581714185,-0.042108203909892762,-0.074590183879779268,-0.065953710564146562,0.036864128704722318,-0.013760434223957932,0.011959650727693744,0.0010155595668000883,0.038161720082783034,0.03077542722370338,0.088412774898962043,-0.083636457298822353,0.054681847533229452,0.017923416392482561,0.0045674286090406878,-0.023815223546074564,-0.02518670885040996,-0.12424718134315076,0.01385952986633991,-0.088958083630357995,-0.048066017468539148,-0.0011330425942044024,-0.048373677266881271,0.049658110530830558,0.05303114495869362,0.027012350425927627,-0.052922997464425491,-0.032880325474402623,0.025380816256190097,-0.0084602903395557295,0.042509945436336592,-0.0097648569839831178,-0.06177626691157314,-0.043327833776653085,0.0002535678904273864,0.025947381715373929,-0.045453915069522864,0.039636434539717651,-0.053730257388783072,0.049642095189630753,-0.092682627083205585,-0.050185219522059371,-0.070580153133175311,-0.0201145191786927,-0.047317331101974211,0.025700321527743954,-0.0059006348187839392,-0.0087132588585571158
0.05415350023479467,-0.020534136677367795,0.021917639961125154,0.021456106989978352,-0.0010441185916151869,-0.067128514217765597,0.030669595718073258,0.01205142271385622,0.017074571976288675,0.056142723522551972,0.020306339868864487,0.034817359620220062,0.16892955743069313,-0.076005167897125719,0.050207765844632934,0.078022103446418398,0.037907349431769183,0.024153860571338243,-0.044666567020781901,-0.07130115295324374,-0.025790948821147516,-0.022693389087643605,0.076637903596875709,0.0059676747825204313,-0.025197926071374287,-0.0088455890963739306,-0.022527006014820373,-0.040082512745251798,-0.021728593703382568,-0.051077899594369841,0.052247012901492564,-0.023528596131606135,-0.082143843640356609,0.056812912310378764,-0.018538974198015559,-0.09299258707289991,0.024143174548120903,0.043960335757623342,-0.057652614548331448,0.033257216264545163,-0.0333715417587312,-0.069646589330274594,0.019129559025370321,-0.074926475137448031,0.0088972461420395998,0.0048856706125611112,0.0094757286498457077,-0.037637497530019139,0.066023216212077462,0.02986266184431529,0.016958835814168235,0.010046477791683519,-0.089461631660937693,0.022703351003972094,0.019815153337279852,-0.067712604911721763,0.00067973405975149605,0.030866847728821069,-0.052841027278923793,-0.052016105920797841,-0.032706466642272856,0.045988829830030303,0.068950215507791138
0.01435382017290443,0.053361257137353686,-0.015830967834779663,0.083200401964803175,-0.024248679644847095,-0.043928931467413293,0.061058529054871767,-0.054291928847948485,-0.057465973650224912,0.075401946078201346,-0.023709793004196233,-0.049041768689189913,-0.012452611111851546,0.13555933827221439,-0.018259336805627517,-0.097257009557195503,0.022063231502736379,0.063366784512030511,0.089644714843159404,0.019243177565768831,-0.014803581344539858,-0.071880368043564236,0.0049447734168089124,-0.023082779526639018,-0.022776258279994164,-0.0088059650967758848,0.075172414573926191,-0.030814829558031553,0.015792473522267866,-0.089548231169305645,0.012377250847534139,0.091898933107128031,-0.020595143258661231,0.049374749328652739,0.0071107854281047458,-0.018438391850909751,-0.044079167137083236,0.022739146561296393,-0.067881817593489394,-0.028444717488372708,0.060461098821610604,0.025551786443681043,0.055595063633075988,0.050966371494984092,-0.001636111835917071,-0.031161096410385863,-0.014831428627370283,-0.01648587954997574,-0.043327833776652287,0.00025356789042809438,0.025947381715373953,-0.045453915069523086,0.039636434539717422,-0.053730257388783259,0.049642095189628553,-0.092682627083205418,-0.050185219522060009,-0.070580153133175019,-0.020114519178692475,-0.047317331101973781,0.025700321527744339,-0.005900634818785529,-0.0087132588585570291
-0.082861140580603163,0.079359003661334832,-0.056192354743188198,-0.12335626148849264,0.00086383725178765909,0.078913413459234999,-0.019977675683599174,-0.022717842623513188,0.0095243014477150532,0.038144702628150763,-0.016624841761276498,0.016424614760829123,-0.022805719954972964,-0.0035344045944695137,-0.072321151040930523,-0.046181920028499385,0.045080241028989748,-0.018956243571748816,0.042729934020689656,0.041059286873867999,0.0096451435165180108,0.064999541626546142,0.027841634809842784,-0.05594869215292525,0.082684146917997386,-0.0081097872856186089,-0.06852605525174614,0.055751824979235906,0.072213533306842048,0.046217345817783188,-0.040156004254592731,0.0093776653783123696,0.039258181762448614,0.050781503889567516,-0.069956464773005711,0.057950587651548688,-0.041469581931685304,0.06698120014722779,-0.018197136961593464,-0.05219783936420546,-0.0021758794621066662,0.022148491177604836,-0.076584208389601893,-0.0045600666147851019,0.087608411881350226,0.0070389381644689946,0.065551652269665597,-0.0081851919493259942,0.020632451341227362,0.029862661844315092,0.016958835814168613,0.010046477791684582,-0.089461631660937832,0.022703351003972156,0.019815153337279637,-0.067712604911721694,0.0006797340597518431,0.030866847728821423,-0.052841027278923945,-0.052016105920798528,-0.032706466642273092,0.045988829830029429,0.068950215507791193
0.014353820172904756,-0.015731311214308732,0.066874116846913037,-0.017873803494710086,-0.0031685586464153277,0.021368185826826234,-0.052183520498170537,-0.0106631064996449,0.030633777401169408,-0.061508044000762888,-0.012409726704741464,-0.0030061880276486207,-0.013308227389648311,-0.019709281098093768,-0.090804674695213181,0.029113905878356681,0.016470699124933739,-0.052999219971486274,0.025507023326644247,-0.044701813654272587,0.071886011514778053,0.095237705086866159,0.029019370677023416,-0.047369974384781459,-0.065551504667349825,-0.012882478951195531,0.083733083380085671,0.016153350718809623,-0.025453036353260253,-0.016036571716768758,0.04343043991240024,-0.11291967089746462,0.04991842203970305,-0.078108742214375596,0.032866468126755317,0.011410061953245792,0.040631677283076935,0.026533202403589973,0.0099000137130781825,0.066463720945882473,-0.018395044973422533,0.0055183711042786025,-0.030889060543744615,-0.080448960746413944,-0.013488510641992097,-0.052194175514412688,-0.045944780599857966,0.14932598868174307,-0.043327833776652426,0.00025356789042757646,0.025947381715373901,-0.045453915069523093,0.039636434539717304,-0.053730257388783863,0.049642095189628963,-0.09268262708320564,-0.05018521952206019,-0.070580153133175172,-0.020114519178691954,-0.047317331101973961,0.025700321527744166,-0.0059006348187851734,-0.0087132588585569024
-0.082861140580603981,-0.043809681162540026,0.034959142422948439,0.092619825613645179,-0.0088329768157486728,-0.0078671519622369075,-0.028801428540771005,0.022179421650629912,-0.039495788650137025,-0.081709699474058081,0.020110998566893631,-0.012996671589345825,-0.07444089636790148,0.058711583015620156,0.014268906400367683,0.036223818758422087,-0.09090626230573616,-0.01191511513724681,-0.049130881424423123,0.0028347975883288397,0.055231543211292165,0.0084421955222071885,-0.052559625010347083,-0.001347705716659263,-0.019289288873970113,-0.03507751195143545,0.027609710444259215,0.095579733616822579,-0.039334579686741693,-0.0090082791670043055,0.087238067541954831,0.082298535909417589,0.011685599016990173,-0.025730004737329937,0.02495875115069749,0.061396909149110078,-0.035760967470336039,-0.10273071391217693,0.024807628340864279,0.026300575302566104,-0.056738927170422622,0.00131058751590171,-0.044892391190543807,-0.048235476090152413,-0.1001281867995044,-0.014487744214920755,-0.03399448812763791,0.076062103852805041,0.020632451341227202,0.029862661844314669,0.016958835814168259,0.010046477791684614,-0.089461631660938026,0.022703351003972177,0.019815153337283047,-0.067712604911721708,0.00067973405975165348,0.030866847728821534,-0.052841027278923404,-0.052016105920797688,-0.032706466642272246,0.04598882983003226,0.068950215507791221
0.014353820172904814,-0.0086913456850493866,-0.047726973502473388,-0.072539873579883257,-0.0049371648342735139,-0.011511731488978307,-0.035964504817184412,0.028279715298618901,-0.073170319769401304,0.0038411244364975985,0.053220740962347073,0.072176753763263851,-0.054603947566510207,-0.092430841463433819,-0.038574463206623749,0.086824588260551824,0.0035742732822284726,0.064222619339235898,-0.049198027605656967,-0.01140549261621816,-0.043321995946279869,-0.035316987770994748,-0.034979703660632862,0.032291033828637253,0.05755233572364115,-0.066724330850990166,-0.075269040655189065,-0.040020368694007394,-0.0082628535614904155,0.10101737427703426,-0.031992467213859073,0.046207446640746941,0.094923902562108448,0.014874463019382674,0.048980830075497937,0.055094347366203326,0.0045805324482098286,-0.00089867169800683167,0.0083236933495803699,-0.091050148416203583,-0.069078404274114727,0.021852839916465923,0.0081743223850714274,0.0041017729952387586,0.023584912817465518,0.0408453264884613,0.070541066211211256,-0.071063842220194962,-0.043327833776652801,0.00025356789042713785,0.025947381715374192,-0.045453915069523079,0.039636434539717234,-0.053730257388783599,0.049642095189628949,-0.092682627083205626,-0.050185219522059579,-0.070580153133175408,-0.02011451917869285,-0.04731733110197419,0.025700321527743729,-0.0059006348187855637,-0.0087132588585570863
0.014353820172904458,0.0077317546934780185,-0.031024731741548357,0.060561756770206136,-0.029287052137858521,0.0053555489635224666,-0.056047727161404499,-0.026211143820421914,-0.023339533451846008,0.031278926476562302,-0.00027471012003773524,-0.033765022082742582,0.021240432144480802,0.045593616438238213,-0.084525053986763646,-0.0067055837382921802,-0.076396210583985769,0.03131163996194436,-0.022002693866584575,-0.037675547093680109,0.10512877422502626,0.032592189553442341,-0.066388760514264775,0.16268437238910224,0.0369176810190565,0.10367810619243786,-0.023608976857549278,0.020589808693025034,-0.019690758558712353,0.045050814793273782,0.047855351843539007,0.025901552439540381,-0.0097851379634806834,-0.088705919091670971,-0.042618787619525166,-0.012863409904584665,-0.07908425775025843,0.044394199016630206,0.0043666703722524906,-0.031457915276154165,-0.030355667971518834,0.0015893589549587186,0.030428614822515822,-0.075157186831914385,-0.071191163831931539,-0.010749183998696893,-0.0071319696864928931,-0.033454927165316853,-0.04332783377665262,0.0002535678904274006,0.025947381715374133,-0.045453915069522691,0.039636434539717366,-0.053730257388783252,0.049642095189631356,-0.092682627083205224,-0.050185219522059767,-0.070580153133175241,-0.02011451917869268,-0.047317331101974267,0.025700321527743757,-0.0059006348187838325,-0.0087132588585573829
-0.082861140580602899,0.050089342688767892,0.067729350453005155,-0.0095612773985966331,0.026687517258231843,0.03774740596672712,0.045852716319146676,0.013989546578210485,-0.050834623527677793,-0.043307589707360983,-0.039630428327638467,-0.026079151233528469,0.08193893027612599,-0.031880102162689224,0.020007831845362319,0.010891011230235699,0.033703370285643262,-0.0081446040362381494,0.054311136380633618,0.10692659254626653,0.091875591932419121,0.034302937043432,0.016419917298509314,0.08552001224182279,-0.008507576526113822,-0.090088740035576556,0.024979821123956646,0.048257391053573254,-0.026285877599778063,-0.080760415781708644,-0.0052146397461153814,-0.056803605829338917,0.024533133830863536,-0.048110236352190021,0.041594758176701482,0.03504556343178742,0.13903760470326884,0.023048197040831605,0.023930342877979811,-0.01229031192475937,-0.014544218527515942,-0.022605709940804245,0.055074785707824626,-0.02487273534709343,0.010563525599258475,-0.028002794185160169,0.082593625297668533,0.016172308506354222,0.020632451341227442,0.029862661844314974,0.016958835814168394,0.01004647779168439,-0.089461631660937804,0.022703351003972198,0.019815153337280067,-0.06771260491172193,0.00067973405975135944,0.030866847728821228,-0.052841027278923675,-0.052016105920797827,-0.032706466642272933,0.04598882983003022,0.068950215507790832
0.014353820172904397,0.0068429776390275523,0.038356017055045176,-0.0013079533526221519,0.032160746159606152,-0.029012443387043629,-0.029434671808893906,-0.055847622973418741,-0.0042701172058006009,0.046800917935426546,0.083998204163736101,0.031237425314146357,-0.07269587859767819,-0.13685095194660754,-0.023103148089902974,-0.11068262444362047,0.0039405395257329674,-0.04290294150261794,-0.064924733558634359,-0.010029809858574866,0.027622452762347895,-0.089976869613816082,0.0028116755364763629,-0.012000602660671447,0.032440364286678125,0.033505150369335025,0.077446091183979326,-0.093400729238775668,-0.072420491335146026,0.059258050993883093,-0.094927788498593013,0.040823982262809866,-0.036665021033922732,-0.017602163791209571,0.04524342018274731,0.018466477680727175,0.043839475852777178,-0.059930005750821733,0.038152534581410887,-0.028131618166345396,-0.027819429998426667,-0.02929706056261434,-0.012371013478313304,0.014046127451146103,0.0070726122397795224,-0.040882152678491816,0.058990637273087343,-0.0090350912382139922,-0.043327833776653425,0.010907110199076371,0.025820938401473714,-0.0029407658842775966,0.019957159741263431,-0.031216169522190595,-0.092441924936294856,0.040433738512675718,-0.016594667236821285,-0.044915935508310342,-0.078598300978440033,0.007802021986611324,-0.067922301273939778,0.058216158538811118,0.016889335594077029
-0.08286114058060369,0.0065827399820641034,-0.075605942620655078,0.023478069731698723,0.045451269379419915,-0.030830036216190453,-0.1093355415580312,0.017058611178836808,-0.029301329898820443,0.039291720372192453,0.013995493293321433,-0.055172807526514558,-0.021523250636001513,0.077187412308872619,-0.042116912545377069,-0.067753048167923144,0.0660397387348685,-0.015657520554240016,0.059814079354018786,-0.0026652478109997955,-0.052270356054307472,0.11008891468858131,0.053750989150447563,-0.00092736728510677316,-0.063396129943681365,-0.004805555997921835,-0.038262026194918732,-0.02423122305547367,0.044781225106285606,-0.065333108578794791,-0.032710338406040589,0.078430601615273737,-0.0084899341405932603,0.061440956208824032,-0.016102021069591476,-0.0047017344611729323,0.013024173790098686,-0.029639155359922884,0.019258019529138116,-0.0092341178773747631,-0.074191572748801865,-0.052075596164999509,-0.0072446154731008704,0.014760154129076683,0.10904309896895797,-0.045290936607405657,-0.065542697125981653,-0.0437410657336261,0.020632451341228614,-0.093008752511638773,0.010291995463125264,-0.030570752999066711,-0.019029714678658376,-0.044242605303491944,0.048525573309650336,0.00077011164976886098,0.011095219704910257,-0.018051183375986008,-0.030602279325199235,0.062076887365208805,-0.080483024155361307,-0.052839030663931127,0.017094183410065182
0.014353820172904014,0.026787669474926654,-0.068804903372783707,-0.053084510406843144,0.039858703615754977,-0.0014837112723366228,-0.0018320948500080672,0.15121759030897161,0.0038219855879810375,-0.0017160053032035034,0.04855982167507944,0.026123611923669184,-0.023828331475156575,0.035641947226048555,-0.051724333308554089,-0.044830714860787983,0.00038542601853397212,-0.054850007106038372,-0.017339918749749762,-0.018372455030642942,-0.012802247189295981,0.044807537082665036,0.050858941839771438,-0.0063184031604692084,0.029707216973265387,-0.077200514472617679,-0.070476008596026651,-0.019236506064677219,-0.03592642052949762,-0.051873690794641068,-0.0039043703789834725,-0.021636679832541059,-0.06120027815609376,0.075221539434943682,0.043750401075323554,0.087351098037049796,-0.031553144005830105,-0.033035534539407323,-0.063132045189986385,0.048337171015086076,0.10105698210580027,0.019844112082320221,-0.028640688451867107,0.057914078316490591,0.10240272423857213,0.0020908208392772733,-0.019412518419915741,0.067773258309965834,-0.043327833776652641,0.00025356789042747026,0.025947381715374269,-0.045453915069523627,0.039636434539717311,-0.053730257388783502,0.049642095189629462,-0.092682627083205321,-0.050185219522059461,-0.070580153133174964,-0.020114519178692409,-0.047317331101973878,0.025700321527744041,-0.0059006348187848794,-0.0087132588585567862
-0.082861140580603718,-0.0549676557306088,0.0048148214996029271,-0.078292897066401898,-0.035168288743965652,-0.053120500133330674,0.045080055758361812,-0.0055100328207721445,0.0061242231887900078,0.071289427397195917,0.041848862580016702,0.099759496677090512,-0.033645449106862332,-0.067274805611363994,-0.0074245177287408995,-0.032551416349170324,0.026912966173433063,0.0077842347206641066,0.043109850507895085,-0.074329491539252779,-0.014593025460225484,-0.11745642923849199,-0.020668494055336845,0.0055812221847790352,-0.070498878557854638,-0.026124429513876217,-0.0026267329855497782,-0.05320333522575111,0.031863756605474032,0.083851140012753969,0.018263071925495235,0.0032988187901480033,0.010732345148127122,0.046751446271345837,-0.020793404715437738,0.015383539530592938,-0.089869292584385863,-0.03305613961763073,0.14834185387393337,0.021188391351622995,-0.016879063824082736,0.021918577075884394,-0.01889176610579486,-0.033593504992162071,-0.026127581195893285,0.038426261265620786,-0.047959130357324402,0.0089852058066513772,0.020632451341227355,0.029862661844315252,0.016958835814168075,0.01004647779168452,-0.089461631660937804,0.022703351003972184,0.019815153337279914,-0.06771260491172193,0.00067973405975182792,0.030866847728821433,-0.052841027278924035,-0.052016105920798111,-0.03270646664227226,0.045988829830030213,0.068950215507791027
0.014353820172904607,0.029596551871464125,-0.090676222396025505,-0.012150000193454347,0.050573243551445726,0.059971652262345694,0.0021339721857847327,-0.035116107667559793,-0.024548674839313472,0.039068647595187994,-0.025230576711755288,-0.035945997897069627,0.060897143725884208,0.020942258106599318,0.045937365961852203,0.083447835401188858,0.10270782106461616,0.012260223247468715,0.050964721117393245,-0.00018539292997752445,-0.027473546833107231,0.11413984015797171,0.051541999404928839,0.06199161349497103,-0.090672714490440093,-0.035002179413087295,0.065847785368069067,0.004882740985884238,-0.023169272021281211,0.017939307761257156,0.088194111333845179,-0.060733112871263227,0.017813180290871863,0.028347669506291241,0.093681621675984567,-0.046985722795218496,0.038162126224034074,0.014505097589016146,0.015529455347136531,0.032551643364782543,-0.08624581299863103,-0.050524349920893552,-0.01518151148790972,-0.003949355737576642,-0.0046578127016709409,0.060363901511824879,-0.046011386955313198,0.016765818538042775,-0.04332783377665312,0.010907110199076853,0.025820938401473315,-0.0029407658842778629,0.01995715974126357,-0.031216169522190782,-0.092441924936296591,0.040433738512675538,-0.016594667236821421,-0.044915935508310176,-0.0785983009784402,0.0078020219866105946,-0.067922301273939667,0.058216158538808967,0.016889335594077123
-0.08286114058060437,0.073878987638229476,0.00024915665871747688,0.074220425171173193,0.012675799640011311,0.017639048781647064,-0.01976089362791289,-0.021067690293304447,0.069497610382717623,-0.0036530864779169845,0.037646007607477626,0.01376250303029233,-0.00015458405206487342,0.015722591394891967,0.088017519107338932,-0.030125786969903496,-0.00026864884609830429,-0.014373064316780915,-0.085417784838507704,-0.039036225823358001,0.040833158420552552,-0.017891426475298441,-0.046779499946601535,0.0096254152627417745,0.043791749566295626,0.055581787649327016,0.053834283357471042,0.021435668648775101,-0.13896634947897191,0.070888714007512899,0.0040803899997998438,0.024832261565966959,-0.080004759024048022,-0.050938631552712034,-0.021340748324195472,0.078864939818498445,0.01119755403173618,0.052360399928623673,-0.031711094768543627,-0.031158265688698998,0.025704719455641196,0.0023021995756314266,-0.066593047202384403,0.012724225655788292,-0.0948876633064476,0.10210427156634133,0.015020306946642506,0.010286971233988978,0.020632451341228226,-0.093008752511639287,0.010291995463125423,-0.030570752999066881,-0.019029714678658185,-0.044242605303492173,0.048525573309652077,0.00077011164976919795,0.011095219704910026,-0.01805118337598605,-0.030602279325198798,0.06207688736520834,-0.080483024155361904,-0.052839030663929545,0.017094183410065231
0.014353820172904222,-0.021103989590229168,-0.035987599691675323,-0.0083539030005850903,-0.068919581110697195,-0.0094548018497527773,-0.025510856399728582,0.11588641429160665,-0.035792693950323813,-0.078448474448399627,0.086316241205902464,0.034983769121173618,-0.016047692771742714,0.018914540674580371,-0.0096564221789672625,0.083197712690370559,-0.013008856996183357,0.0073929423620582909,-0.037033595996247705,-0.05466737576129882,-0.077372945521233305,0.042186302584238798,0.01514306001850339,-0.0071279193287529449,-0.010512380409659574,-0.048083224045364983,-0.014879343235475375,-0.11556478867700079,-0.0022291841475677236,-0.049699924396165072,-0.018208607089915094,0.03033064246242867,-0.088242387245832582,0.011326846433391449,-0.081404594423899676,0.035402317567144383,0.065762825916835382,0.055148011227935965,-0.031601863609439292,-0.095428302798695699,-0.03138453546797771,-0.035283495811619228,0.07130832290863183,-0.033283597520808658,0.059318388577031048,-0.012614042203346677,-0.050843785290560592,-0.014905615437897066,-0.043327833776652135,0.043011936214325086,-0.096898015257268183,-0.010432601765712169,0.0111961986365052,-0.058349105905013979,0.043192043521111251,0.0071038057082272125,-0.029278050451096851,0.086895344752633538,-0.02096568066330752,-0.0073810994511949463,-0.054825831299544443,0.00079467586421534892,-0.021541515879203065
0.014353820172904503,0.10989973592247371,0.027781889416033035,-0.022576033274881516,-0.025050796567492227,0.12394550914257149,0.06379744889140801,-0.039381863945266396,-0.010842500989081636,0.02689847579722221,0.015531776538854748,0.0096911742966269733,-0.024533749477157151,0.0037196951860630888,-0.033422147198304879,-0.025395866115007028,0.045000561872455561,-0.042879745319878294,-0.0084772254030591482,-0.12590255762213454,-0.0078053960338228794,0.015575038263642222,0.10631159702374329,-0.045695707684802168,0.06011154029041129,0.099887861082149573,0.011218338540890471,0.049593335755377763,-0.078862578273373743,0.041400479283482651,-0.067800341293189556,0.016727592419820213,0.017978687924353486,0.016941597059592604,-0.043349953926387477,0.02935705629400388,0.028995006644374603,-0.10465872553745223,-0.045307485567650865,-0.042866179941790747,0.0038965085865976931,0.013721810067575398,0.01810318557685248,-0.017792892642074946,-0.051199081967652917,-0.0094655239550176223,0.033996796700356602,-0.016065465011099213,-0.043327833776652738,0.00025356789042733588,0.025947381715374293,-0.045453915069522823,0.039636434539717394,-0.053730257388783169,0.049642095189628206,-0.092682627083205502,-0.050185219522059642,-0.070580153133174811,-0.020114519178692471,-0.047317331101974273,0.025700321527743899,-0.0059006348187856644,-0.0087132588585569857
0.054153500234794524,-0.15676661636817518,0.025458982832978587,-0.028679646771235436,0.038401488135229624,0.023937348723253534,0.030361121379044485,0.021544760247338042,-0.065921750567363838,0.021810508802720587,0.017546265839656724,-0.076990187678665833,0.041607257031619618,-0.0073631037957004025,0.02917203343882013,0.019821721956365269,-0.064903852638620058,-0.054330786501780269,0.066962648263244981,-0.0027581648646564758,0.11475345542972376,0.049076631368042967,0.029387686169098943,0.050149347424836004,0.0058610504486895218,0.03905039616679272,-0.033241103569109455,0.025521844481702648,-0.017067255267334096,0.04781715431179024,-0.0049926908320819278,0.070595970333913405,-0.041998449996424249,0.0020526250538700462,-0.08775216798810688,-0.06156205603784122,-0.034008767576123033,0.04831369027890655,0.065714779625462516,-0.027595428224576262,0.011076815482931461,0.076347847201202815,-0.0090975407230094747,0.063358235089308296,0.0025893499614695601,0.012893385741545006,0.04614263970897501,0.023066239116203008,0.066023216212077324,0.029862661844315137,0.016958835814168505,0.010046477791684544,-0.089461631660937957,0.022703351003972104,0.019815153337282964,-0.067712604911721958,0.00067973405975204357,0.030866847728821631,-0.05284102727892389,-0.052016105920798202,-0.032706466642272863,0.045988829830032142,0.068950215507790805
0.014353820172904663,0.0051542083018780221,0.05333137473539741,0.059833110249786638,0.044176076502348255,-0.095885201619243576,-0.11565380025409214,-0.010776732993238156,0.09224271131352528,0.014115620093702298,-0.056117510305094945,-0.0059428784703417087,0.035503034322186496,0.022586855886514136,-0.038604082392294077,-0.02794516337677893,0.038002579978511385,0.035313949098814058,0.0080998460777206415,-0.076820285817194495,0.029474170798925319,0.012327195252005554,-0.043767588539167061,0.0080524137855284336,-0.022253676751699449,0.063936974175390571,-0.063461888621637458,0.026088645951937932,-0.062961020403542456,0.025829906979228129,-0.039331754740399093,-0.065547074217181825,0.1124980786466154,-0.099855805839592471,0.031881794995943541,0.014437045423462871,-0.0010999410385029149,0.074382185973103518,-0.022919985875125615,0.051926730625502654,0.068404282556866508,0.069243642032996905,-0.018831599196421519,0.027119560545866232,-0.024961575359001915,0.046045585353451081,-0.019618733737227185,-0.015893971803498906,-0.043327833776652634,0.043011936214325551,-0.096898015257267753,-0.010432601765711796,0.011196198636504782,-0.05834910590501418,0.043192043521110009,0.0071038057082275265,-0.02927805045109701,0.086895344752633441,-0.020965680663307243,-0.0073810994511948995,-0.054825831299544499,0.00079467586421424683,-0.021541515879203204
0.014353820172904146,-0.010402418692408859,0.0036349279595246859,-0.0038060827496327479,0.092783640064652853,-0.051765112592865696,-0.02988156534916583,-0.074075394222402974,-0.0097138707676294178,0.038123649512313715,0.039966920330642378,0.0052774803265646635,-0.036600344676666015,0.11011238786907707,0.027777497363605953,0.062907350859788297,-0.00049279493496760156,-0.047854984072310397,-0.10571684250532785,0.11772853615830578,0.02631935046134105,0.063564376847006221,0.0045173022066139421,0.028190300484863626,-0.05372294298855454,-0.014732360720946455,-0.014516808236143175,-0.071502762641372924,0.12324576269457391,0.0059108841275983572,0.047899424833014161,0.06792127268495296,0.042138164770641709,-0.01465716205277774,0.05000804536525609,0.017533468932560203,-0.013510035993031896,-0.04347049644914789,-0.032461454658851106,0.056957111788713571,-0.043885360908279124,-0.05861167723700754,-0.027576874149131285,0.020085469045209688,-0.0095579170379476233,0.044222638138590599,-0.044706517877784846,0.025621335494025763,-0.043327833776652627,0.00025356789042764102,0.025947381715374015,-0.045453915069522947,0.039636434539717227,-0.053730257388783668,0.049642095189629407,-0.092682627083205599,-0.050185219522059545,-0.07058015313317513,-0.020114519178692478,-0.047317331101974142,0.02570032152774426,-0.0059006348187855473,-0.00871325885855667
0.054153500234795135,0.066207060061052952,-0.090123890257905612,-0.0085953229235344198,-0.067582602584959059,-0.03693374827355831,0.068906071367526064,0.059944879692924273,0.084129557076471712,0.0042702398525556566,-0.014688956587547092,0.12068876115320389,-0.061628140588735558,0.015909492015272957,0.00027784166047385651,-0.047980208081134117,-0.00019096690078596021,-0.0084753432616601742,0.016792992719102329,0.042651912029663036,0.052066648894574422,-0.024776178443872539,-0.075261033831674609,0.0062656926188976968,-0.048999491365047665,-0.023774462256713355,0.047590833314068208,0.055634234777718526,-0.032629871122757385,-0.091238820275411872,0.063717893036828413,-0.00025207260804691392,0.045719907518530903,0.067993047495119932,0.034459832391163216,0.01377284107754362,-0.038660867498381532,-0.017940484990433381,-0.059282864296073309,0.034044334897131073,0.064144943557369799,-0.045531854554830158,0.0072713929550325945,-0.017738025254721401,0.029936786648134695,-0.061630727622705155,0.03718499060956125,-0.067219005296928327,0.06602321621207724,0.029862661844315432,0.016958835814168613,0.010046477791684291,-0.089461631660938026,0.022703351003972479,0.019815153337280667,-0.067712604911721208,0.00067973405975175886,0.030866847728821541,-0.052841027278924299,-0.052016105920797917,-0.032706466642272454,0.045988829830030713,0.06895021550779111
0.014353820172904101,0.054305788900369439,0.025755019266828393,-0.012369048663511389,-0.016328328163764394,-0.01956999110467085,0.11807602723775332,-0.024151648425378595,-0.036411288532768975,-0.026596455521012065,-0.075945027729256667,-0.039935547403993403,0.0050531220271356246,0.017332847632640029,0.029247930417449334,0.0039347499871668652,-0.0047188646026392195,0.049417584524746649,0.017984055086706072,0.059769965446384736,0.034457807591065225,0.014053092436849161,-0.041066343066989072,0.038353301705415122,-0.015396027789840444,0.0027873831925242817,0.10379839553832902,0.02424702800528767,0.05847658411394277,-0.05636537850520458,0.089008390059785711,0.044955316308123848,-0.011300780340724357,0.022580514381339383,0.1087945007500675,0.011388237474080885,-0.052700856803378486,-0.12115437241155247,-0.021818387112182046,0.0070013006907687896,-0.072903253307840754,-0.03318905362623506,-0.045033751935540121,0.039023891381930319,0.035584536945113682,0.061875844168450905,0.099190844835421579,0.030536394216464736,-0.043327833776652343,0.043011936214325579,-0.096898015257267975,-0.010432601765711699,0.01119619863650498,-0.058349105905013653,0.043192043521111043,0.0071038057082275794,-0.029278050451096833,0.086895344752633802,-0.020965680663307271,-0.0073810994511948995,-0.054825831299544485,0.00079467586421496067,-0.021541515879202819
0.014353820172903726,-0.080156927821389973,-0.021743826678998539,0.037702477130789357,-0.0024646362028753954,-0.10973545701960841,-0.029446458703549012,0.023701297880587696,-0.026551312947046338,0.017738000547168536,-0.04179243095195289,0.019527254391111755,-0.069241939072014397,-0.10351213824094926,0.039045960804842732,0.0064053970035978756,-0.028514719632529759,0.03349690729511115,0.15714747233297507,-0.034065426439331525,-0.015063518778330339,-0.0084486154700814491,-0.018558349423706256,0.026374816041788901,0.036867928636076304,0.019863182589984339,-0.030920504144007037,0.022459423825725466,0.014880712280127408,-0.065831590764719949,-0.009989476525152037,-0.10680001651440636,-0.036846757229404205,-0.027219860590694478,0.0096072599095955273,-0.014606948636801105,-0.054587856461565686,0.053182245903651705,0.077294366266345366,-0.048849599424211118,0.039250933158459511,0.069569590748181573,-0.039662594863507067,0.072126385911851262,-0.021660839474724712,0.048561812173443922,-0.024396461793117937,0.037748653354058331,-0.043327833776652648,0.00025356789042770976,0.025947381715374113,-0.045453915069523218,0.039636434539717484,-0.053730257388783488,0.049642095189630212,-0.092682627083205626,-0.05018521952205976,-0.07058015313317513,-0.020114519178692638,-0.047317331101974003,0.025700321527744353,-0.005900634818784581,-0.0087132588585572875
-0.082861140580603815,0.08080719291620482,0.10076026910463021,0.041509047783903824,0.0095101034263211197,-0.026268410841439372,-0.014645045016109097,-0.036450761024555543,0.0021824414482006656,-0.0091855488910831083,-0.035305649322619412,-0.019165443451000463,0.011565965351299883,0.022664928132828336,-0.12000889504448814,-0.0077814379266000905,-0.0033316865631803179,0.015654708334779263,-0.059057464051842715,-0.036794839671027729,-0.087515725207484907,-0.0660829777891664,0.050604120863054262,-0.037879376208705531,-0.04067767620956779,0.034904509125990003,0.0037916101049313426,-0.04160716041031487,-0.038065793617888845,0.045725105583997748,-0.05197161366868993,-0.1093488270175645,-0.033201178326475872,-0.031664369594241626,-0.021813004006438819,0.024379359695334179,0.073815972257599616,-0.0033279547933077122,-0.0082443203947036997,0.011611939455601404,-0.03465001765131058,-0.018131519826198202,-0.13835779022290956,0.025694857399251453,-0.063759331496477265,-0.0152654792736096,0.045179659532542327,0.042471570696255352,0.020632451341227404,0.02986266184431545,0.016958835814168367,0.010046477791684069,-0.08946163166093779,0.022703351003971754,0.019815153337280282,-0.067712604911722263,0.00067973405975123205,0.030866847728821256,-0.05284102727892348,-0.052016105920797993,-0.032706466642272905,0.045988829830030498,0.068950215507791096
0.014353820172904711,-0.038356007612017594,-0.043098794310550741,-0.039110158585690405,0.041071832772112987,0.12490999457366651,0.023088629416066552,-0.080958032872990249,-0.020038728830432524,0.090929309875709158,0.045746296828449599,0.010894656753161099,-0.024508463577579288,-0.058834244193734765,0.019012574153812415,-0.059187299300757938,-0.020274858379683451,-0.092124475985619042,0.010949694831820773,0.071717696132108308,0.013440967131242803,-0.068566590273094058,0.069690871587652511,-0.039277796162191327,0.048162084951199724,-0.018641133322549148,-0.025457163681216245,0.065229114719775758,0.0067136204371675036,0.080235395922141003,-0.031468028229471957,-0.0097388845533704256,-0.012954911060058782,0.065948445024860858,-0.059271701322110716,-0.061227600464686407,-0.011962028074954282,-0.0083758247894876008,0.076340236596747643,0.036500271482424476,0.035883506218951561,-0.00077109259514252979,-0.0074429717766694367,-0.032859854406987535,-0.06994135016314186,-0.095307387318555759,-0.028728325807634132,0.00026319302493060689,-0.043327833776652808,0.043011936214324961,-0.0968980152572681,-0.010432601765711775,0.011196198636504978,-0.05834910590501375,0.04319204352111139,0.0071038057082275846,-0.029278050451096965,0.086895344752633982,-0.020965680663307125,-0.0073810994511953349,-0.054825831299544853,0.00079467586421549756,-0.021541515879202881
0.014353820172905029,-0.019340389408674954,-0.0096729906965592732,-0.011320361106274889,-0.065268207294284203,0.037555060469902479,-0.0044694248386927069,0.089755960287081868,0.047107684703756723,-0.08276012585670442,-0.013706265917544416,-0.034495909014302648,0.13037603322583718,-0.010319944814190797,-0.033401310970143636,-0.04391688174838021,-0.015993047304952299,0.057237822097078388,-0.04295340442458799,0.042239447903160615,-0.0034504356491874689,-0.070690799640566265,-0.092270549806651322,-0.0088694088418507407,-0.043256525937932611,-0.10501868295118695,0.03421897383926021,-0.00054999693973021885,-0.059263896701327999,0.018520227353639281,0.029890392985328255,0.022151151409633588,-0.023270095465591677,0.024935425583879359,-0.016265351348464137,-0.032283576589762629,0.039102885810222046,0.094946976082946721,0.0004745739601562806,0.034758667577288155,0.00073791916322281284,-0.024679723578749303,0.049136283435786125,-0.074418962314987014,0.082417838480325828,-0.08331892635701775,0.035106182970546268,-0.047304523836985586,-0.043327833776652475,0.00025356789042755955,0.025947381715373675,-0.045453915069523163,0.039636434539717331,-0.053730257388783446,0.04964209518962949,-0.092682627083205446,-0.050185219522060086,-0.070580153133175824,-0.020114519178692461,-0.047317331101973933,0.025700321527743666,-0.0059006348187845602,-0.008713258858557121
-0.082861140580603579,0.0097523633909176871,-0.036095361679703508,-0.0042340780891341077,0.019671011023408333,0.039264810391743857,-0.084622147730462297,-0.045038878915706522,-0.020390247957308396,-0.016895199764193063,0.032448340070510735,-0.024533130023537967,0.008454918205816505,-0.031211316352400899,0.09055901994519415,0.035939924051368581,0.068426506102591406,0.047151421428661001,-0.024698176930504277,-0.0030989074939790319,-0.079304379116814053,0.041782524864995091,-0.004730773200478944,-0.018535663835028495,0.083816117125926737,-0.050180443036069604,-0.018141339849889745,-0.039548918849105996,0.08776292000798068,-0.0023034396203774716,-0.0067535885360565902,0.039004929291697965,0.029479720804369832,-0.038381302954749105,0.075105339603382948,0.023409855264963166,-0.0011463371830946769,-0.02704525049516553,0.0018124050653145021,-0.018060846128155662,-0.040571741388990328,-0.012684472820175003,0.14018393799088674,-0.071315067233838861,0.031233194886872477,0.064002821154770281,-0.12850728985107809,0.001681195484470234,0.020632451341227345,0.029862661844315002,0.016958835814168155,0.010046477791684369,-0.089461631660937763,0.022703351003972281,0.019815153337278853,-0.067712604911721735,0.00067973405975173761,0.030866847728821069,-0.052841027278923848,-0.052016105920797688,-0.032706466642272065,0.045988829830028999,0.06895021550779136
-0.082861140580604647,-0.028072127475441563,0.058276901650923654,0.032736130663133876,-0.1250322105192137,-0.058225803227138988,-0.0036467111667434467,-0.007953782240182436,-0.065687674321902437,0.034612996212048566,-0.03419869668651522,0.0012745219005840986,-0.051516000972626388,0.02826656970547899,-0.042318649752390976,-0.017340684258927104,-0.010804031736495702,0.056174793378241231,0.010675456645840747,-0.048641577021894811,0.027374756360423004,0.051570107376757317,0.028549124170012402,0.027291376794198987,0.0040232724856956552,-0.018769038933980669,0.020314254520118664,0.056549028660493557,0.033568559905795471,0.020033854574677674,0.074636174730449603,0.075683002101240751,-0.11984555538764116,0.0050120899080043904,0.023017567769682817,-0.047328400200287918,-0.089551917265810257,0.006715219481647979,0.11058828636765805,0.032759167157510621,0.029195236785061585,0.036016875096642233,0.06262746578574177,0.054734534395713443,-0.034920182995209888,0.038871886205645641,0.070961089344983713,0.01793624086633612,0.020632451341227709,0.013965989155675892,0.0012582306571049995,-0.0096227013631725866,-0.018116446470035137,-0.013050874092737943,-0.0068987503408446246,0.00067321098698917608,-0.057783880077561536,0.01417660412213661,0.012535372289882878,0.023204355203688031,0.056934975212858362,0.11854769160503009,-0.082463229524350715
0.014353820172904368,0.086881921685379782,-0.023049604409771406,0.070569684159098908,-0.015684569525896554,-0.042961908148677369,0.11624060167563297,-0.018700151361780219,-0.11956139193698354,-0.075213964001478659,-0.049072145353012735,-0.079037234771677178,-0.017355276796061671,0.034195987461948102,0.046174475730404015,-0.011978147369206538,0.010543627206793508,0.014776189623311878,-0.012346214938387685,-0.042686638445873469,0.013198357278097686,-0.095728334595512957,-0.0042056067473595134,-0.073015888872144635,0.00045399127307166695,0.028429794295910919,0.011971274525375473,0.063699480979834647,-0.065452823176105859,0.056588392738981592,-0.046556486606458579,0.02671984215140993,0.012643173693534909,0.020492933787411408,-0.024216028876876437,0.023730457922945071,-0.0097576760429056979,-0.0069027402733745176,-0.069961269175294272,0.00056485749148898437,-0.086680580415447628,-0.041124516995475424,-0.050525589913613,0.03719393956196871,-0.0016182612616536219,0.033595513022576788,-0.063358139528466154,0.078814426695508588,-0.043327833776652863,-0.01498718671571919,0.059719166356990372,-0.047989234205890692,-0.066545412727596898,0.035130627412082602,0.013087871899750745,0.0022120614702535756,-0.058504994276506607,0.078554706136526306,0.0065141452162816218,0.016431390079138318,0.047144664806357317,-0.068746927861587662,-0.019473226165071307
-0.082861140580603898,-0.020315643410421292,0.021380137814807524,0.075713675055969251,0.10261705753175276,-0.0062184494305121173,0.065749416897043333,0.0028764656444912966,0.088380524873357263,0.052086591073052108,-0.024048419615929885,-0.042412273533264259,-0.011232981945053627,-0.025165296624247966,-0.12972471947949404,0.0076016020008615199,0.048416802174359425,0.055135229752112755,-0.0055791986609414262,-0.031989541020974378,-0.03081697798980124,0.066497795508028687,-0.064429026912694545,-0.066754817866327337,-0.026662919474779227,0.0080785172432696895,-0.075774522669205827,0.052189086114342392,0.078193096954431898,0.028369660615087663,0.0066854383957615435,0.0050124771620296245,-0.015303825061755717,-0.048259167256191671,-0.018960016907483196,0.0091580959117860128,0.042257561073656059,-0.0024142673838903842,-0.031705804529750567,-0.037974644352525393,0.0023614543088001996,0.034106996087671412,-0.079938250031687502,0.029365458165592412,0.054339823531201439,-0.072083725670882781,-0.017951560894969375,-0.083404325850513369,0.020632451341227803,0.0024810056048771203,-0.017113943816484619,0.018222196941041522,-0.0016713386251626936,0.037940884667650589,0.021776728470460971,0.11058250025848887,-0.088512218150671576,-0.0085367602542091858,0.037948234146603275,-0.022107984523807807,-0.021426935104866492,0.0013438012011518104,0.063980594974475599
0.014353820172904538,0.043378864360837766,-0.016980296080615735,0.088411271280115195,-0.014587731506556926,-0.0072193784695895559,-0.066276144463821449,0.063664393044740905,0.060367120898112615,0.028196626466566784,0.028279654165817507,0.02862200356891521,0.073864349937710946,0.031439819208838614,0.063325249860370775,0.04249012877732268,0.019242822032205967,0.09721398081426863,0.014248646900933238,0.048958569993288674,0.10008415467164704,0.012599134397174023,-0.045049035400668784,0.032629286295428682,0.073788136963953796,0.051990046979442067,0.014421620989453271,-0.019448106771181167,0.0067642091312088834,-0.04365993807084783,-0.12793345170445439,-0.091181910396495383,0.0009001646596757092,0.0063739314705554516,-0.053839758971575641,0.018238703533887197,-0.083036222909284418,-0.023391187116934286,0.074848654313215107,-0.0090038928114010396,0.0051130143868980864,0.027342656139841406,-0.069551520653610019,-0.03208686871818632,-0.048219936262826543,0.034371470424952318,-0.017285816610365042,-0.0091011489368920291,-0.043327833776652072,0.0048223573273879564,-0.022184981855151876,0.072063354503971208,0.020666316947844977,0.070618501471055015,0.049867630912912679,0.016936334019362179,-0.023534775704616887,-0.054292614969998106,-0.048296545980038325,0.062330798047033856,0.0016446064415099894,-0.024873845686025894,-0.07021218020413876
-0.082861140580602802,0.095351657547453395,-0.038809012922091976,-0.053037667082802421,0.06663337526343914,0.081694108975954416,-0.0089622109865018975,0.0080396269252596027,-0.02459273246179015,-0.049663338717875226,0.042322533391740233,0.017907616443883279,0.031485026301689444,-0.021297123077854509,0.085157417232099436,-0.01407006181355914,-0.056904555764605715,0.020957385017404424,-0.0098210997229766679,0.072488556159098938,0.018165956764901903,-0.023392975801386592,-0.048856581883483734,0.063069225014201105,-0.025097660957049905,-0.015556655571098556,-0.034831027744224287,0.032563681233387168,-0.021410660875746133,-0.06172677269866126,-0.06012674116507833,-0.047542853864619365,0.031221711001247852,0.054898926288748852,-0.04643725668018981,-0.013291134799853898,-0.026779067934617054,0.015068910179551394,0.0065862547687051886,0.047159132047963154,0.13880551109154893,-0.015371273984483071,-0.077204184341804719,-0.059483058580910485,0.080403463047262647,-0.0796765857980829,0.0099672785229250761,-0.0060232816783176513,0.020632451341227976,0.013965989155675682,0.0012582306571045354,-0.0096227013631726022,-0.018116446470035064,-0.013050874092737962,-0.0068987503408435256,0.00067321098698983322,-0.057783880077561994,0.014176604122136201,0.012535372289882918,0.023204355203687837,0.056934975212858348,0.11854769160503111,-0.082463229524350257
0.014353820172903603,0.0025387373652415498,0.00572780121891502,-0.0077952738916333272,0.061740574781224647,0.00089515231155072139,-0.058553370419589378,-0.10435794893053076,0.050036131933025543,0.01822151743177754,-0.033343443343643517,-0.015643975898646099,0.019520640563435665,-0.020785811009443086,-0.018402603084675378,-0.024178864958617964,0.0016885096196266219,-0.10782635199066627,0.02577211831901996,0.10881206119616479,-0.077296228993021673,0.10579791479151548,-0.044645738379372302,-0.10378806947335108,0.084226685352537203,-0.019160077836650052,-0.029376292673750543,-0.036240296798257646,0.052472222802646205,0.0035012126212970924,0.068528032701154221,0.0075295846720205718,-0.04470373351517487,0.0036729515989141863,-0.043407899423113003,0.046315387457119522,-0.012848580495680259,-0.034286775210541888,0.052088503794065107,0.024879235768824073,-0.012915011095983621,-0.016927767353380595,0.015783032162144495,-0.014474458726195488,-0.014861305934355085,-0.013438345718500852,-0.028715359338893475,-0.12947916688238512,-0.043327833776653529,-0.014987186715719131,0.059719166356990601,-0.047989234205890269,-0.066545412727597203,0.035130627412082789,0.013087871899750841,0.0022120614702536689,-0.058504994276506003,0.078554706136526514,0.0065141452162807804,0.016431390079138977,0.047144664806357567,-0.068746927861588022,-0.019473226165071772
-0.082861140580603967,-0.020503931262955015,-0.11491953286429238,0.016289069492649445,-0.03697700227586815,0.0054493543982598305,-0.019031994456427174,0.084115159678625359,-0.0080755377248245205,-0.091079018490610272,-0.044945481476222675,0.031291866366746468,0.0081409558285484868,0.0091164511082834337,0.030598396106589185,0.058085888339720906,-0.0071263804130653778,0.014500473589345014,-0.021157962398929787,0.057884131190299476,0.011505179542974133,-0.038429935972834811,0.041578938226100912,-0.071720621002575077,0.10265440299427335,0.046929440967256694,0.064310190115866916,-0.063384412075581612,-0.045364882974841557,-0.053627934779128208,-0.046640053436720154,0.094811889226008861,0.018507743506245657,-0.034526295782927832,-0.041096370504194284,0.018132230994075023,-0.0014471249838286216,0.023186581712759342,-0.020626071689461289,0.03549434450348285,-0.031334250430979073,0.019349498453111281,0.014256209163612905,-0.029047139637143768,-0.096264343774623354,0.067082999550176492,-0.073432100511220386,0.066123090326800082,0.020632451341227858,0.0024810056048764437,-0.017113943816484255,0.018222196941041127,-0.0016713386251621808,0.037940884667650505,0.021776728470462896,0.1105825002584888,-0.08851221815067159,-0.0085367602542088597,0.037948234146603858,-0.022107984523807887,-0.021426935104865999,0.0013438012011527762,0.063980594974475391
0.014353820172903983,0.058686367649951839,0.0201118676000442,0.010583372904342055,-0.0049666827936068383,0.0078997241184429069,0.027596583700958514,0.12103969371831443,0.025154980173345942,0.014371559914429188,0.021851559119579013,-0.089336743424217685,-0.054660784276577605,0.030560470575352196,-0.064657200832910433,-0.055099952814631065,0.050882406264942732,-0.0049229044088540171,-0.007352858215181432,-0.026241290783918583,-0.070388089591769759,-0.024339911759134362,0.0038240729232569019,-0.0078481943339184356,-0.060059145660469125,-0.045155662142460661,-0.080543293045551259,0.0021152084683291345,0.037085993087237,-0.044955891030418207,0.059646380938593029,0.14450420037408432,-0.091009556969550182,-0.0026145243391699673,0.047063578254174628,-0.039692076369269337,0.076440406317082696,0.076420203218326072,0.057923693465735192,-0.01723807611626875,0.047994678946739124,0.059690464757764315,0.012365889525862034,-0.039697905110167492,0.0082187356211949874,-0.016884939503359807,-0.00081440717306205228,0.028061711112323574,-0.043327833776652294,0.0048223573273872191,-0.022184981855151952,0.072063354503970584,0.020666316947844807,0.070618501471054432,0.049867630912911784,0.016936334019361607,-0.023534775704616616,-0.054292614969997974,-0.048296545980038207,0.062330798047034376,0.001644606441509242,-0.024873845686026522,-0.070212180204138774
0.054153500234794337,-0.0081368090497399258,-0.01021379416366381,0.04451877684584437,0.016459366313869621,-0.0041818983748431885,0.002834932962043491,0.026188715268974289,0.026809324963069186,-0.0085592562551156173,-0.06085702177375258,-0.00076358958180400619,0.10374965993084699,-0.04883916480223803,0.14131622577449102,-0.024399353990830184,0.0094692400684353098,0.029091620242267847,0.065967718316422883,-0.064071582154468482,0.030661447928060269,0.054991672901899089,0.067518873354929093,0.10786051632491289,0.044769632141637997,-0.077097716421908935,0.034456444303789677,-0.016793940980023576,0.073191617451999161,-0.03434284258481398,0.014682198716852665,0.0086575586248850665,-0.0059598691894660822,0.0063516651732260137,-0.016930924964146211,-0.015038183524579304,0.054417911879898861,-0.037031601830859392,0.049726862662388391,-0.047906239327118884,-0.028851841991534104,-0.0016697788500178526,-0.12171061519836052,0.049199467782307556,-0.030088414005794702,-0.0024206707555697944,0.061864216567216496,0.012440863719505727,0.066023216212077879,0.013965989155675942,0.0012582306571045684,-0.0096227013631729648,-0.018116446470034825,-0.013050874092738113,-0.0068987503408449238,0.00067321098698961118,-0.057783880077561856,0.014176604122136331,0.012535372289882638,0.023204355203687698,0.0569349752128585,0.11854769160503,-0.082463229524350146
0.014353820172904066,-0.074948559566142339,-0.032019790697879885,0.0042634914096182173,0.045925223140420246,0.060775942124582615,0.009424827916683377,-0.088875760179165195,0.026115260731072624,-0.051051799458200958,-0.0081247725741500371,0.11832336344295993,0.018192391763894634,-0.031452298413834685,-0.041405175417055691,-0.059518617926272527,-0.019573061906296103,-0.01456050677084998,-0.066755034152244166,0.027206565611441618,0.024343371618787805,-0.031896502022520257,0.034491319750466994,-0.038699805451386744,-0.073753901996452542,-0.084808551202910185,0.008908304182125952,0.026146876328540524,0.077323771979863579,-0.02970981134182072,-0.032785514327228656,0.03658176303013061,0.02567952881303805,-0.02977864235595111,-0.002740252045318697,-0.012377211642083125,-0.031964296850666811,-0.031958701430047386,0.0058110325982045057,-0.00043691195366315474,-0.038103518207938392,0.039502018267409594,0.034482483728788413,-0.051922545398891587,-0.073745124936178755,0.061423552771036477,-0.12455472151512126,0.1115878842796126,-0.04332783377665321,-0.014987186715719251,0.059719166356990171,-0.047989234205890269,-0.066545412727596939,0.035130627412082407,0.013087871899751543,0.0022120614702531216,-0.058504994276506711,0.078554706136527111,0.006514145216281758,0.016431390079139102,0.047144664806357893,-0.068746927861587287,-0.019473226165071425
0.054153500234794601,-0.060476145673330088,-0.031206428553720595,-0.0051939850162638062,-0.018484504290921046,0.047803804882099087,0.0035961990132659331,-0.0076986066839509525,0.034395555896604854,0.087374971606746593,0.059769504432973339,-0.0094293307785032563,-0.078251101210023613,-0.0098741145491145141,-0.033114336410904187,-0.12736170780125625,0.067673797783596251,0.051229595775549225,-0.02500957260858341,0.10140809688137101,-0.048806648417540233,-0.11515902480974224,-0.034828532241610512,-0.016019915579206873,-0.12803607913582654,-0.0039929072297527554,0.060868324072173539,0.047156664274566933,-0.041181104385302078,-0.027539719801098657,-0.019162115954945217,0.017599849153548706,-0.022440874930155844,-0.0051689967244628607,-0.038686130666968535,0.018905068961721339,0.0022354319553786295,0.023699743035723721,0.042835733740058418,0.021720365631063415,0.015255509909069345,0.00010977495846080379,0.065968941375585469,-0.061936178275361832,0.0046046357579657563,0.040154072584342324,0.014928228602596239,0.013665531173952297,0.066023216212077823,0.013965989155676017,0.0012582306571050587,-0.0096227013631728087,-0.018116446470035064,-0.013050874092738024,-0.0068987503408467349,0.00067321098698961876,-0.057783880077562091,0.01417660412213651,0.012535372289882531,0.023204355203688208,0.056934975212858473,0.11854769160502859,-0.082463229524350395
0.014353820172904388,-0.01170368350521039,0.049499351032678378,-0.064931764883404172,0.014050168041024564,0.038654485574288744,0.049319424452676508,0.023056243076855797,-0.012160266332225934,0.042486643982264413,-0.066548485558463502,-0.009808670678958669,-0.0036734239492439121,-0.00039100834977315009,-0.029700737350434995,0.054574430228834833,0.038346280858592374,0.10530629844537048,0.05065158380744883,0.0025500671729170575,-0.062478230123360269,-0.032297366562674019,0.055602012855936335,0.044715970035897605,0.086861730406978838,0.028642815222794028,0.021777024330072649,0.041628064971151665,0.046504689085377839,0.031718415203951363,0.02911374452089089,0.010210627336279549,0.037339819397473183,-0.064050797483483149,-0.035667349115323273,0.14213647140714902,0.10137199413136121,-0.060873677194364165,-0.018815425476000975,-0.00010717606503310341,-0.022467778513337356,-0.050441618113908161,-0.068989029769114529,0.020771351792315217,0.017595003230531474,-0.041007125180291065,0.10161252591219996,-0.038239895856217412,-0.043327833776653328,-0.01498718671571944,0.059719166356990823,-0.047989234205890005,-0.066545412727597175,0.035130627412082366,0.013087871899750025,0.0022120614702538389,-0.058504994276506482,0.07855470613652657,0.0065141452162808672,0.016431390079138606,0.047144664806357081,-0.068746927861588564,-0.019473226165071637
-0.082861140580603662,-0.0098805367056939309,-0.005030982105812592,0.043719996408440973,-0.0069910930743726125,-0.0030897259966375769,0.055715954651251114,0.027613439481684494,-0.051964843906803095,-0.16432240123670178,0.090479772170969086,0.023335277139734729,-4.1559728383129642e-05,0.084464322322735277,-0.085719899387720871,0.082727988614861289,-0.028690763117713736,-0.078350961626696358,0.039704120262048795,-0.067065114808838061,-0.05686790720329158,0.022426808022675684,0.023226537742119982,-0.068756080569903594,0.040815719507839812,0.07646085694062657,-0.012497643433507682,-0.017091567324249563,-0.05456472527488361,0.0037397318939023276,-0.034054914252429291,-0.041726336644283421,-0.005402708613103881,0.042685433257511084,0.027134137408859168,0.026482444072917843,-0.022789967437441386,-0.022455183689135256,-0.0093012915953834419,0.065609118909511419,0.0093424143583868482,-0.043807299694897626,0.021971590329110443,0.0016897551311576072,-0.023638347837602245,-0.039225339669383213,0.022137265947022942,0.066311525167323249,0.020632451341227695,0.013965989155675753,0.001258230657105104,-0.0096227013631732718,-0.018116446470035352,-0.013050874092738148,-0.0068987503408442438,0.00067321098698946448,-0.057783880077561904,0.014176604122136359,0.012535372289883212,0.023204355203688139,0.056934975212858376,0.11854769160503052,-0.082463229524350715
0.014353820172904628,0.036647966113541902,0.03644728214913829,0.0095384183589682058,0.0016907472468826303,-0.034471696193342255,-0.024926250471400679,0.027509532633452651,0.026228267483738826,0.0026494149570503809,-0.049629010633308331,0.0060884148722585582,0.0090690553287222538,0.020004005171239903,0.095442819727763889,-0.030049733991105405,0.063661801923693112,-0.026914375692279068,-0.11594069067916388,-0.02822200451906531,0.040084140804903308,0.021547118353154138,-0.12357627668178063,0.050459811401219995,0.042463652210214031,0.078393051541995343,-0.018758440401989117,-0.016899792268605641,-0.10033620074398349,-0.014406304248942934,0.01530474046026945,-0.057201332850781265,0.0079275691003900858,0.087832218076892607,0.016821163690551907,-0.078659676280142268,-0.074719344190922105,0.096916347396797164,-0.012649426849161923,0.030432729952379778,-0.017166248016831233,-0.0056336367838857584,-0.013032486527366513,-0.070087319238653162,0.015781467829004886,-0.056621815718218761,0.0034231981535892183,-0.074311390633845523,-0.043327833776653148,-0.014987186715719072,0.059719166356990268,-0.047989234205890692,-0.066545412727597286,0.035130627412082595,0.013087871899749661,0.0022120614702537708,-0.058504994276506073,0.078554706136526084,0.0065141452162809548,0.016431390079138641,0.047144664806356894,-0.068746927861588689,-0.019473226165071755
-0.082861140580603246,0.078493491428764078,0.046451204823196389,-0.08304478823802211,0.0090162310514240555,-0.040532180510618493,-0.062147086626560544,-0.04610354806670796,-0.0092400369528710773,0.085506685885071335,-0.089392254830190629,-0.013142356779428117,-0.025456998992441547,-0.025751042971382102,-0.022481989975865934,0.069033073177224999,-0.04845227473430809,-0.0019702543911209666,-0.080662265969889374,0.029728600081936209,0.075013107692771225,0.037740543885168031,-0.055916878855438078,-0.023084520175802495,0.042450727486349517,0.0046297667110347775,-0.082827124942456365,-0.013271155970293885,0.022554212208186646,0.058142830492011729,0.038534831490522434,0.015468928865849378,0.033803452732726925,-0.04386810170627433,0.028482918222255554,-0.030349329510060287,-0.033863376397836251,0.035787042484271302,-0.083261304807063799,-0.039423245213456623,0.0042539177240782577,0.045367303586453682,0.033770083493664144,0.011046955361896224,0.049122126085431712,0.0014919378406117309,-0.098929711116835004,-0.092417920060781963,0.020632451341227827,0.013965989155675554,0.0012582306571048063,-0.0096227013631726543,-0.018116446470035207,-0.01305087409273779,-0.0068987503408438171,0.00067321098698915223,-0.057783880077561425,0.01417660412213638,0.012535372289882503,0.023204355203688045,0.056934975212858258,0.1185476916050303,-0.08246322952435034
0.014353820172904002,0.050004276957810963,-0.053926842483936976,0.051129855114818157,-0.06166613842832732,-0.064958731505529513,-0.033818001897958784,0.038309984468856757,-0.040183261882584968,0.0059157405188861381,0.12430226876592169,-0.11460310763625967,-0.023588023143372643,0.011839301592367535,-0.024336906960271829,0.034993921688542845,-0.08243502087599347,-0.063831415982240486,0.13204414102395892,-0.0015346282652936292,-0.001949282300330235,0.042646750232041022,0.033482944075376934,-0.056475975985730502,-0.055571480620741132,-0.022227315561878812,-0.01192688811020921,-0.050875149031087301,-0.023492260321258202,0.012397700386814132,-0.011632970653932201,0.01040894248437184,-0.07094691731090233,0.0059972217625417785,0.021586437470089436,-0.05109958348492416,0.0053116469102282172,-0.0040839687723850824,0.025653819726958828,-0.029888641933684106,0.077737544738106984,0.016573236630383719,0.047539032567691777,0.10123851284522917,0.040368653876643491,0.036205388127472843,0.019518997449332186,0.0009634022104507544,-0.04332783377665321,-0.014987186715719292,0.059719166356990636,-0.047989234205890859,-0.066545412727596717,0.035130627412082428,0.013087871899753288,0.0022120614702533679,-0.058504994276506031,0.078554706136526362,0.0065141452162811118,0.016431390079138908,0.047144664806357699,-0.068746927861586066,-0.019473226165071994
0.05415350023479519,-0.039796405511623147,0.032445349276907461,0.084922889721280578,-0.039954123039156665,0.0027491040803991344,0.06827070478181968,-0.033043167923442439,0.034466727694004093,0.089835550676209977,0.0043028567718847981,-0.018145561796028588,-0.018221651497160034,-0.061220395552773685,-0.066035988945482585,0.086468001260995644,0.008955154992376816,-0.01589696345758243,-0.04467559118676287,-0.052804482897472971,-0.027746498592398767,-0.053568254709274725,-0.0051044935324664241,-0.016577148124827856,0.03120168941963879,0.0050964342398975467,-0.055775283405709634,-0.030005881674213197,-0.071585643741257934,-0.029398591609437443,-0.049822272722268426,0.0012099164680541168,0.025605959824805156,0.027498757290186412,-0.038578823376328508,0.055419245422798406,0.096983040955328073,-0.038273137860863435,-0.059452380604199599,-0.098495855250681108,-0.11732685964788461,-0.070016743821492519,-0.033714610155514226,0.026463326596892871,0.055127323550453321,-0.0098422473689069451,-0.026781788590055259,0.0092908786514587019,0.066023216212078059,0.013965989155675838,0.0012582306571048525,-0.0096227013631734991,-0.018116446470035061,-0.013050874092737983,-0.0068987503408452352,0.00067321098698931638,-0.05778388007756223,0.014176604122136055,0.012535372289882642,0.02320435520368799,0.056934975212858202,0.11854769160502975,-0.082463229524350007
0.014353820172903908,-0.080463531550597545,-0.0072134825820984287,-0.04605924525690968,0.023496099999319425,-0.039847286669637889,0.0039594012511893701,0.0726861121018475,-0.016887144116607126,0.072325252548353994,0.041401226226250039,0.078210925370906959,0.0086021107882677389,0.0061281742760867326,0.013905605565770326,0.032168875142442169,-0.085573990307458991,0.127619780703594,-0.0067731748903776283,-0.093927857068358558,0.039534961692039239,0.062041841231147504,0.048713651295542927,0.059029510091203233,-0.031477391286659467,-0.0026081726758272676,0.018837542589906955,-0.051863811378881942,0.051178779709437038,0.0071650476560091957,-0.040523571657888426,-0.042176475339655517,-0.033015636621518483,0.027246850844487941,0.0036616021600030814,-0.038462838475818294,-0.05358965085379909,0.040656828794234719,0.041150394496219392,-0.11840246458924619,-0.0090952556331803294,-0.013508442407107846,0.026895225557681941,-0.047534887080970048,-0.083709738823551968,-0.0090932018779183131,0.080266668995367121,0.0011486306717165876,-0.043327833776653078,-0.014987186715719194,0.059719166356990296,-0.047989234205890137,-0.066545412727596828,0.03513062741208231,0.013087871899753389,0.00221206147025339,-0.058504994276506121,0.07855470613652675,0.0065141452162812228,0.016431390079138731,0.047144664806357123,-0.068746927861586135,-0.019473226165072063
0.054153500234794809,-0.043931500776497906,0.065875363356869221,-0.039787825031272685,-0.12584087514324979,0.037689240745552348,-0.07089587044387112,-0.039355676078387601,-0.062073353967512179,0.068670453203709417,0.077987856248204451,-0.030723063498712139,-0.028385478541577282,-0.0050218478029044099,0.035644156796724599,-0.014768667055076517,0.014782501286422714,-0.090196989824268325,0.035657908582992184,-0.016548769388713962,0.03404421081310325,-0.063087727043540626,-0.014870992187853562,0.060925181751349443,-0.061383612724781413,-0.036214336701321556,0.033411359982621978,0.005160047657067496,0.037655989603655994,0.09951100594447343,-0.069639403183200402,-0.023252610375984934,-0.071539023139106983,0.0031022083548268224,0.01232624846329097,0.038108668091863605,-0.035570958397617682,-0.010674965708727661,0.0082999057643794935,0.10687141553280378,0.0038702547158976572,0.030835566270484026,0.049159492937403584,0.060600597865216037,0.026481999604768679,-0.018183073793212573,0.023855901303443717,-0.005607104720417983,0.066023216212077532,0.0024810056048771645,-0.017113943816483831,0.018222196941040703,-0.0016713386251624612,0.037940884667650547,0.021776728470461939,0.11058250025848901,-0.088512218150671215,-0.0085367602542091026,0.037948234146603241,-0.02210798452380823,-0.021426935104865635,0.0013438012011528072,0.063980594974475502
0.014353820172904914,-0.031341390663220177,-0.04230474708647862,-0.012579382441930154,0.028020884869313856,0.018925794763391922,0.055194529588760671,-0.07419541807306955,-0.053860494310397619,-0.11020114113868504,0.022485431096559129,0.072317362310402672,-0.0070369755159492373,0.022600377964099173,-0.0068536308632697503,-0.044594804711661863,0.040012638945898224,-0.028965963252533266,0.0022667583477886501,-0.032612028036289258,0.0082485299741807769,0.0085987615746539823,0.10419507514443209,-0.029495599413025035,-0.0024152625959496356,-5.5327647711126508e-05,0.043630297264147161,0.091319790610924517,-0.035547361321531037,0.11006739542184367,0.08890099320602142,-0.11449189325084982,0.063735237607160072,-0.0020035827968134514,-0.034207374639653669,-0.092354765218458965,0.01061273323501378,-0.025325458686289149,-0.041231927008135758,-0.039195763213149895,-0.015500097195184141,-0.030105890321657513,0.056324296282575202,0.037030072745482111,0.013980905122739317,-0.027886035012096803,-0.063918304306699023,0.021842820105855705,-0.043327833776652426,0.004822357327387259,-0.022184981855152417,0.072063354503970792,0.020666316947844453,0.070618501471054904,0.049867630912912062,0.016936334019362086,-0.023534775704616463,-0.05429261496999755,-0.048296545980038255,0.062330798047033696,0.0016446064415093528,-0.024873845686026221,-0.070212180204138386
0.054153500234794295,-0.027483124560388556,-0.051913238005739805,-0.064621353301612533,0.098352958294931112,-0.026217409829214663,-0.055661782628574206,0.032957323238365074,0.055813679089688373,-0.0747852081703827,-0.012426693477110584,-0.0010365765484392554,0.038252626168095785,0.054250948925149811,0.023197221465774253,-0.055057255188509589,0.058753432508734438,-0.061235214938063477,0.043821234263897654,0.028957503760269579,-0.017794214532926605,0.025391123133904549,0.025411951245938032,-0.073783453683572156,-0.010127300948283728,0.029229260265181266,0.070292056629814331,-0.059106828219667604,0.059427744711208763,0.071091509733422445,0.035312839156897667,-0.029350064704675671,0.063017884561589105,-0.087409773486939679,0.061998512286835616,0.0052002895773430964,0.019347944245099204,0.01648900819966426,-0.057722160532164002,0.018577556045206656,-0.050673888228725802,0.049371142709332218,0.048291328711576764,-0.021714802411696339,-0.10061060360250568,0.050646946961345328,-0.054146579277852838,-0.021203837839477914,0.066023216212077532,0.013965989155675849,0.0012582306571051634,-0.0096227013631729561,-0.018116446470035227,-0.013050874092738194,-0.0068987503408462908,0.00067321098698955035,-0.05778388007756155,0.014176604122136756,0.012535372289882605,0.023204355203688163,0.056934975212858757,0.11854769160502859,-0.082463229524350534
0.014353820172905237,-0.0089571275000237122,0.024535285772954545,-0.016715165010555522,-0.069552105254647362,0.081914042506764095,-0.061646632507232513,0.050371988190463568,0.086412404120565695,-0.015332805978652966,0.041014362470406088,0.016470285299416437,-0.010767474555641261,-0.019538350728592235,-0.041677478211497733,0.0039881371853821915,0.073341853481034613,-0.034569618336238846,-0.0066527284902550068,0.027802434318067004,0.024562910022885385,-0.072111421427149103,0.00013769383118868077,0.1177744482542928,-0.053203285338950052,-0.0066615437834330968,-0.001432524441531574,0.024404627197304331,-0.038198179335977862,-0.067254653016286137,0.018552025563192402,0.0079270485162257799,0.065076196443157333,-0.051412736230813466,0.063962326139985703,-0.031583006904246945,0.076195907392385562,0.00053268668968226463,-0.023277629114989731,0.092958371328932657,0.10869084714461162,0.07156072675596338,0.0078473321937857967,0.024815406245196486,0.10018930601956184,-0.011063965426158314,0.011806829871992499,0.049516109515160354,-0.043327833776653224,-0.014987186715719551,0.059719166356990587,-0.047989234205890824,-0.066545412727597147,0.035130627412082095,0.013087871899749408,0.0022120614702536125,-0.058504994276506551,0.078554706136526514,0.0065141452162811005,0.016431390079139154,0.047144664806357622,-0.068746927861588689,-0.01947322616507171
0.054153500234794587,0.084751075449873606,0.027664031692616452,-0.052214919517347184,0.060200819887364601,-0.036920145713300635,0.024178448003254676,-0.047635949244728429,-0.018231633181020342,-0.029678025786151481,-0.0089939551560520494,0.041843470665230247,0.031477504658082064,0.021070693318868901,0.063482166576179749,-0.050918823285505663,-0.056072923047714551,0.020561286482809745,-0.0089207475231211052,-0.0093458207806108255,-0.014732412366276945,0.035019867508347333,0.037721080874447588,0.077550257117552951,-0.014607870794713618,-0.018793621509204529,-0.021947027429283977,0.0060352783041712852,-0.070484203583246141,-0.074252731780433082,0.1095940182241584,-0.076571756012053349,0.068335104694616941,0.079683254684292742,0.047730138948387131,-0.06539899499772539,-0.0052394776922094176,-0.010097348620141574,0.044031970454832259,-0.10439111568376132,0.025102541406280481,-0.084292060811265196,0.016522547930671854,-0.060918916393663425,0.015442520638652184,0.023183799913919216,0.067527760102746595,0.022888340244129911,0.066023216212077712,0.0024810056048765162,-0.017113943816484539,0.018222196941040675,-0.0016713386251621921,0.037940884667650748,0.021776728470463975,0.11058250025848915,-0.088512218150671312,-0.0085367602542087365,0.037948234146603706,-0.022107984523808133,-0.021426935104866415,0.0013438012011535534,0.06398059497447578
0.014353820172904878,-0.070723841347569052,0.039173175567050862,-0.086415261742527297,-0.0084664705691504527,-0.019606140412245333,-0.016514968825897536,-0.11050866868998623,-0.03166160676106098,0.067632954757688421,-0.072616644381955212,-0.011602622455100147,-0.012166590145184366,-0.08460066774828974,0.0081855818358091657,0.057204628748970254,-0.11013786724304177,-0.063325113152881612,-0.0091625470335405471,0.0098947488269191808,-0.037944595054058318,0.0031420157873061185,-0.062970112667019296,0.0047145074515148157,-0.011313728707534778,-0.0067790571892718142,0.02249137479195016,-0.073986892308072941,-0.0083028408969151868,-0.021451566320576584,-0.020613922440159933,0.061169603273260674,0.026374154702713648,-0.001755824334571594,0.040983555357055147,0.11380813805384071,-0.0040169166428120594,-0.02770355741510178,-0.091540420770815562,0.065437732140819355,-0.037607596138452853,-0.056927230575948472,0.00086133484517132643,0.034754701082871611,0.026020295518891547,0.010399504090504282,0.082018528090125664,-0.0408033822812853,-0.043327833776652704,0.0048223573273876736,-0.022184981855151522,0.072063354503970931,0.020666316947844314,0.070618501471054515,0.04986763091291567,0.016936334019362079,-0.023534775704616439,-0.054292614969998279,-0.048296545980038554,0.062330798047034335,0.0016446064415096375,-0.024873845686023969,-0.070212180204138899
-0.082861140580603135,0.037100992308524601,-0.038024152640269301,0.029223931012797532,-0.037197855676621726,0.025990328677127368,-0.080785897308699672,0.052273968367487086,0.00082725995741653202,0.037543440408093758,-0.065084057591846253,-0.046144276250158288,-0.015633017331754984,-0.032255913946783552,-0.051505992648675288,0.090744094134696307,0.051119038826386562,-0.02016507224002477,0.035584081167207231,0.050403770750160351,0.022762844998138038,-0.0043255442452246598,0.005603597862661863,-0.025181847519918064,-0.041777834356642583,-0.026082458881685113,0.02842224131703994,-0.048799247388209503,-0.069271913560158146,-0.082254079142521905,-0.03999717583844601,-0.10334798706222191,0.070870954360090596,-0.068818234814282508,-0.025724496126492462,-0.098146441122213143,0.036440054441421295,-0.0016511639658016305,0.058646165923635252,0.0229508719444424,0.030466141289857043,-0.028977414839358392,-0.01333937446800843,0.088856539704552234,-0.072311782412523173,0.075230761879027275,0.0241615488490435,0.026406226999842859,0.020632451341227806,0.013965989155675826,0.0012582306571047779,-0.0096227013631733308,-0.018116446470034957,-0.013050874092738212,-0.0068987503408460167,0.00067321098698910214,-0.057783880077562196,0.014176604122136328,0.012535372289882583,0.023204355203687962,0.056934975212858466,0.11854769160502844,-0.082463229524350812
0.014353820172904553,-0.0018833338096205735,-0.03758581682772151,-0.039033768886340602,0.026745949497200897,0.08591677471214533,-0.024729387836656069,0.024021495492851146,-0.00014136551032058561,0.045189817756111098,-0.067764878034591886,-0.042437822030142777,0.00052958078960461876,-0.022651178732513006,0.089620739471347438,-0.066825802062672413,-0.061313411918974506,-0.088876567742801366,0.012283372634722001,-0.062085061721035978,-0.060445644883576725,0.079383361694873616,0.0739131363404779,0.057533512001706651,-0.035311935438663386,-0.050853579675145366,-0.025092951606461664,0.01916476306492652,-0.020725464595376442,0.014632434608302167,-0.12171389867409314,0.045511773125711565,0.01382004857828124,0.0082050102397072423,-0.074357686795335984,0.0020350106180274797,-0.08532028201847644,-0.044843434298215572,-0.056744516276071744,0.067183885066233101,-0.026515212663863242,0.040124390472383656,-0.026150280499989579,0.018381422540329644,0.039351853850440037,-0.057581976340492197,0.056683461660722731,0.018684229575410247,-0.043327833776653515,-0.014987186715718958,0.05971916635699067,-0.047989234205890269,-0.066545412727597078,0.035130627412082317,0.013087871899753002,0.0022120614702535752,-0.058504994276505913,0.07855470613652657,0.0065141452162811196,0.016431390079138724,0.047144664806357338,-0.068746927861586371,-0.019473226165071664
-0.082861140580603329,-0.029639764730938246,0.071045989575634599,0.02006070994188338,0.017399118622796611,-0.046448999776117057,0.084893721053845669,0.083648544188633697,-0.00061964150598552517,0.0012457374157280887,0.13220165288011543,-0.0030141331130310403,0.0096592784247049122,-0.11609858946925952,0.038995422458992415,-0.046038223406465288,0.048612430209296884,0.051644452984321229,-0.053819804931939094,-0.069230894292075157,-0.06515506994866109,0.047479770531326078,-0.065368572351291968,-0.0069078823534566326,0.016935108110359004,-0.01254392151826729,0.042966837750484807,-0.06393290468415061,0.055096430274340261,0.058957870927363439,-0.0051866229715174829,0.056625791041326472,0.026185472951163899,0.025385498487246683,0.036660347602396462,-0.052261987676867891,0.0030335674504906561,0.064402116452430297,-0.01708747870532221,-0.0095211226800711278,-0.020167643624629958,0.020864367461282625,0.0064341476789745609,-0.086611641739792258,0.021786962760189973,-0.045841935593143146,-0.0062553645430566407,-0.038604020217219689,0.020632451341227973,0.013965989155675646,0.0012582306571043544,-0.0096227013631728694,-0.01811644647003546,-0.013050874092738479,-0.0068987503408462596,0.00067321098698962559,-0.057783880077561661,0.014176604122135939,0.012535372289882834,0.023204355203688354,0.056934975212857945,0.1185476916050293,-0.082463229524350423
0.01435382017290399,0.0014008540053143917,-0.059442671177306193,0.023799782000657212,-0.024400540088018306,-0.056893185452163958,0.0077455034161657502,-0.10093505746220588,-0.0010488491446018408,0.018369718793876361,0.12258112900121955,0.0092053487279147601,-0.063261966094988534,0.076746290686288937,-0.0058030341726002825,-0.063889918127077464,-0.0053687771774110554,0.066266940220947743,-0.089538890137809052,0.030930283733067797,0.022583092610878919,0.0072990455901180765,-0.036483451325710625,0.034587508248954492,0.030590207432693299,0.0078683246005181156,0.067885748421138328,0.056876283981494705,-0.0052362882439911411,-0.048617071281822917,0.17955326241304043,-0.013664918675754329,0.0064700631691973192,-0.024114472393129336,-0.067538452614312683,-0.0056219262761455563,0.00050919036799275982,-0.014819059979856384,-0.024176232777204897,-0.0085753907806353415,0.0091193621663993411,-0.02838450195019665,0.020118427752371923,0.055081291186394661,-0.020251364778471843,0.041378074129979084,0.064100483908712078,0.023773285149543778,-0.043327833776653432,-0.014987186715719476,0.059719166356990587,-0.047989234205890428,-0.066545412727597064,0.035130627412082616,0.01308787189975117,0.0022120614702540943,-0.058504994276506371,0.078554706136526667,0.0065141452162811916,0.016431390079138544,0.047144664806357248,-0.068746927861587731,-0.019473226165071592
0.054153500234794268,-0.017684901394684784,-0.037599293997251496,-0.10063616464246437,-0.030485287217353645,0.0034364017791545737,-0.0056350266868789405,-0.092150394313141315,0.0099867945262565143,-0.0072745079177283407,0.0034227285570627135,-0.010848310097164674,0.072919890946439775,0.064063435561016124,-0.028024234489918389,-0.040758593110527756,-0.050694553082468854,-0.021169999627978324,-0.0053620210825780024,0.033982991598659286,-0.029230160790161476,0.018659385879792011,0.06085763205452329,0.02899076151956579,0.092125602943675361,0.14416581374756399,-0.03110335046020692,0.097710005789286944,-0.017994773479932322,0.034669797233047688,0.082840850005903091,0.014665516932300202,-0.0054277983309217927,0.0058413705863037402,-0.068375185745346567,0.050702667741245808,0.045530366482156373,-0.024301616824691074,0.091725560821433641,-0.075262908750827084,0.034106846927120349,-0.00014224753494821942,0.0042575738535903041,-0.017177957455065659,0.037229561051402404,-0.023954777776116837,-0.022311562635776026,-0.00017622984446251301,0.066023216212077615,0.013965989155675356,0.0012582306571052187,-0.0096227013631724895,-0.018116446470034964,-0.013050874092737535,-0.0068987503408435326,0.00067321098698951967,-0.05778388007756162,0.014176604122136581,0.012535372289882744,0.023204355203687674,0.056934975212858341,0.11854769160503074,-0.08246322952435034
0.014353820172904146,0.0010188658217761871,0.062351200338474175,0.010315857932071168,0.050748837986790925,-0.008707990066315216,0.065037688389851939,0.025624077861848119,0.020291259838317761,-0.064240739690584414,-0.0069909333919481549,0.013246055369352798,-0.041155494716406747,-0.019500333888940832,-0.060039988604675514,-0.019792426687500697,-0.024479851285405401,-0.0084139752504744092,0.094030097948576599,-0.077612902844632334,-0.025152467022936244,-0.027854832517994938,-0.048217073987039276,-0.040070731885388927,-0.040852329973880552,0.11180058592114156,-0.023952597375184518,-0.05623724542998005,0.09221719183147567,0.025097407955506572,0.0042921397158143621,-0.048777428651669827,0.011314618685049394,0.026814282840320631,0.11190861253183262,0.019738393473930513,0.085115996698934132,0.097868698484317465,0.074615736982325861,0.058570772655506496,0.011135457629304825,0.033865221695630415,-0.061141759799284032,-0.040260607908279199,-0.036450396098427318,0.022384817269442112,-0.062830393538284304,-0.018279800369733777,-0.043327833776653189,-0.014987186715718933,0.059719166356990531,-0.047989234205890338,-0.066545412727597245,0.035130627412082095,0.01308787189975168,0.0022120614702532864,-0.058504994276506496,0.078554706136526403,0.0065141452162812297,0.016431390079138953,0.047144664806357511,-0.068746927861587259,-0.019473226165071987
0.054153500234794309,0.01022367381709857,0.0045774570618856191,0.051351523687782986,0.050284024271178826,0.01702226931983495,0.0015272029417329744,-0.043772118242979684,-0.010194412977687691,-0.031514669906092946,-0.070540323845332556,0.060006719460353485,-0.066946152039391013,0.084291067855027449,0.040534804679601327,-0.0039472776177033684,-0.049036915953204689,-0.010309381116318383,0.023597744847308776,-0.015155868056743769,0.071622385740684039,-0.061813612165892852,-0.001092657565892949,0.003098968353808928,-0.0672828766973909,-0.10553943334761208,-0.040285728607318792,0.015022146283073062,0.032170256765750263,-0.011373589017887868,-0.037657051195938859,0.032056679088594983,-0.091628628980331708,0.037591365740731977,0.057439334269442588,0.09970576105783481,-0.085003988374068556,-0.038449335661937235,-0.13328424803974703,0.061833159486455166,-0.04440534459234708,0.0082552949130229834,0.00264765293544313,0.014933059490305243,0.013295258600931302,-0.0054340485097661758,0.0044053783297899,0.012374023061838582,0.066023216212077893,0.01396598915567639,0.0012582306571051684,-0.0096227013631731625,-0.018116446470035182,-0.013050874092737839,-0.0068987503408440582,0.00067321098698951804,-0.057783880077561779,0.01417660412213669,0.01253537228988276,0.023204355203688017,0.056934975212858827,0.11854769160503088,-0.082463229524350021
0.01435382017290442,-0.00053638601746966235,0.034677287666553168,0.0049181289536126991,-0.053094247395973432,-0.020315599193666645,-0.048053803969361292,0.051289484107506597,-0.019101045183394869,0.00068120314059698329,-0.04782531757467956,0.019986417932875377,0.10388788002179083,-0.034594778064835484,-0.023777716694070351,0.15050814687725042,0.091162040381786852,0.031023602772328761,-0.016774580445489913,0.10876768083260015,0.063015019295634661,-0.05882757476699578,0.010787388972271706,-0.052050288365271945,0.045574057979850022,-0.06881533084651395,-0.018840199439491782,-0.019803801616441786,-0.066255438992108479,0.0088872287180159267,-0.062131503454762024,0.016930574201713237,-0.031604730432529038,-0.010904820686898367,0.029987526877815578,-0.01615147781581296,-0.00030490504844976515,-0.03820620420624498,0.0063050120709511734,-0.11717926694110486,0.0062603928681590499,-0.045605110217817948,0.067173612546900796,-0.033202105818445446,0.01734990702646029,-0.0061809150589295413,-0.057953552031150518,-0.02417771435521994,-0.043327833776652516,-0.014987186715719681,0.059719166356990136,-0.047989234205890872,-0.066545412727596842,0.035130627412082824,0.013087871899748598,0.0022120614702532248,-0.058504994276506524,0.078554706136526445,0.0065141452162810372,0.016431390079138943,0.047144664806357359,-0.068746927861589285,-0.019473226165071418
-0.082861140580603468,0.066277342290839564,0.12012260637693616,-0.053573423147649575,0.046342745874230457,-0.04848982198681745,0.050313611405208583,-0.01063322776475293,-0.0074706622324060817,0.015204363354923246,0.04380282467624546,-0.031665228271822596,0.038373577296629491,-0.11148409728141359,0.083962440162688196,0.0044855080701817814,-0.076381971359130107,0.029968725913875595,-0.007142778527952762,0.084438451953099389,-0.010351693919430855,0.024731937418313449,0.013601645852943019,0.035902848947611893,-0.024654145794323751,0.064920178838804937,-0.044315633166779236,0.003150030736160314,0.064449723833767972,-0.036386863767921281,0.0028798472226888852,0.0070254685980920672,0.01771546683688931,-0.004902542060853333,0.013486213355141092,-0.044549845096316501,0.0042130549725977167,-0.031554758608605314,-0.093465261802668217,0.045399031274924923,0.017705635398078439,-0.08887912635740304,0.079969897944308449,-0.040493977514996719,0.034936723819283595,0.072823013665604772,-0.0091890018585185727,0.034176084179754859,0.020632451341227338,0.08472170621128676,0.0022650519599165947,-0.018474181076633591,0.052222375898427466,0.0076182295803069221,0.083695220043307275,-0.016198283100005782,0.059641676409913295,-0.016145808057107715,0.053059314744929927,0.05716926817935758,-0.003773322432288723,0.023846853021911793,0.03325119527458309
0.0143538201729048,-0.051700750765986112,0.016742454494774132,-0.0014671074583376023,-0.019224017212819123,-0.00080446574746632622,-0.013734021654474715,0.0072246318498000459,-0.055847435981238536,0.008938278500997458,0.045240422510613311,-0.085643761072171462,-0.086517007891874054,-0.036365243321053148,0.061490269509620325,0.050290676712235867,-0.043976208449366658,-0.020572675467457117,0.12098611396842762,-0.022646037826178061,0.068944826958822716,-0.02537459880457656,0.024889504908792957,-0.034521701991260791,-0.055710880406619319,-0.020323320251042741,0.058464432230973896,0.066361994153771378,-0.037704600742743781,0.1018645280300421,0.073070839678505833,-0.0506050557651158,0.013553801576673137,0.087059331052558364,-0.0079573279918659853,0.0071006500401719934,0.030746870612190166,0.025792909017334349,0.029682658135286821,0.018723634685989907,-0.0098939435564750038,0.0069411129021525915,-0.085298124363749298,-0.020704745209922642,0.0065140833713037086,0.011875355297557783,-0.13836495452072609,-0.009183630706209504,-0.043327833776652086,0.06205727880421541,-0.050470167935727075,0.031247993455164439,-0.013014437941002809,0.025039091363607689,-0.077913741021535976,-0.059839448896901945,-0.024807292888443931,-0.025399706382126699,0.059279958126981426,0.016893820863333665,-0.0031252625303615353,-0.056399970403854208,0.055618864435251693
0.014353820172905003,-0.0064484015135987801,-0.02322057935929096,0.013816303987063825,-0.0012621966042792815,-0.019254915143515752,-0.019614316076237821,0.057557343055261036,0.055537364026035207,-0.00053196567412594476,0.043724405937695429,-0.081587264635460288,0.04532594561885557,0.11944828412636356,-0.058827438034333622,0.0091117043286126076,-0.11531138409569743,0.0030820554992776498,-0.019227932762951219,-0.036586220379006586,-0.0084972140760964186,-0.040682346089355947,0.022562807754021922,-0.06744126386554912,0.0068274725343463261,0.010747702123636299,0.011579328586561213,-0.018717512851034797,0.066549321141316425,0.0019241940638132745,-0.10347855896486279,-0.13407698416411454,0.07712734200303159,0.011034325484151512,0.0854629551962717,-0.032838729034818395,0.0085242093759856051,-0.0062014925362990159,0.031630093311545954,0.0090134175442526231,0.0082134179461260705,0.011780362575290556,0.020474593025404695,0.015627653422216531,-0.070284649883757336,0.058663211694502844,0.066007258944723118,-0.061832915920403429,-0.043327833776653051,-0.052541112086246941,-0.028039203527762829,-0.039177851652619111,-0.011536298176011239,0.083062230243989066,-0.028273252931318452,-0.028147782898470964,0.078871841676339025,0.038897302917208408,0.032673036028983513,0.025114321948010485,-0.046999564758549224,0.05451558131608826,-0.02911993652221604
-0.082861140580603967,-0.021078130425273664,-0.021992410442037608,-0.082548263776034234,-0.032444667643026989,0.0029432385534781708,-0.033770063796104727,0.083416376302157799,0.015825734708629049,-0.041345138502791867,0.017331613350916535,0.032023552246409966,0.012376239324860356,-0.0211203988678056,0.015153647556008881,-0.036331755619832505,-0.00730316580482378,0.0052471617254698805,-0.03301899953479543,0.056723040091361088,0.040830513206455574,-0.025402032733548574,-0.0047946544177454361,0.027714712423212336,0.01331140832263464,0.031886927918024346,0.03129302440117479,-0.098375868256147983,-0.072183179445023629,0.061582953539257655,0.018637668647246818,0.028553993036780769,-0.059675294103571891,-0.069465628481894831,0.067644662671731345,-0.023034676126195839,-0.043608882583346227,0.075808170028148866,-0.083034212244489286,-0.12750266249356113,-0.090679327603899587,0.017750049631020479,-0.01634941562972839,-0.0091401583651336341,-0.061413450842297997,-0.081860504069046006,-0.0093279671497309962,-0.064841858528670374,0.020632451341227827,0.021116887060837395,-0.043842823103118642,-0.12498216909850275,0.019432023285497976,-0.012927440983251857,-0.057055331788305026,0.041038211608295301,0.021527150968912681,-0.023959235905972494,0.011203316011576836,-0.025766234134342154,0.020312214290430692,-0.047939334679015302,-0.03400290982371456
-0.082861140580603315,-0.011613171488802131,0.046191265315657544,0.0012759313249372578,-0.061675285544755251,0.07475231277384782,0.04753793560872642,-0.042362119488549684,-0.077340050557291692,0.032863290623154684,-0.022088083345263652,0.043164273463844806,0.015677293962810347,0.11818853453060767,-0.04727535120870778,0.0054112522732065512,0.056408227326634336,-0.068923872222083363,-0.017726375950529814,-0.080632741336391894,-0.061282406167856122,-0.073592804660628369,0.012846792821714819,-0.00026263555713536594,0.028193380376969963,-0.054022819975552354,0.054065562198981003,-0.04340762086693413,0.014080416814118929,0.01725929340458067,-0.018738856258479344,-0.066324824162332138,0.022714809758197518,0.012477439679731837,-0.0071318181993392793,-0.073760945600150535,-0.03800772545638325,-0.03160165376849533,0.063565128897290935,0.020739230986169217,0.062064142998053802,-0.0094412225371411328,0.022756782075855062,0.10035326158896143,-0.084299768861488086,-0.044401586471090382,-0.0058520788133920787,-0.060113194805031508,0.020632451341227407,0.084721706211287495,0.0022650519599163262,-0.018474181076634115,0.052222375898427036,0.0076182295803069342,0.083695220043303556,-0.016198283100005765,0.059641676409912997,-0.016145808057107615,0.053059314744929462,0.057169268179356969,-0.0037733224322883505,0.023846853021908997,0.033251195274582895
0.014353820172904383,0.0037066094065806112,-0.0029785333815972172,-0.013036920411916722,-0.033536646618656879,-0.013661728855986459,-0.031694757780591817,-0.031243951929050585,-0.011206051176891734,-0.071250127450321193,-0.073115989165185719,0.064311304276877312,0.043778802119423428,-0.051422952583508624,-0.022720466345311725,-0.063740107849903471,0.053076966871576273,-0.090404707781802596,3.4263497809455598e-05,0.082557503009516406,0.024088004976901767,0.027901222707650566,-0.10321520913973722,-0.053852371929298697,0.013724199748416013,-0.011637996419910725,-0.011412461933274692,-0.011150802306431727,-0.039122843014779606,-0.0059461618525171161,-0.016349216795984726,0.036577130037324081,0.015789167435025772,0.04515433140991397,0.094422480026133626,0.011394760926062952,-0.029324865216942497,0.0245915752236733,0.030643223798553467,-0.10262920978291705,-0.037757741273416655,-0.072875447673497143,0.0058038808765189017,-0.015354254279863061,0.032533196738024323,-0.0032898158210628546,0.16697303764947954,-0.031599127820632726,-0.043327833776652343,0.062057278804215625,-0.050470167935726784,0.031247993455164356,-0.01301443794100297,0.025039091363607859,-0.077913741021538779,-0.059839448896901772,-0.024807292888443595,-0.025399706382127019,0.05927995812698135,0.016893820863334071,-0.0031252625303620999,-0.056399970403856428,0.055618864435251332
0.014353820172904862,0.0064702635473008457,0.10323627120870163,0.0036328116305699536,-0.075179735229692471,0.025800131676954042,-0.015010081865561464,0.035598839056629396,0.044474276535573808,0.033522450394396983,0.013416936581451282,-0.01945924734513195,-0.029615025651477268,-0.042123691383543459,0.055299122276406827,0.063540967622744707,0.085467351784814516,-0.027167906644370934,-0.019810755818329341,0.018666302909191308,-0.053881004360962846,-0.036347418401392689,-0.023353136278388736,0.040537910483324606,0.050595259182351943,0.040841356905946175,-0.089645240166172757,-0.068791270805582644,0.020922013434481683,-0.032235160536819837,0.076218185901448327,0.00967668337499312,-0.02858759418534838,0.006455993914332347,0.0078783563410346098,-0.079877744025988545,-0.012989516798305498,0.0039607626557213328,-0.12351953196225413,-0.08119908168914243,-0.014223540722162168,0.05161119212366129,0.040253178344441622,-0.052000361039430829,0.028133309367620297,-0.062608057099163436,-0.057764293950873784,0.094458334618159376,-0.04332783377665228,-0.052541112086247656,-0.028039203527763474,-0.039177851652619639,-0.011536298176011329,0.083062230243988955,-0.028273252931323302,-0.028147782898470849,0.078871841676339108,0.038897302917208942,0.032673036028983214,0.025114321948010498,-0.046999564758549633,0.054515581316085457,-0.029119936522214965
-0.08286114058060319,-0.070094912295709577,-0.062850830759771492,0.073352001776840425,0.061950365751145341,-0.0079980754876765037,-0.039587039356368106,0.025404268474886364,0.087077686096754398,0.069521575166126087,0.023991729111787579,-0.031751409330492981,-8.2692268092741478e-06,-0.0029694207734417034,-0.094160416077109746,0.065017706616029625,-0.018093821403565677,-0.05165314071128238,0.095304705865883077,-0.086071747297793669,0.013819468533658742,0.005867248136410365,-0.033969765361216771,-0.0078329959110247163,0.013121829999417019,0.024026654939633237,0.0025159573102597546,0.060031266090506748,-0.032382736521040456,-0.035982818955063375,-0.0018274011849714375,-0.063370546044044379,0.035893205170808185,0.08095290750555037,0.084437948765180362,-0.012825202550714275,0.069966652779241842,-0.0017506560560348989,0.011007554558569747,0.037344400484024813,-0.0096472447391823708,-0.017627038144081019,0.0045696679446178218,0.035261752564283107,0.098449137684166493,0.053399312153893458,-0.025669496994752995,0.065276866892901422,0.020632451341227404,0.021116887060838301,-0.043842823103118246,-0.12498216909850308,0.019432023285497948,-0.012927440983251708,-0.057055331788304103,0.041038211608295731,0.021527150968912129,-0.023959235905973004,0.011203316011577346,-0.025766234134341957,0.020312214290431119,-0.047939334679014935,-0.034002909823714442
0.014353820172903604,0.013402567079682881,-0.10609889065564167,-0.053834637204008565,-0.0047261395417887552,-0.096934745351732451,0.04208078191332322,0.025890399373919668,0.0065580919880241922,-0.014115147142532158,0.060912928938897666,0.10816308230012846,-0.109367549325077,-0.017474757738639962,0.042015911062310972,-0.062754882894440672,-0.051382885244202633,0.047334969436159877,0.02310271634603411,-0.018134246272548241,0.028350032781699109,0.017916055707129161,0.010648195315341077,-0.0040046025387189743,-0.020407043564625631,-0.043648270929883756,-0.057898835515046029,-0.10372851107292458,-0.087949785582763743,0.03209833930593238,0.055752246627749955,-0.083635388443589948,-0.029342737154028468,-0.068022755898646564,-0.0084567077946361095,-0.0041352620169327406,0.023782025669144405,-0.064450495413394815,0.034836191187467933,-0.058861419050837117,-0.0023334932642883103,-0.0063698563165909316,0.033942183918451781,0.058881026640921472,0.044915673887785661,-0.03264936695208015,0.010865363509776694,-0.0065449312923214287,-0.043327833776652253,0.062057278804215375,-0.050470167935726985,0.031247993455164654,-0.013014437941002627,0.02503909136360798,-0.077913741021536365,-0.059839448896901931,-0.024807292888443345,-0.025399706382126411,0.059279958126980975,0.016893820863333839,-0.0031252625303617187,-0.056399970403854409,0.055618864435251478
0.054153500234794684,0.0021017545016814247,0.049862263269569967,-0.02440775308434109,-0.039682175071317889,-0.065745568459160866,0.0044725173709518392,-0.13465915626540798,0.055643543134483726,-0.039117097670173247,0.042394174386682006,0.0071225996020643405,-0.048473538671990425,0.039137425314689125,-0.012174504526298018,0.15712408499687761,0.026280858893696663,-0.050044053010923982,-0.018695652049159715,-0.013490359236895254,-0.042333747498883939,-0.0048351014744167182,0.022721378377388145,0.025766327497530665,-0.027908741628389643,-0.021596333346476346,-0.00091838554444241614,-0.062624210832970387,0.036303147671170814,-0.024988313978045618,-0.060015434530633023,-0.028410015034941612,-0.081314321428935465,-0.0079754106831537459,-0.039266954028000574,0.018742874992155351,-0.0078852055915143247,0.074601771144945261,-0.057444404687243128,0.053126074224402964,-0.04431632058032127,-0.039023383006260279,-0.021298723170801014,-0.026863890834695599,0.0044425873582908436,-0.078300161343844626,0.035823578216868546,0.082503354622880179,0.066023216212077795,0.084721706211287592,0.0022650519599170279,-0.018474181076634431,0.052222375898427424,0.0076182295803064286,0.083695220043304305,-0.016198283100005831,0.059641676409912747,-0.016145808057107976,0.053059314744929878,0.057169268179356851,-0.0037733224322886532,0.023846853021909926,0.033251195274583228
0.01435382017290537,-0.040363898503592482,-0.022045862051748209,-0.005544388278695655,0.023917594676774567,-0.03034541834617379,-0.023635469021179665,-0.059280787944673036,0.0011186121506108612,0.022338148898553314,-0.027991624515710967,-0.072449278161992925,0.11262583153156649,-0.030753374400629491,-0.032451625323947186,0.062201160304531593,0.033973760064110362,-0.080799677274202175,-0.012625290786215777,-0.06545974051421273,0.035972595266753504,0.02119934138420701,-0.011887876644872926,0.11704244094938439,-0.046988785157796822,-0.0021695896687331157,0.058886367867450662,0.033386922187340816,-0.07585369558559249,-0.019191185649933412,-0.011607587722900664,0.0033432023524321251,0.021925014625595186,0.016945438444500378,-0.01837770405612758,0.046073857779861817,-0.0050529291502157689,0.10701784349570913,-0.012757698365172303,0.11231286825989897,-0.053744279265911937,0.093843886066451915,0.070700576318717831,-0.038211584129425748,0.045987357795734568,-0.031837091150806823,0.051244548360073305,0.0061137641586192504,-0.043327833776652336,0.062057278804216201,-0.050470167935726021,0.031247993455164363,-0.013014437941003043,0.025039091363607692,-0.077913741021537641,-0.059839448896901785,-0.024807292888443969,-0.02539970638212714,0.059279958126981731,0.01689382086333412,-0.0031252625303620414,-0.056399970403855408,0.055618864435250992
0.054153500234794726,0.066141321283727683,0.0048491968058601486,-0.047595509964256787,0.033588809816588822,0.0072246231093937574,-0.05216401735433366,-0.018814356798727939,-0.025771663330998177,-0.016024916466012444,-0.01443704218520093,0.031665549687106311,0.017342239911356881,0.035472894543708756,0.063891433712644427,-0.015961544152014843,-0.057830548331269695,0.073558030353210194,-0.052333942970228843,-0.057409919335054356,-0.033934512448976772,0.0058691105501998703,0.034845453426666777,-0.082763598072883748,0.0070062531863202444,0.042265364875492664,-0.045658964154508264,0.027149909154753092,-0.047227392519612325,0.042161230715183386,0.019636371498399589,-0.028609350446497987,0.1077233176168568,-0.036725975151114851,0.060989236424925167,-0.024572395737391197,0.053431492511035961,-0.080628963019809347,0.045553310293278582,-0.023571843582404696,-0.015933958915556597,0.12994810498564341,0.11770207495806886,0.032725106730546009,0.042069915659194643,0.017218882124188591,-0.0082548763309248669,-0.058926975985157976,0.066023216212077185,0.084721706211287315,0.0022650519599169971,-0.018474181076633105,0.052222375898427313,0.0076182295803073384,0.083695220043306554,-0.01619828310000599,0.059641676409913517,-0.016145808057107591,0.053059314744929448,0.05716926817935742,-0.0037733224322880092,0.023846853021911182,0.033251195274582993
0.014353820172904697,0.050214887525016877,0.076645114569639225,-0.018811304824022504,-0.031007653833632947,0.076511375232333811,-0.020495695950671231,0.018269003043855838,0.012044585688512723,-0.012718140513867444,-0.028845581456216317,-0.061497856754280364,0.0033295286518829101,0.010277295014815382,0.027197268728503619,0.0082568995985369646,0.086276739862884269,0.12477117327351539,0.090969500624049154,0.019516933069581625,0.031678670634484381,-0.035098774351204183,0.0075379869572325944,-0.080050370983693858,0.098631461534831683,0.07426453350220627,0.041530913573893387,-0.012782887697502018,0.056248109603168228,0.0056727658548363525,-0.033784279871053244,0.067174366688208628,0.029300723203612343,0.040431409745743406,-0.034059718558949029,0.002903039658104678,-0.07719058842211074,-0.047797625631806055,-0.070344250598243202,-0.031778856645930956,0.029498770911756712,-0.083270045929152894,0.011119141476831318,-0.02474236817800439,0.025260850697601769,0.062108796534526257,-0.010883822577091121,0.07395160761656383,-0.043327833776651836,0.062057278804215778,-0.050470167935726798,0.031247993455164519,-0.013014437941002644,0.025039091363607872,-0.077913741021539459,-0.059839448896901591,-0.02480729288844406,-0.025399706382126429,0.059279958126981606,0.016893820863333967,-0.0031252625303615166,-0.056399970403856768,0.055618864435251922
-0.082861140580604495,-0.072987219566364142,0.027110464551223318,0.052605145411723585,-0.030897507024285707,0.055856956008003736,0.10378440701114361,0.051777737954375777,0.018393073462633851,-0.057022268366937696,-0.0089681733457453294,-0.069924893065047497,0.063163015240631531,-0.020251781414969899,-0.01508563387648003,-0.092058030996318485,0.0033939318116129836,-0.025619281024882659,-0.0090925241980839028,-0.0032177756687336041,0.054408469567629479,0.070154004961766145,-0.076631535159470146,0.06922581066129288,0.010233547822199655,-0.063896820079365563,-0.020366941408993297,0.037597994760877801,-0.0050822680216187441,0.04625613888247293,0.025775903738941584,0.085979666951864209,-0.075561893873465638,-0.092377819754788718,0.059862348276586132,-0.039657939871668886,0.0079540149147889084,-0.013806750953305904,0.015504538766111266,-0.051797923432526927,0.01081999836249907,-0.051761895846327101,-0.065061277605064638,-0.0037963895969110248,-0.03765386120540537,0.044542598598273996,0.0342045911749373,-0.045118527624471175,0.020632451341227622,0.084721706211286593,0.0022650519599158132,-0.018474181076633837,0.052222375898427084,0.0076182295803067547,0.08369522004330518,-0.016198283100005591,0.059641676409913282,-0.016145808057107979,0.053059314744929406,0.057169268179357295,-0.0037733224322890621,0.023846853021910308,0.033251195274583062
0.014353820172903892,-0.023253556101107499,0.05149963813774993,0.078190330306726022,0.011816198698647303,0.050768788465571847,0.0020503830585275576,0.015121385526898932,-0.019721289827147825,0.0044951387578464411,-0.0040757229669694684,0.025784052616144713,-0.0065878108583725765,0.037950837124453331,-0.036761554466866714,-0.0077031770086277481,-0.068867614682806125,-0.091306465435474438,-0.10144692618386661,0.064077053717179019,-0.096001298682936165,-0.0040166227401317129,-0.0062983056277003601,-0.032987467426970382,-0.031235632812408837,-0.02844667290358853,-0.042518445926297992,0.083124476583086387,0.10755537156518738,-0.018579919510835249,-0.010360379033795341,0.013117819402949482,-0.021883000675179599,0.010645907708402935,0.06089413040971213,-0.044841635421033074,0.058461491903182297,0.0052302775494917101,0.048265757775947243,-0.02167259256313106,0.02657900161844402,-0.0042039838207080654,-0.1157619017140006,0.004072925666508782,-0.11616388238112249,0.0023776615683611213,-0.051226089292758119,-0.073520440482861896,-0.043327833776652891,0.062057278804215535,-0.050470167935726971,0.031247993455164338,-0.013014437941003001,0.025039091363607439,-0.07791374102153574,-0.059839448896902285,-0.02480729288844391,-0.025399706382126484,0.059279958126981711,0.016893820863334314,-0.0031252625303615448,-0.056399970403854478,0.055618864435251422
-0.082861140580602996,0.0047441437809547732,-0.081821924626653803,0.019398117636873425,0.036990872279014139,0.0026639893417639061,-0.056092907027762054,0.10169577510975965,-0.048264953266119882,0.11216428250312334,-0.01898895885573515,0.031136743775876882,-0.032031716479998702,-0.05435853844342816,-0.036631295309866738,-0.049104509848544343,0.028155757625972985,0.0021053036825968165,0.080122119217472504,0.074118054240683504,0.021859790380231219,-0.071188014037550137,0.019064703355414808,-0.012228540085939713,0.010668940619870382,0.043227788550348971,0.066944291107943352,-0.0021236930826601555,0.016006512870060021,-0.063429055619610181,0.014603159293292601,-0.028960301470424794,0.049152897685544948,0.13707920558905609,-0.081584630673510614,0.045487460616904923,-0.053500301834309968,0.019833942828169929,-0.0036134443721466099,0.022243692790528392,0.049430281133379023,-0.039162826133057251,-0.031342074182203666,-0.0020648262989391274,-0.0088586418120810313,0.0165386806213812,-0.061773293060880821,0.021542148986747337,0.020632451341227563,0.084721706211287343,0.0022650519599166463,-0.018474181076633758,0.052222375898427424,0.0076182295803071528,0.083695220043305055,-0.016198283100005189,0.059641676409912962,-0.016145808057107615,0.053059314744929482,0.05716926817935708,-0.0037733224322885283,0.023846853021909815,0.033251195274583069
0.054153500234793851,-0.0097982612620305977,-0.057379434755621482,-0.023641404655173247,0.016665815483562749,0.024000341612126747,-0.026889723159066629,0.12056515048868677,0.073797720991436319,-0.024189368643780598,-0.037460847421646237,-0.0083252992961010894,-0.11995497904140424,0.042558359007650585,0.036848178973448234,-0.0056318054501456527,-0.037746539598634957,0.0095729260225745696,-0.016580792463294504,0.0040275470291500411,0.033496301030512023,-0.0023475889580171732,0.02761161940850845,-0.09395482283912221,-0.026718269900034106,-0.072285059156668677,0.077347866427372902,-0.013936300412270716,-0.096176206725538588,0.01934056229178386,0.073699149166154526,0.01547910283795929,-0.092889054079500058,-0.058303521309517742,0.0068714973673413577,0.087663526332226599,0.021684252715790994,0.043285437181670758,-0.0075296187491683958,0.009812402674647322,-0.0051138333293320529,0.017260297074797849,-0.025589698585926284,-0.10509816353144216,0.0090652923748898717,-0.0066721550103597009,-0.017144921499770486,0.00012618847336856852,0.06602321621207774,0.084721706211286954,0.0022650519599166047,-0.018474181076633713,0.052222375898427459,0.0076182295803068891,0.083695220043306151,-0.016198283100005356,0.059641676409913205,-0.016145808057107715,0.053059314744929288,0.057169268179357316,-0.003773322432288612,0.023846853021910971,0.033251195274583402
0.014353820172904123,0.05484787784388543,0.016431953051175015,0.060616334923004299,0.04319061902540422,-0.0043086210526633644,0.001779409451334863,0.073684833636111294,0.032894730952024769,0.085723350933873468,-0.00068277742877751455,0.03222858244842422,0.076237582154543834,0.0067834787131289386,-0.020595198098324833,0.0064720581014390925,-0.06042772361900213,0.094503119317565221,-0.014930800328675831,-0.037019604276474966,-0.054990712977822334,0.016780733132639187,0.082370421609202285,0.0088736963510016136,-0.047862827446504032,0.09633430392315899,-0.05648402317999987,0.048572852436827685,0.023735538985400709,0.018905819405064628,-0.053186487289233607,-0.045876115790327084,-0.016486496780730886,-0.12367745587741812,-0.060403227020131796,-0.011446358182688328,-0.039936741929087062,-0.085725529235764833,-0.044626873147467779,0.070690460997200458,-0.031204169357606303,0.0075579603310639227,0.037305055196096136,-0.04827254563425188,-0.01739217846627153,-0.013344879185976186,0.063625183095601542,-0.05527454512896194,-0.043327833776652579,0.062057278804216146,-0.050470167935726319,0.031247993455165109,-0.013014437941002707,0.025039091363607997,-0.077913741021535907,-0.059839448896901751,-0.024807292888443726,-0.025399706382126488,0.059279958126981419,0.016893820863334338,-0.0031252625303617174,-0.056399970403854131,0.055618864435251061
0.014353820172905414,0.0249883145500693,-0.076649545840530228,-0.0024169742556255313,0.064957481526371735,0.0031812835542055543,0.019260829561943152,-0.0035883209768038751,-0.11230515260597745,-0.0099361469613870029,-0.041732415214160323,-0.019022658811814822,0.035910796647156393,-0.036772073362423677,0.045665914184356088,-0.0094384811958269296,0.033451998060992208,0.0058189496871990931,0.022847950681115753,0.030728232760735785,0.02671587211204289,0.036655274187913776,0.10663723650601632,0.069144480545394835,-0.022415614731859615,0.010836802686300044,0.027180071715537827,0.092063638543908199,0.0030107484758937044,0.061428860476891625,-0.014480087375430368,0.048092242155280907,0.064519547661235563,0.017599902535090518,-0.0698911868015656,0.076530171342693867,0.028690356972756362,0.10762694413271805,0.063403609045816087,0.018858899245824581,-0.0041517075830566352,-0.05097153350073455,-0.039584727429723784,0.072392842549974745,0.045304266719342866,-0.10861722013270188,-0.043220178305098111,0.01200562600604436,-0.043327833776652419,-0.052541112086247461,-0.028039203527762954,-0.039177851652618223,-0.011536298176011345,0.083062230243989177,-0.028273252931321772,-0.028147782898470485,0.078871841676339052,0.038897302917208464,0.032673036028983256,0.025114321948009458,-0.046999564758549855,0.054515581316086602,-0.029119936522215298
0.054153500234794538,0.040828205728526912,0.044197916058398512,-0.035137924772455559,0.081234286957083998,-0.025049220531607765,0.073976709720457154,-0.12695993315028289,-0.061180314806739917,-0.083283589420888982,0.036623413307446229,-0.056166411177117161,-0.044608810322097674,0.038632685670545709,0.0023750777797883968,-0.0066462033553485438,0.033363101355859758,0.073787070789004247,-0.028149851840320796,0.035228268343627696,0.020532659854423728,-0.057661156208145561,-0.013647199119405568,-0.0011439254829225306,-0.062884192219184024,-0.054150259950740208,-0.012590126729767812,-0.015750139516213308,0.035513190751645038,-0.092663867333901723,-0.028794256369872078,0.020919815451627355,0.014245338187413715,-0.011729401965250371,-0.087407112086872213,-0.021842537997048373,-0.078751790407808553,-0.013014566563272113,-0.025335028375946159,0.0058667434056282469,0.053115790135644499,-0.017284310200240488,-0.032886478765305767,-0.062083895773898376,0.0258731655511849,0.10659231309127894,0.016364493815912363,0.024866661297482051,0.066023216212077934,0.021116887060838422,-0.04384282310311826,-0.1249821690985029,0.019432023285498069,-0.012927440983251701,-0.057055331788306088,0.041038211608295787,0.021527150968912036,-0.023959235905972247,0.011203316011577393,-0.02576623413434229,0.020312214290431035,-0.047939334679016288,-0.03400290982371388
0.054153500234794927,-0.044865909540007153,-0.10893443693697247,0.075938896477884529,-0.0013332758130384446,-0.050262832399156583,-0.070961823854868697,-0.067569803235384709,0.011012991798261042,-0.023878285334297422,0.015746106090665117,-0.0031737458959210517,0.065904107781963553,-0.049262796256845015,-0.073535267927428871,-0.0042649548932425325,0.057720283631143503,0.029382220285633573,0.041449946941777137,-0.0078332576458573396,0.038137799056774904,0.05120845620033139,-0.054060058083166669,0.058314609448645881,0.023179035317388453,0.061387700293415795,-0.087097795459575134,0.05419389054304493,0.017646066077651495,-0.0002129919284427207,-0.057840140130363427,0.043820252726280762,0.052458777484414042,0.05072862369063804,-0.01322589252314298,0.030647264364240666,0.012110417767995095,0.019870975195429724,0.037429751654545672,-0.075950664935741694,-0.07465594506679997,0.081060051819745099,-0.077136981434237625,0.045238879457477413,0.040297752667313676,-0.021749272184155455,0.032186002171681292,0.02581092215190655,0.066023216212077671,0.084721706211287467,0.0022650519599169863,-0.018474181076633716,0.052222375898427285,0.0076182295803069585,0.083695220043303889,-0.016198283100005744,0.059641676409913046,-0.016145808057107996,0.053059314744929531,0.057169268179356934,-0.0037733224322885795,0.023846853021909458,0.03325119527458311
0.014353820172904246,-0.0068537364844799692,-0.030195874164352696,-0.046112307052750774,0.0095700448060719624,0.018774815656115638,0.043649369983731472,-0.049665513556859164,0.034158756206105333,-0.023411501984549696,0.028558344083350739,-0.010896125653130116,-0.033499376382093313,0.081004717191432166,-0.018174605065983316,0.0069773730362286748,0.051326965196778346,0.016474263931693239,-0.1060895771375603,-0.02289186090686357,-0.038042118957901383,-0.019307357035713024,-0.0040447173782575891,0.079500377569559286,0.089849508104707779,-0.064372987252204569,0.0094320528823006941,-0.10378404428416678,0.05309190477212198,-0.11482418558258944,-0.0035351355932866607,0.059904041518119115,-0.0128564722309687,-0.0085362065850541451,-0.026061925014136549,-0.0070490527835458741,0.03851473653383955,0.035341044994757223,-0.015699008786373033,0.013215114099726578,0.078855854187498423,0.058376374440280598,0.042189188291134612,0.084331545124037691,-0.021655101643057052,0.0047593397094817308,-0.092233266224354474,0.096057303655803894,-0.043327833776652232,0.062057278804215757,-0.050470167935726583,0.031247993455164085,-0.013014437941002792,0.025039091363607484,-0.077913741021538627,-0.059839448896902007,-0.024807292888444094,-0.025399706382126443,0.059279958126981849,0.016893820863334075,-0.0031252625303615066,-0.056399970403856352,0.055618864435251568
0.014353820172903296,-0.025010176583771051,-0.0033661460088807351,-0.015032141362007737,0.011484450307600123,-0.0097265000876432667,0.015363568379855566,-0.089567861135087246,0.012293512044368505,-0.023054337758883707,-0.015408927304986567,0.12006917079240716,-0.051621716614535136,-0.040552519380395648,-0.042137598426429453,-0.0632141907555301,-0.0036079657501076226,0.018266901457895404,0.016190737900165331,-0.012808315290920781,0.03566234632501597,0.040374490302834888,-0.10584690798165028,-0.042241127163170383,-0.035007116984839104,-0.06242586171588263,0.050885839864074842,-0.0045548548872916834,-0.090482083051691017,-0.031117894003885451,0.041740460438844128,0.07630805863384009,-0.11305929547891842,-0.035090221933575187,-0.023450124735740763,0.036186301718113809,-0.024225049550436476,-0.10538621425213933,0.02848582960489263,0.053326764899066043,0.010161830359092339,-0.012420021198217713,-0.021143043940123497,-0.036020134932760524,-0.0031529262032053951,0.11256206553736289,0.03497721331124843,-0.044631044703800159,-0.043327833776652412,-0.052541112086247267,-0.028039203527763394,-0.039177851652618327,-0.01153629817601147,0.083062230243989302,-0.028273252931321494,-0.028147782898470391,0.078871841676339316,0.038897302917208887,0.032673036028982846,0.025114321948010547,-0.046999564758549245,0.054515581316086865,-0.029119936522215496
0.054153500234794268,0.05034483699245635,0.040645325143410828,0.044334186771649103,-0.11073998506520154,0.030104057465806595,-0.00061960656798405549,0.018139288373239255,-0.041723105998642963,0.055107152757554789,-0.077946755770150825,0.055894268261200766,0.032240840224046448,-0.014542866029299098,0.076631690741312875,-0.02203974764084873,-0.0079661141474826197,-0.027381091803191253,-0.034135854490767052,-0.0058795611371944938,-0.075182641594537206,0.077195940805284871,0.052411618898368421,-0.018737791029265035,0.036450953897131558,-0.001763322906915638,-0.021218854981666677,0.054094741681855685,0.069052725214419131,0.067063732749707741,0.011983988907596693,0.013896737555637438,0.0095367507453507951,0.00024212294159489989,-0.064675499350040494,0.057702416673959679,0.052394020211913625,-0.061042947408842183,0.097361686061866834,0.084291518603908377,0.047210782207437345,0.017161298713302374,0.044666226450417575,0.035962301574749327,-0.062908852393053341,-0.078131121176126986,0.018632970328571603,-0.025301669661713259,0.066023216212076824,0.021116887060838467,-0.043842823103117809,-0.12498216909850221,0.019432023285497986,-0.012927440983251373,-0.057055331788304818,0.041038211608295572,0.021527150968912726,-0.023959235905972293,0.011203316011577138,-0.025766234134342623,0.020312214290431327,-0.047939334679014921,-0.034002909823714331
0.054153500234794844,0.044238313874328618,-0.0055414275746715229,0.013166253660992821,0.012545927964911597,-0.10429576570793066,-0.011271755563312473,0.038676062822891814,0.015531292722714604,-0.043824164387974436,-0.082253102403656658,0.053658193757847007,-0.038819005373043225,-0.057882433518390931,0.047506463781020171,-0.053441216670229941,0.055483085659221977,-0.076074415913050947,0.058775194017502627,-0.023271549134759477,0.025033493315645229,0.048170423352834509,-0.015894197460608713,0.0030538971778054261,-0.016639693423258148,-0.050349552693227322,0.0076733183480074312,0.035821992908504033,0.023371093416160851,0.0016180171346655942,0.0026384751934410717,-0.050876114893007529,0.10637589505843241,-0.095091449457696944,-0.025987127317569882,-0.0098353590401128212,0.035450245274805517,0.033989884693916055,0.023684349378351933,-0.045488228842455604,0.054006189898892727,-0.1143288024098099,0.064587404992022465,0.054122666065984398,-0.06553118635827053,-0.055883491948723704,0.026181504684080082,0.049631102436393716,0.066023216212077213,0.084721706211287023,0.0022650519599167447,-0.018474181076633973,0.052222375898427265,0.0076182295803068336,0.083695220043304028,-0.016198283100005276,0.059641676409913212,-0.016145808057107754,0.053059314744929482,0.057169268179356761,-0.0037733224322885682,0.023846853021909448,0.033251195274583138
0.014353820172904451,0.02853773421108256,-0.080854513445568627,0.026296216231858918,-0.076149990121251329,-0.063478622967229975,0.0033859734973517588,0.039144521555800893,-0.078494897304775685,0.015721615406011778,0.013902111244751643,-0.011330003490729901,-0.01113785012477817,-0.0013958175173139574,0.022796045882182238,-0.033689100889309764,0.007375582038323631,0.0089023037418846981,0.019578123482941578,0.051789244338777518,0.00064276347701931302,-0.037240934045740672,-0.10564414583324935,0.023596284186453986,0.063011064814560841,0.090369052987040191,0.030043669477931037,0.046780726087722498,0.0036732502892117928,-0.12075291593409664,0.040908605738640497,-0.028565047320391248,-0.0023765314604869106,0.00072174052454046338,0.0016775718207133982,-0.023955721617276188,-0.058114052417809446,-0.033251642004368059,-0.072573042463227086,-0.010046601532237347,-0.11483090248474946,0.097491405980974041,-0.056695219813083127,-0.0030473580138453962,-0.070857293332500002,-0.074947726156702282,-0.032481742911051222,0.020412837384253389,-0.043327833776652225,0.06205727880421584,-0.050470167935726486,0.031247993455164214,-0.013014437941002894,0.025039091363607973,-0.077913741021537503,-0.059839448896901737,-0.024807292888443883,-0.025399706382126474,0.059279958126981475,0.016893820863334165,-0.0031252625303613379,-0.056399970403855422,0.055618864435251165
0.054153500234795107,-0.099698433239571838,0.084939284322259931,-0.039573982906820397,-0.045877942895927414,0.023633458483637897,0.043196176585995588,0.0079765282541229797,-0.076541103152618847,0.017796061884295538,0.094331792107725798,-0.005123249735470032,0.052056082157850146,-0.042808569912123132,-0.023035380191529439,0.018452460221439291,-0.0061377791631925605,0.015514484320486632,0.0018705873772946351,-0.017162023455316727,-0.031425320436847828,-0.0083943942307045955,-0.05427657704499509,-0.010116447442753,-0.062310509384102188,-0.059051121398002296,0.024468901524524796,-0.050444757003997157,-0.074414260930988643,-0.0048494253439340211,0.011616957700344566,0.020498835645026907,0.046412551120093674,0.046297334859460922,-0.11186729828037938,0.033991856510610867,0.0020076310732154291,0.033870261845027637,-0.0087608783550287891,0.049245617696848466,-0.062660278215004098,0.048543515163348601,-0.024409118760542269,-0.021171626540830369,0.051184147875333798,0.11554084051907937,-0.019042242151436274,-0.096816765315661288,0.066023216212077698,0.084721706211287412,0.0022650519599165769,-0.018474181076633928,0.05222237589842707,0.0076182295803066992,0.083695220043305485,-0.016198283100005706,0.059641676409913053,-0.016145808057107837,0.053059314744929219,0.05716926817935733,-0.0037733224322884788,0.02384685302191035,0.033251195274583055
0.014353820172904321,-0.0091690932952547526,-0.039850661470759177,0.013344094432314478,0.076375619574284931,0.059251952539283566,0.054377144608808908,0.058417626837100764,0.15600866403883926,0.025951463724329524,-0.0016883941274782363,-0.13561597292498467,0.003820199034019181,0.013901572362774381,-0.037445793993309703,-0.019228669531548975,-0.08286848310829889,-0.048646411340470784,0.01137746289593319,0.018251446060840538,-0.0068199430108949492,0.010519871354352207,0.0072616142610639027,-0.072314461785225811,0.07671449380800055,-0.11211285555917243,-0.052540838318844832,0.0038375590784817406,-0.0091461928769700305,0.078286584675062165,0.016055449197657504,0.009904202382862267,-0.034790704691670685,0.012279044207291883,-0.028448439417053779,-0.041061805530393999,-0.053763069989402404,0.036764917747183282,0.046978293361157407,0.018091341707016834,-0.00089256524042978199,-0.0068742728337294759,0.020793093176625425,0.02608199316227432,0.056357265746184909,0.011112995297770035,0.058616891864554599,0.024229602193122455,-0.043327833776652558,0.062057278804215722,-0.050470167935726645,0.031247993455164259,-0.013014437941002661,0.025039091363607761,-0.077913741021535102,-0.059839448896901758,-0.024807292888443834,-0.025399706382126866,0.059279958126981711,0.016893820863334071,-0.003125262530362367,-0.056399970403853868,0.055618864435251533
-0.082861140580604051,-0.0045787446753190915,-0.11475228858991551,-0.064373929725549478,-0.0097948074993451009,0.087091929787505309,0.025552521809343674,-0.055049891562703686,0.085208933059978578,0.0078531075442047609,0.065655543450684029,-0.047508678511676318,0.037961725050011365,0.044558943653815276,0.045720055172588016,0.017697236136509118,-0.0098725006932498856,0.040290972281907214,-0.030556503193974127,-0.026049135468147817,0.02312118424854942,0.0050506398386974526,0.018193678682266491,-0.055855884163111685,0.14642920756576477,0.053446921809934378,-0.028367706821248413,0.030070020894279879,-0.0093076174032965062,-0.013464908686165043,-0.08634237408287404,-0.022119258753920575,-0.057008724089776516,0.052850954571118255,0.085795994132236875,0.044221760337971011,0.0037054010809153578,-0.0060806710866482599,0.024795300940483076,0.032146064844269781,0.083064149588032848,-0.025820016006811834,-0.004263323427041883,-0.023337988943171052,-0.0066368064934789507,0.020479651417867301,-0.0087806768007414361,0.063894770299379011,0.020632451341227504,0.084721706211286815,0.002265051959916776,-0.018474181076633754,0.05222237589842757,0.0076182295803070652,0.083695220043305457,-0.01619828310000546,0.059641676409912962,-0.016145808057107996,0.053059314744930072,0.057169268179357004,-0.0037733224322886267,0.023846853021910454,0.03325119527458318
0.014353820172904255,-0.00053014692607725481,-0.0046838681378403467,-0.046499757272302412,0.046019051630137794,0.060906019848678696,-0.021200414768678351,-0.051596604700732927,-0.063474708975691588,-0.044278929090121918,0.0045568985173680453,0.091707221831960048,0.048467205905886795,-0.013188415511296667,-0.0011563586171948481,0.089767362414142821,0.073582536479975647,0.020203990081563143,-0.031702998954075266,-0.13100423617964693,-0.033552627433069887,-0.011449123757400001,0.036149081975283548,0.0011614850801874752,-0.10586511689337148,-0.038162606722327769,0.024725916405958604,0.0075801246873415089,-0.021354215156090258,-0.012815528008073031,0.0095662569948891524,0.0062198097882207679,-0.0057171894464691985,0.035648382073580821,-0.01661025011920619,-0.008748080614845527,-0.030990997028503199,-0.063687551641456577,0.027728089954205587,-0.11771601381337565,0.058629334952058305,8.7220134925403432e-05,0.052093519214986103,-0.046535748942489651,-0.008813038151218467,0.10016925567084385,-0.035936482025519231,-0.084956044997688912,-0.043327833776652051,0.062057278804215632,-0.050470167935727069,0.031247993455164533,-0.013014437941002854,0.025039091363608091,-0.077913741021539099,-0.059839448896902077,-0.024807292888443779,-0.025399706382126377,0.059279958126981169,0.016893820863334148,-0.0031252625303614234,-0.056399970403856567,0.055618864435251471
-0.082861140580603995,0.060038864040562183,0.035354431842326825,0.090781658971376133,0.043126822430360354,-0.0064296225632120459,-0.057476942832027082,0.0083973004856883124,-0.024199122630074815,0.018174994959474045,-0.077734233154752364,-0.0010262655107006037,-0.051198801834819133,0.05613205977669853,-0.070191138762079025,0.017291520312281775,-0.039472805802766631,0.020268959310657361,-0.030089278200823057,0.066482708058224316,-0.016729357127346908,-0.044826668960828084,0.051977095823337066,0.062918434428059319,-0.067479004758403835,0.055953752281294872,-0.0037745130512844074,-0.015447256798786382,0.060350784918124158,0.016696316895433959,0.072086941189089024,0.052496538001901162,-0.095779722088748867,-0.0040568399728834019,0.052058431465712499,-0.068378257808468818,-0.041163277428935677,-0.061779475452295472,-0.039718771963806063,-0.035903453698662713,-0.074410061271921138,0.091605303253271889,-0.035914962804438719,-0.0096130505819827603,0.020983844976414843,-0.080136999988223906,0.0016414142680977863,-0.01670910742011306,0.020632451341227782,0.084721706211287426,0.0022650519599165006,-0.01847418107663349,0.052222375898427278,0.0076182295803070349,0.083695220043306012,-0.016198283100006039,0.05964167640991333,-0.016145808057107403,0.053059314744929413,0.057169268179357705,-0.0037733224322885482,0.023846853021910967,0.033251195274583249
0.014353820172904569,-0.01883849398975063,0.12538904305416737,0.006859446608128171,-0.046244681083171292,-0.056679349420732751,-0.036562703337482558,-0.045965543692167266,-0.014039057758372192,0.0026058499597807518,-0.016770615634640801,0.05523875458375449,-0.041149554815127914,0.00068266066583548915,0.015806106728322892,-0.036849591993283901,0.0019103645899854595,0.019540117517021557,0.00074741257520143242,0.060963545780028675,0.039729806966946231,0.038170186448788779,0.062233449596902184,0.047556692518585721,-0.033860441729189568,0.059906409294460783,-0.0022287475650447685,-0.058198409853545206,0.026827157743847856,0.055281859267107755,-0.066530311931186317,0.012441035149308517,0.04288442559862627,-0.048649166805413133,0.043381117715545814,0.073765607762516464,0.14286811943571517,0.060174275898641223,-0.0021333408521360805,0.109671273638596,0.057094132773121413,-0.090704353282169872,-0.016191392578528033,0.023501113794060755,0.023313065737533015,-0.036334524811911073,0.0098013330720163414,0.040313605420312884,-0.043327833776652377,0.06205727880421566,-0.050470167935726624,0.03124799345516498,-0.013014437941002922,0.025039091363607206,-0.077913741021537516,-0.059839448896902007,-0.024807292888443848,-0.02539970638212688,0.059279958126981641,0.016893820863333856,-0.0031252625303619581,-0.056399970403855124,0.055618864435251526
0.014353820172904276,0.013687561172198597,-0.012132039307354105,-0.013615019596261277,0.0014957990125033069,0.085011669956786801,-0.0014076141878554018,-0.00038681968796133086,0.057255878482220433,0.044170038060295833,-0.013259535480060885,0.075191863184198682,0.021289833182117471,-0.0012210731880029741,0.026353437104703597,0.02181200533567465,0.032744055612058634,-0.022903839214696773,0.010692782740579151,-0.0081132365790346061,-0.0531027626320126,0.061392778701602896,0.057021965373388543,-0.05215023504464876,-0.10819835290010685,0.025974548242240807,0.06837966324489296,0.025882969580743119,-0.12984601069520951,-0.038768875768724433,-0.021050020114499218,0.05224755918277308,0.062434587310347976,-0.11360212621373381,-0.016244599552019238,-0.0057575990711869795,-0.013354820583699429,0.023423881314535464,-0.011440046571657357,0.039245384619235289,-0.023541217970123395,0.12881642247584021,-0.003823354465258522,-0.042455228332461827,-0.012004017641138738,0.10916552220277202,0.014887086528131527,0.014771985198081372,-0.043327833776652371,-0.05580190623254086,0.049068969144101839,0.042872336802848063,0.049363291427595268,-0.080394411491775467,-0.012627452461889177,0.0097380592840638422,0.0013278906759524535,0.047385003147149392,0.089934257247385144,0.015451542008106571,0.010749645910332119,0.026824350535009808,0.035264874520061704
0.014353820172904432,-0.069580168647256815,-0.11103856521941582,-0.0058844337002905561,-0.0089394037580042395,0.045394093862437576,-0.063094129793133946,-0.10284670682761358,0.060068328510659054,0.0058711500804268903,-0.051010813060374985,-0.01874046923069294,0.034022310984925724,-0.033535969786051237,0.019360974989348637,0.027943294062427033,-0.029499913445346849,0.047959762303912086,-0.019913212483088652,-0.14430513883089113,-0.016573696997779976,0.045544567310199562,0.0063298440303266512,0.056144907557800577,-0.05429374421809903,-0.048376401994014669,-0.010124047329053075,-0.021201493366010949,0.046879129517804825,-0.078562337735297097,-0.064510009802713542,0.01477014675923195,-0.054342197075705576,0.097772805070444654,0.019346803675040703,0.030217114830674553,0.05600263055672848,0.0026154981340308363,-0.068642042268045378,-0.026016745387162601,-0.053061839509418854,-0.039668685693929596,0.045797493003775669,0.01202991982189395,-0.029461942166524566,-0.019617951016614878,-0.031837239808002557,0.036201669071466998,-0.043327833776652558,0.00025356789042791939,0.02594738171537397,-0.04545391506952319,0.039636434539717671,-0.053730257388783363,0.049642095189630087,-0.092682627083205751,-0.0501852195220601,-0.070580153133175547,-0.020114519178692346,-0.047317331101974232,0.025700321527744339,-0.0059006348187843286,-0.0087132588585571106
0.014353820172904605,-0.034733329567385431,-0.022676796733916146,-0.0093483507633391801,0.061533444430089262,-0.090748245691520721,-0.013261052120393552,-0.00550313709656787,0.045182701164547541,-0.007368647299044421,0.088159814990105598,0.025240838484099484,-0.0855746212803324,-0.0029100252099129478,0.01709749078572426,0.033074897277386446,0.054887213287700957,0.075806274341337618,-0.057909616371636163,-0.053665259219822493,0.051690325919599725,0.035099529212540795,-0.008028633910289797,0.034192487201800965,0.012818145328535863,-0.034045467531808378,0.017039381543390908,-0.027953957178906093,0.084692492863413238,-0.0032118723820701613,-0.038089357735529537,0.064410030588408856,0.039276948756803501,0.012186561418097978,-0.080239972726524098,0.0056528996889638888,0.11933451942315715,-0.0064380494700087077,0.022082086608192403,-0.030748969625081259,-0.060246954834662907,-0.075901751664025796,-0.016848877020295663,0.092514738205947758,-0.0014768484272412446,-0.11236555446802243,0.040450844200074394,-0.0076522720347035776,-0.043327833776652343,-0.05580190623254104,0.049068969144101755,0.042872336802847986,0.049363291427595185,-0.080394411491775397,-0.012627452461890232,0.0097380592840641718,0.0013278906759523798,0.047385003147148774,0.089934257247384936,0.01545154200810564,0.010749645910331755,0.026824350535009662,0.035264874520061947
0.014353820172903851,-0.061587680009710946,0.0044326892787373388,0.024101517840442906,0.035057190403783807,-0.027130229248738078,-0.064884255145196953,-0.00491018112906484,0.033074279070661725,-0.0079283729608107378,0.017912123630938269,0.049768235354143979,-0.021509053159599053,0.055014800642116238,0.017441277186025339,-0.076853226054823517,0.012166139486532937,0.043337200361927446,-0.0356039618081474,0.067870285360006721,-0.07277451617268238,-0.079233673141968081,0.10913170554534386,0.018901645948118568,0.0034824515664271883,0.085705817726625708,0.061087036031469227,-0.0059562636661636345,-0.072865855705836521,0.084656995242982563,0.056521368606383161,-0.046674181465159573,-0.012481909511785804,-0.14008438856103211,0.020143947581238626,0.020786008961958223,0.034451538401062395,-0.0073063223684628909,-0.041013029616346591,-0.021186120408808899,0.032031649498317979,0.050820994372605614,-0.032055098218073577,0.0079030670133088017,0.092683216261291904,0.013639016503542409,0.049128127200810334,-0.012669760715568548,-0.043327833776652606,0.00025356789042727473,0.025947381715373873,-0.045453915069522739,0.039636434539717331,-0.053730257388783662,0.04964209518962881,-0.092682627083205321,-0.050185219522059545,-0.070580153133175144,-0.020114519178692832,-0.047317331101973753,0.025700321527743882,-0.0059006348187853937,-0.0087132588585567827
0.054153500234794573,0.020706827453802874,0.062260427548450306,-0.0024991503173058291,0.030229431185569994,0.080953861494139023,-0.016740453914184852,-0.063645596339924934,-0.080821680559579015,0.096338075160230421,0.038773905449274414,0.038949250280792748,0.033502303677487487,0.014024704980469399,0.024333718024613885,-0.025385185392741094,-0.069123533341781798,-0.04010638408486758,0.088554143838139462,-0.011947181442922479,-0.035643840533063881,0.059984694418464671,-0.073867275577007313,-0.079720822157834714,0.028565060109006335,-0.0091865905910921957,0.067482428390652549,-0.065234656433317259,-0.086756419677263497,0.0066245182223512254,-0.045994686021281664,0.085415911887968723,-0.0088055820511772839,-0.0097667263650181926,-0.027758231932174415,-0.058658989713285453,0.031157392809828308,-0.053419650909092009,-0.00037417780223779736,0.03700789394234974,0.031229807127558656,0.069637053983293618,0.024612309274590485,0.068054393634644328,-0.019621667210007084,-0.052563439178895034,0.0087586948376671258,-0.026161531267744485,0.06602321621207774,0.013965989155676255,0.0012582306571048308,-0.0096227013631725138,-0.018116446470035377,-0.013050874092738116,-0.0068987503408433201,0.0006732109869895201,-0.05778388007756164,0.0141766041221366,0.012535372289882645,0.023204355203688416,0.056934975212858986,0.11854769160503116,-0.082463229524350631
0.054153500234794066,-0.12352244699790092,0.031228818943606493,0.007118208819360785,-0.048992301150141714,-0.0084873930246695123,0.0085389198350082351,-0.013258691615557896,-0.04359648755926248,-0.021682306419852582,-0.041680972241986296,-0.0023057618150034483,-0.092838200294203602,-0.034094609942065368,0.021917985071859471,-0.016925764149469731,-0.0030070390008923148,0.025746567578316969,-0.038230702480616295,0.11007686740930324,-0.062482748193814691,0.044216037217988988,0.072893909897147321,0.040511899038041546,0.0072152658934759714,0.060481774753167107,0.041410161055748511,0.13263516793347394,-0.0057665231009565903,0.075180905351479754,-0.057195735411482214,-0.049283401641120175,-0.077145510387668301,0.043979410918594905,0.015303212463432447,-0.041216624773956316,0.01329490198357928,0.047620038335404569,0.041635219905130152,0.012337438976417788,0.053310839401635085,-0.0011736081848185112,0.021624406938158338,0.054418797390082971,0.015923896816259629,0.016761824129167189,-0.054367618283369001,-0.027328230417362469,0.066023216212077365,0.084721706211287259,0.0022650519599166992,-0.018474181076633567,0.052222375898427119,0.0076182295803068146,0.083695220043305457,-0.016198283100005862,0.059641676409913351,-0.016145808057107563,0.053059314744929281,0.057169268179357115,-0.0037733224322888674,0.023846853021910412,0.033251195274583208
0.05415350023479476,0.07843872135469751,-0.013452547560960393,-0.039485100016403894,0.034630140694169996,-0.084081233464353186,0.071644540570195994,-0.0093913185280964668,0.041547301434382233,-0.055335382833094957,0.024872705863025049,-0.0022444328304113401,-0.049233861321774756,-0.015161562690308158,0.047408170424130279,0.051287040945076183,0.055907620325975314,-0.0082702900542214169,-0.084074165313095042,0.014598090941835576,-0.0013098731161223184,0.0063586734275993834,0.041385823095599281,0.030841647680554855,-0.030366506621623983,0.042870634976615737,0.029573735768786292,0.1011333706141969,0.014744425183880161,-0.023736014915997933,0.024287546257804923,-0.00048465562823863588,0.0064809015726162425,0.011490239794994851,-0.0013329509641509252,-0.086190068662391997,-0.071551835997274105,0.061901198525914233,0.0083912030026098029,0.052830913769149258,-0.067169617514114946,-0.15232640381578008,-0.0036568847326232628,0.085956951162532075,0.022817155797333257,0.028676109904647053,-0.014604439925306642,-0.03097263882877959,0.066023216212077698,0.013965989155675772,0.0012582306571051879,-0.009622701363173225,-0.018116446470035099,-0.013050874092737997,-0.0068987503408461815,0.00067321098698944475,-0.05778388007756189,0.014176604122136107,0.012535372289882661,0.023204355203687532,0.05693497521285816,0.11854769160502883,-0.082463229524350312
0.054153500234794878,0.025484583182200423,-0.031828408399167528,0.015998563756776052,0.014258104294030412,0.06124676453850951,-0.049986036907099719,-0.084435393665480918,-0.025100524442404362,-0.048661881355162244,-0.058448606897968665,0.031561847513132249,0.093541122819078087,-0.034589716745577162,0.034053603328607317,-0.0012600943691100175,-0.051617886308017204,0.062385747267159355,0.052981947040127625,-0.073052975773613055,0.020762181550286762,-0.067994395278433956,-0.052467172277828357,-0.066314043122708596,-0.041556909572565137,-0.023534053122810032,0.040373621199124229,-0.06692193931644147,0.026468606812928449,-0.059246644317634864,0.06462452658629475,0.072016600267820516,-0.0053252765349429331,0.030623118829801788,0.033531009660732129,-0.040924839257923659,-0.030733947224925718,-0.022526346715861394,-0.056021877843906706,0.00013038174820928644,0.096805015907936068,-0.077826671149452492,-0.064908335043661322,-0.015115731627449301,0.040540372154261269,-0.031539217684373552,0.074770214594737996,-0.021228006714551211,0.066023216212077795,0.084721706211287454,0.0022650519599161719,-0.018474181076633817,0.052222375898427341,0.0076182295803069984,0.083695220043306082,-0.01619828310000504,0.059641676409912747,-0.016145808057108055,0.053059314744929573,0.057169268179357309,-0.0037733224322881219,0.023846853021911189,0.033251195274583409
-0.082861140580603829,-0.022417794806127777,-0.012656748292465759,0.014616918147530796,0.04099774521908077,-0.045069273854536102,-0.046926598510326302,0.05329886694667027,0.01978939332674164,0.0061782489370418641,-0.053073518441355161,0.029653925937041421,-0.026652158771919638,-0.02282905555394547,-0.068016942430479246,0.0011704669661900154,0.084173826152733486,0.00080664214752365095,0.05134669560863777,-0.0044153990405606594,-0.074454095400367043,-0.095099988478492256,-0.010378668995096211,0.062210815386457036,0.0013303557624901661,0.021962631852971756,-0.11902981702400936,-0.0074491226541266164,0.044279993664449513,0.075479481069865961,0.072716497208921954,-0.026444373872614231,0.0059573748464528294,0.064454149402394564,-0.0059633879316888707,0.051227175478930902,0.046866160135670402,-0.012415275424098361,-0.03951385471129689,-0.012985958224875121,0.05821313521956592,0.10870919997137179,-0.068865081033236866,-0.021927459481626735,0.020714014556832763,0.056068136304134382,0.064270333926956594,0.06672498693778435,0.020632451341227615,0.013965989155675668,0.0012582306571049752,-0.0096227013631733013,-0.01811644647003521,-0.013050874092738331,-0.0068987503408468017,0.00067321098698947955,-0.05778388007756164,0.014176604122136586,0.012535372289882727,0.023204355203688101,0.056934975212857876,0.11854769160502834,-0.08246322952435016
-0.082861140580602927,0.12489683197247048,0.03552855414037303,0.067727882024823369,0.0060585710951073964,0.035646666096442139,0.044974094011194427,-0.0067276076347224326,0.089027765275420806,0.10754159695504137,-0.0035924910741068484,-0.022102353345769449,0.019895880111807332,0.010746290599274762,-0.086680237672310381,0.023054168928298695,-0.035609829467613791,-0.062023956303239695,-0.023252366327708125,-0.03962671782154141,0.10411899991242014,0.028801972091128839,0.0086455648865106788,-0.005280952921225276,0.014272951660643003,-0.016277701957894863,0.02549817908456951,0.016007571115295847,4.6535531211707825e-06,-0.012869412910777497,-0.041896871890070311,-0.09930183002330871,0.042867988422839835,-0.073795839837179203,-0.062457241557921921,0.051132989830423581,0.012636395395238477,0.054854575254975925,0.010475578229814224,-0.039979865014909528,-0.076292551722312002,0.050767580055663945,0.029142930449308171,-0.024846580651936425,0.035100644865147128,0.065046752795585402,0.015546093308051439,-0.0042319888897847484,0.020632451341227504,0.084721706211287523,0.0022650519599169134,-0.018474181076633629,0.052222375898427591,0.0076182295803071415,0.083695220043306498,-0.016198283100005765,0.059641676409912761,-0.016145808057108014,0.053059314744929718,0.057169268179357045,-0.0037733224322887304,0.023846853021910877,0.033251195274582951
-0.08286114058060351,-0.076727754002372431,-0.036151131695024714,0.027367332186178435,-0.10585731709882065,0.048196645824750278,-0.0079774881456848076,0.019738047921350879,0.019484985798455055,-0.047180941264176816,-0.010573092870945123,-0.066358743387423341,0.042383716416205544,0.02396591326378493,-0.0037249460182648382,-0.027072322518525451,-0.070957913136917183,0.047570031991565134,-0.055826674133683252,0.0017644895416482199,0.11140780904955273,0.028756620632428696,0.042860121476504344,-0.013331640909177047,0.00047109075012835723,-0.055646676238495757,0.021973652864569617,-0.028449591526753137,0.027732000828933914,-0.058367984376217874,-0.05100935744544445,-0.058486882387115989,-0.0036326943678908407,-0.066177662832371281,0.035054570828014206,0.093621882896746153,-0.0064717169482247563,0.0039337278072763947,0.03149682951092448,-0.076852849486624589,-0.02227332483300937,-0.026019850138886417,0.047909656491269249,-0.13208388531554993,-0.02390950314415842,-0.032180807029885176,-0.05842458883931638,-0.0095908168412609691,0.020632451341228094,0.013965989155675571,0.0012582306571045354,-0.0096227013631726803,-0.018116446470034912,-0.013050874092737653,-0.006898750340843288,0.00067321098698921316,-0.05778388007756214,0.014176604122136198,0.012535372289882989,0.023204355203688114,0.056934975212858577,0.11854769160503098,-0.082463229524350451
-0.082861140580604078,-0.026858968156770423,-0.034928964684812394,-0.090844654600961236,0.028675625761003375,-0.088406037610281624,-0.0035269769391030911,0.10442169291576067,-0.020330753273754474,-0.037197409180026703,0.10372207021406245,-0.0071537323523593425,-0.020598802636682696,0.057938036088367527,0.030708649271843295,-0.0048683104097188143,0.090234754776536238,-0.026108358542236167,0.0085011217681969942,0.0026028261858514674,-0.062398433268892259,-0.0050236140306846276,-0.029072302505830025,0.031083097005892412,0.020068692018446764,-0.020670019672462594,-0.10728196133944273,-0.081720799732328139,-0.020706737265093294,-0.0030648481230670073,0.034468080715258406,0.076568631396608341,0.039602798499772246,-0.00080668991121840409,0.013623019433757485,0.031008474201456512,0.004802649846108448,-0.079948266874519322,0.0039110797089622704,0.027512044290282298,-0.07382330358725904,0.028232699278605802,0.014140997656194431,-0.014456485110697154,-0.091564913835668948,-0.050269359240379945,-0.035948689619420236,0.052788226021696763,0.020632451341227438,0.084721706211286454,0.0022650519599166597,-0.018474181076634046,0.052222375898427098,0.0076182295803066567,0.083695220043303029,-0.016198283100005817,0.059641676409913531,-0.016145808057107556,0.053059314744929573,0.057169268179357205,-0.0037733224322885036,0.02384685302190866,0.033251195274582895
0.014353820172904286,0.035893160291357008,0.030498064583376186,-0.01599092327079929,0.027610224272271673,-0.010102880183245592,-0.028500311094116881,-0.014583773252950013,-0.045929426840025718,-0.0073970766587674172,-0.070598932712352708,-0.023347694905416959,-0.061638181088426676,-0.056358710151378062,-0.011906131196476688,-0.01730336750950684,-0.10038284685121313,-0.061349850193282755,0.041389034534079272,0.069927561072221797,-0.043858312052564456,-0.037935728727074763,-0.041926524873986744,0.11006365329607314,0.074522116419195122,0.069894588553477729,-0.051510274297719892,0.019370795444427595,0.023232642132288955,-0.0093794242958303506,0.06039393643135877,-0.086812773537858129,-0.049671065404027555,0.090015170850850687,-0.024957306009588332,-0.056718415100236841,0.02529013591720362,-0.0006742208370122746,-0.0067789264142717517,-0.015517892776743428,0.035094876949959698,0.017907163384781575,-0.013579316433901251,-0.11548532175002867,-0.033661101353307174,0.0097284058310182393,-0.093781060456248538,-0.0462227231949923,-0.04332783377665262,-0.055801906232541144,0.049068969144101658,0.042872336802847182,0.049363291427595171,-0.080394411491775175,-0.012627452461886138,0.0097380592840643054,0.00132789067595261,0.047385003147149475,0.089934257247384922,0.015451542008106294,0.010749645910331715,0.026824350535012115,0.035264874520061849
0.014353820172904271,0.038771516055278531,0.014656039172970047,0.0082878821695284675,-0.078416527571552472,-0.057648499525286785,0.1301417587482521,0.098349984198622564,-0.074974947372206627,-0.0096383719989127179,-0.025518733058550892,0.029985967574121437,-0.014138113374265345,0.030315351479003192,0.011107529791506735,-0.0061094557080113203,0.05194063474119727,-0.10226678715945686,-0.040349883052055793,-0.065406578036455484,-0.031282428720411516,0.0013903971289925597,-0.11213798127568739,-0.036691224847764277,0.0033104338480978565,0.031203575255213591,-0.020605167524417753,0.058872262983982467,0.046959891022064368,-0.012056780748087288,0.01646293451505421,0.053588929199592357,0.045378788142950169,-0.025834773549581278,0.081261748987776689,-0.013420374107672188,-0.073132345460155346,0.0012983472680972016,0.10929698584887697,0.036645715037935414,-0.01272820817878494,-0.046203163979384371,-0.026894887419282591,-0.025843167300535871,-0.026407862419309047,-0.035828168452838538,0.0092518767248984234,0.018729356431382824,-0.043327833776652787,0.00025356789042754052,0.025947381715373943,-0.045453915069523072,0.039636434539717089,-0.053730257388783363,0.049642095189628123,-0.092682627083205363,-0.050185219522059572,-0.070580153133175533,-0.020114519178692392,-0.047317331101974218,0.025700321527744152,-0.0059006348187860998,-0.008713258858557095
0.014353820172904303,-0.014847391896170571,0.0043107714578934139,0.038954293630400351,-0.090639467714864599,0.015839455917979431,0.043168977402366054,0.02047373003747904,-0.056509152806742811,-0.029404314102483581,-0.0043013467976930099,-0.077085006762881311,0.12592296918664159,0.060489808549294352,-0.03154479669395141,-0.037583535103554042,0.012751577951455709,0.0084474150666419053,0.0058277990969778509,-0.0081490652733648018,0.045270748764977421,-0.058556579187068782,-0.007066806589113254,-0.092105905453225237,0.020858091152375548,-0.061823669263910037,-0.033908770490563747,-0.017299807846265502,0.021920875699507132,0.051360172446624844,-0.0012545585813296747,-0.02984481623332497,-0.052040470663124692,0.011400393944785387,0.12144187828813184,0.056823114482459629,-0.1312698347566619,-0.016311611007514715,-0.0038631136222632011,0.0070214777825889181,0.048693295854826207,-0.070821834196596559,0.03425154791945529,0.065425811876542853,0.047141967421688469,-0.006528373565767508,0.038443129728042626,0.039103010031612442,-0.043327833776652204,-0.055801906232540707,0.049068969144101728,0.042872336802846987,0.04936329142759522,-0.080394411491774856,-0.012627452461889545,0.0097380592840643765,0.0013278906759523839,0.047385003147148851,0.08993425724738538,0.015451542008106129,0.010749645910331998,0.026824350535010234,0.035264874520062099
0.014353820172904888,0.092396332601689155,0.091949836767708445,-0.02650496630968072,0.052298740925774009,0.039384634911587231,-0.0021633738099206949,0.0094069037580559872,-0.018167660209114773,0.011695594879296571,0.058617422487987327,-0.061013733697571765,0.001624855548938332,-0.051794182335068002,-0.047909781966880699,0.055019387700406652,-0.034606860782377416,0.010969824493618068,0.095867057343291762,0.1418414315073403,0.12063064189087441,0.032298708702776756,-0.0033235682999834836,-0.038355328658155108,0.047500858803574547,-0.068532990987824366,-0.030357821177997974,-0.031714505951807762,-0.020973164834032953,0.0059621232404023687,-0.0084742933187230852,-0.021684894493664401,0.021445318444540607,0.068146357040168443,-0.12075250024405598,-0.037582749684960184,-0.017321823497636391,0.0033924769663330762,0.00035808603551493341,0.010557150758035981,0.03375839818988681,0.035050855300708519,0.013152492633580823,0.0059101804653321714,-0.036813411675457541,0.041807102965910239,-0.026542764117706227,-0.042261264787282017,-0.043327833776652461,0.00025356789042746728,0.025947381715374161,-0.045453915069523003,0.039636434539717554,-0.053730257388783419,0.04964209518963026,-0.092682627083205821,-0.050185219522059857,-0.070580153133174769,-0.020114519178692489,-0.047317331101974183,0.025700321527743819,-0.0059006348187844639,-0.0087132588585571331
0.014353820172904659,0.085404897746836433,-0.0035893412717044959,-0.030177437186686897,-0.017542034257719424,0.012696642822620414,-0.00057045688248072836,0.03546027137761959,-0.090264886660960691,0.056660041892332209,-0.025182989578371357,0.035149015675920679,0.044038246217592308,-0.061246499283711439,-0.05887879311125245,-0.1180693272822428,0.02862799164629207,-0.11315109004775518,-0.078318337561684909,-0.075373563142060715,0.023676287295791187,-0.023470994904094409,0.031543790251787551,-0.037810605278009682,-0.002357419482762036,-0.038724144353489524,0.055225878413743656,0.013790018834682363,0.061437575889072317,0.07297780958188034,-0.030290714748341427,-0.067295565529946921,0.0050554818010800735,-0.012363220220073929,-0.059042670871487138,0.038769190268054421,-0.055640169619381258,-0.020646925506189046,0.014398533919837296,0.0012839522288139839,-0.0062193674327094802,-0.027345142742588497,-0.021390065126442575,0.035464005830034777,0.023175630014167468,-0.026975861310886667,-0.050511726201234231,0.12348452985843758,-0.043327833776652391,0.062057278804215951,-0.050470167935726742,0.031247993455164231,-0.013014437941002828,0.025039091363607914,-0.077913741021537974,-0.059839448896901633,-0.024807292888443848,-0.025399706382126623,0.059279958126981849,0.016893820863333658,-0.0031252625303615929,-0.056399970403855477,0.055618864435251783
0.014353820172904881,-0.020103716410148569,0.017407763250232584,0.0065535156754554539,0.078276970049506442,0.03653236707039087,0.036271622201661392,-0.064467306788735967,-0.080025988991802216,-0.099480587960600234,0.037009289992019925,-0.10028044083199911,-0.022982195370936657,-0.032797427372248084,-0.03714634130320852,0.046425519072135837,-0.0089678406884589092,-0.050426687258524693,0.0091060741615466376,-0.013336339267195116,0.087576918408285007,0.010112721849109494,0.087207044130350422,0.061242589508860933,-0.016923019116119049,0.033105126818942392,-0.0015500012862778541,0.026239548593061858,-0.068248801635868758,-0.026417219131266316,0.04557417323275325,-0.022296574854736247,0.056292797045881734,0.02269179261023643,-0.034274497682259097,0.049593672443704252,-0.033196177645984266,-0.040750772260790595,0.04799525685358258,-0.036264439886417713,0.084797545973714958,0.018908068234441664,0.032436717263596856,-0.11726731813592199,-0.042594029225063113,-0.086672514151966834,-0.0031541345299864517,-0.032378684326955252,-0.04332783377665312,-0.014987186715719707,0.059719166356990677,-0.047989234205890331,-0.066545412727597203,0.035130627412082796,0.013087871899751505,0.0022120614702537881,-0.058504994276506427,0.078554706136526764,0.0065141452162812636,0.016431390079138922,0.047144664806357081,-0.068746927861587245,-0.019473226165071762
0.014353820172904177,0.00016374465179894003,0.030478695286165158,-0.0029572832502093869,0.048706289862678144,0.028849290663572835,0.016512519801000516,-0.050400555050685081,-0.064920295505117187,-0.014873117523231026,0.052490750684565872,-0.066994945937987813,-0.032823526756788193,-0.0082567252631832594,-0.034088881122606669,0.0044502090455500638,-0.015192373158647719,0.049152029613663786,0.044799615276328066,0.07048590284114753,-0.056662916983253854,0.061832799901916376,-0.042746507248645031,0.12977448974118608,0.065936612745441034,-0.075328622058024305,-0.053177141882632964,-0.018739416836185522,-0.053210591550908327,-0.015740410411959008,0.087312288732249776,0.0060556929178523155,0.048770399334981882,-0.031431987177678353,0.025134993754236175,0.057824847304599761,-0.0095326055925139663,-0.060037665967156442,-0.01015050355907234,0.056405357865149497,-0.043974912878310964,-0.081782812334343841,0.012705701784338873,-0.059212247679948704,-0.073194057918096952,0.093280645452879521,0.018241389336721391,-0.061399508170934258,-0.043327833776652495,0.062057278804215361,-0.050470167935726638,0.031247993455164266,-0.013014437941003173,0.025039091363607519,-0.077913741021536989,-0.059839448896901452,-0.024807292888443921,-0.02539970638212654,0.059279958126981259,0.016893820863334165,-0.0031252625303620609,-0.056399970403855658,0.055618864435251381
0.014353820172903847,0.02662413824907111,-0.056937292084436993,-0.045430718412978952,-0.11706422679899051,-0.054009255348236897,0.047716755442952972,0.00071937759397372241,-0.055418919084063982,0.063436057804391058,-0.079266789722155173,0.11248640171762245,-0.030972394232562084,0.0093750784542507033,-0.011506575016777548,-0.0046455389957823258,0.011991244111568858,-0.028560723652979961,-0.047034276184413616,0.032376166624267171,0.079841024243806152,0.051709470278135466,-0.040171185704468731,-0.017679681411440662,-0.025813116819246824,-0.027833225544134071,-0.066996306663552579,-0.061518292896314046,0.067529309282099964,0.11358683641815387,0.015794141346539878,-0.0036407690587502979,-0.016915666735878743,0.043705924751440237,0.052532831034574512,0.050939919096952779,-8.852619543598803e-05,-0.043508133406341493,-0.016434315512545056,0.07363869975150171,0.026221684881631693,0.016212856165526594,-0.015249393031878883,0.0055880711808065772,0.062787568191411861,0.072032040464767619,0.063511779228608678,0.026549412284892399,-0.04332783377665328,-0.014987186715718919,0.059719166356990483,-0.047989234205890248,-0.066545412727597064,0.035130627412082553,0.013087871899750848,0.0022120614702535947,-0.058504994276505733,0.078554706136526653,0.0065141452162808915,0.016431390079138367,0.047144664806357074,-0.068746927861588009,-0.019473226165071505
0.054153500234794684,-0.012322165086187218,0.022878753215904341,-0.065766300182786452,-0.012761852450223477,-0.070459344545572455,-0.080767454791420112,-0.00240801681540972,0.063664412845012341,-0.046939890249648827,0.0056524560715793971,-0.0010744947822499426,0.048106743099500748,-0.049393164717955268,-0.0053384869180433982,-0.046543600318501632,0.06144355276654502,-0.061411370515840155,0.041248296747138556,-0.054761481297557493,-0.020646410298375759,-0.0098378416473046161,-0.0089228129044918621,0.0788373678609922,0.012007378903370797,-0.094088536568359749,-0.023826041824117555,0.057142818877400511,0.047965061471988472,-0.043769952519553131,-0.028912557957503492,-0.038772262541369493,-0.011657518084487747,-0.015618399367695173,0.007427030343399265,0.041011732417953639,-0.04123562210789905,-0.022035226150362339,-0.10419861706512659,0.013962743214389525,-0.011015373994444981,0.11666113915840133,-0.015345491695688119,0.044422848335020984,-0.069762506304487132,-0.038375281216990374,-0.032015834178005437,0.11307582981145553,0.066023216212077157,0.029862661844315269,0.01695883581416896,0.010046477791683359,-0.089461631660937915,0.02270335100397183,0.019815153337279217,-0.06771260491172186,0.00067973405975165608,0.030866847728821655,-0.052841027278923543,-0.052016105920797813,-0.032706466642272086,0.045988829830029908,0.068950215507791068
0.054153500234794441,0.0094945902591273782,-0.0044170867938304499,0.074005184548525102,-0.044615668378649997,-0.064574433189002592,0.069387456257994501,0.050425675828309389,0.026585220114784931,0.06825775720405014,-0.026975103755062287,0.12159862206546258,-0.018081976094590533,0.067434091338207644,0.051196770943362203,0.068248083994226563,0.0011271127972245938,0.013884640132114557,0.046287232973784655,0.0022393118448653404,0.092123377364263709,0.0081189495813858824,0.055187080331398512,0.014661260688799959,0.038474666908303666,-0.076056499767544292,-0.024761516537210339,-0.018760271453292159,0.042715310004802068,-0.010960249996332268,-0.052385931474773391,-0.046145925262721058,-0.03918721047466793,-0.059742615906137296,-0.048669043156420309,0.056099112325175705,0.097410374522778481,-0.011357769065868739,-0.016087030079644685,-0.0079999226047930295,-0.013463006587693381,-0.043551273429033359,0.027903722979065525,-0.09949415695489959,0.021141565609356986,-0.049645930491889478,0.032285438887682746,-0.034356542270565976,0.066023216212077601,0.049806538590943063,0.019205765628873522,0.066409569781100949,-0.026428797738543439,-0.067272857522856083,-0.04314557072877051,0.010247909723187437,0.059825595996391916,0.040219610470175464,-0.050506750996894528,0.044310993677771575,0.042726178335671536,-0.049958747698454313,-0.02614739959370295
0.054153500234795059,-0.03009164368431325,-0.015221197704225854,0.0042148000737564483,-0.017420686779531944,0.061092193379753836,0.0093927461725035102,0.052268704081253656,0.0039493785025666115,0.054707386966914379,0.031080634906040475,0.0028045089478863795,-0.018358058708660252,0.087605854876867534,-0.029551355158932518,-0.021753298826785922,-0.13445993366317985,0.085484242711188888,-0.028592749571715131,-0.002823447266283835,-0.052252604015554607,-0.054631451328227998,-0.0051408258953601956,0.017860552450424068,0.032068467448863686,-0.022975210064390513,-0.034862697808371965,-0.017030409175327985,-0.027627961525205042,0.0047004818697512505,0.064619096298107859,-0.068136990172541476,0.058561403099135621,-0.07095375210698833,-0.062071911116659238,0.046279036284186781,0.022618645769886803,0.041474006140936472,0.063409501819906955,-0.04748336338245629,-0.099286847240942638,-0.056479954177059692,0.063095583599189667,-0.05902176229655913,0.075393690473974068,0.033389247219614865,0.056129929906989798,-0.0086037535283674856,0.066023216212077171,0.029862661844315314,0.016958835814168523,0.010046477791684452,-0.089461631660937666,0.022703351003972295,0.019815153337284095,-0.067712604911721569,0.00067973405975148987,0.030866847728821166,-0.052841027278924028,-0.052016105920798021,-0.032706466642272586,0.04598882983003242,0.068950215507791096
0.054153500234794545,-0.041528608882227445,0.015617622090622545,-0.091749593794402312,0.044435429913509808,-0.0068862255872252139,0.033689456195300345,-0.010905921371376354,0.051748999826850176,-0.065626016867464637,0.00072370928835828788,-0.043168037779291686,0.060235843045259904,0.0012701621125427668,-0.045727168846806214,-0.025100874399258448,0.063148395318227996,-0.0045105155675255011,-0.017830199670185804,-0.015300824592032726,0.010281650965684702,-0.060876867116392591,-0.0046908812734269686,0.030599740182672037,-0.11979426711332672,0.078785799996847636,-0.068311325796399411,-0.03065107981727307,-0.0085735774894658105,-0.033916517404120362,0.021044070107154162,0.064822288213266466,0.062047325517180028,0.017296358345910243,-0.024153235335672749,0.06870305487406797,-0.0037334739435562164,-0.0024485611936740522,0.08019793820261549,-0.01367208951931277,0.035261143147867859,0.15265695407922586,0.045108052576890531,0.02615997993618261,-0.037994599789342921,0.054372141778527831,-0.037855998912658603,0.019399398488468233,0.066023216212077393,0.04980653859094309,0.019205765628874098,0.066409569781101116,-0.026428797738543553,-0.067272857522856208,-0.043145570728771801,0.010247909723186677,0.05982559599639202,0.040219610470175825,-0.050506750996894272,0.044310993677771957,0.042726178335671786,-0.049958747698455333,-0.026147399593703415
-0.082861140580603954,-0.021804582930390382,0.0033949346030992095,0.054086278817933021,0.093165238406779899,0.10173430775044302,0.059170777197816986,-0.055433430640965349,-0.042998620892031283,-0.032343741403834086,0.04778185941615002,0.049264492988077509,-0.0069951528653950656,-0.035344417190370021,0.048817977373390969,0.0087419365419746445,0.071495488872677246,-0.085002755917758771,-0.028351967439206628,-0.061099466516490772,0.016862950950645005,0.016715152344371553,-0.089250237165031637,-0.084434149582233317,0.020787088826001627,0.079442280756599273,0.0003240377984727378,-0.013721698230195726,-0.0051748687044659283,-0.024272281563843437,-0.01704439860228241,0.0088178979967873609,-0.067339353277897834,-0.0046266378650537685,0.042538094766941481,-0.014335675760884778,0.012470329671910686,-0.0098103261329627756,0.043742922039704993,-0.00090136742302190248,0.099513791611950536,-0.017262382307229315,-0.043675293312998797,-0.035505820410468777,-0.022835578119660721,-0.049957418579357572,0.053562220686122618,-0.10474840939926466,0.020632451341227317,0.029862661844315165,0.016958835814168041,0.010046477791684659,-0.089461631660938304,0.022703351003972368,0.01981515333727871,-0.067712604911721375,0.00067973405975180906,0.030866847728821013,-0.052841027278924153,-0.052016105920797792,-0.032706466642272655,0.045988829830029505,0.068950215507790916
-0.082861140580603718,0.013056335551667748,-0.00091550388476996044,0.081155985747630568,-0.027497762789580851,0.0085680756786950391,0.036099119808517197,-0.016374853144939947,0.035003368507563824,-0.051514844763756569,0.093064088612762275,-0.076174233212271097,-0.016806562340904278,-0.037817778533273817,0.024462803439049441,0.026112534370567882,-0.026747802837676148,0.066796866667055907,0.020331963649064665,0.0017514707033159742,-0.068060113890307514,0.076648031465223462,-0.02033100881493782,0.0080500578226253561,0.048199459299348144,-0.018133778559479279,0.07576081734529938,0.098110279065155834,-0.027804456783186347,0.12413928767798962,0.04623430992979178,0.0091789162278171858,-0.0084684745839023381,0.045997913566748067,0.077429079435001491,-0.026483388014812842,-0.061005708883103901,-0.0057863065742361523,-0.044419872711716865,0.018480904505047458,0.011117635646081822,-0.074677181958607189,0.039894531645599508,0.054477138133405358,0.012899231870277333,0.07347708287026268,-0.021122202853570308,0.071210788552081489,0.020632451341227348,0.049806538590942737,0.019205765628873245,0.066409569781100714,-0.026428797738543727,-0.0672728575228565,-0.043145570728769775,0.01024790972318761,0.059825595996392068,0.040219610470175242,-0.050506750996893876,0.044310993677771762,0.04272617833567123,-0.049958747698453765,-0.026147399593702797
-0.082861140580603565,0.064218391700890887,-0.011052490114778104,0.0074652212910969766,-0.06298269917702444,-0.092367156584624646,0.012203931421098786,0.0055727433751215664,-0.024615170455547626,0.024576244686568646,-0.084514950393768815,-0.050994507153714466,-0.022753531525444758,-0.0028682729685423677,-0.013928135296414961,0.059554962603312611,0.0015208920239628109,0.060929883722409893,0.015696420263783404,0.11868439508033191,0.056036063363284767,0.047754140631160166,0.10331387596488335,-0.012263770729183323,-0.064862935178235215,0.0376214658761507,0.058364701834017221,-0.026390711471876445,-0.015162231242317137,0.063341752213644104,-0.018662139738322134,0.098091354717123616,0.020435468263250604,0.091198789339736422,0.012106786006319191,-0.072955092941255961,0.0061466466661017835,-0.0096284538576114544,-0.0029538067944854074,0.034421987591089116,0.010788429623437248,-0.042918802674112772,-0.0040747985905023581,0.050104734372006361,0.017204393950173147,0.054943452576733533,-0.077676316415106569,0.00027633311617703205,0.020632451341227601,0.029862661844315228,0.016958835814168183,0.010046477791684744,-0.089461631660937652,0.022703351003972094,0.0198151533372809,-0.067712604911722443,0.00067973405975196486,0.030866847728821523,-0.052841027278923869,-0.052016105920798167,-0.032706466642272905,0.045988829830030539,0.068950215507791277
-0.082861140580603274,0.018977683071432515,-0.010285031412022425,-0.063411576501752817,0.027678001254720527,0.062892583097532817,-0.13917603226181177,-0.023144901311993066,-0.11333758844919863,0.048883104427170872,-0.066812694146057769,-0.0022563510739007516,-0.025347304609763983,-0.030886474917477383,-0.029932405535604844,-0.069259743965535317,-0.037527705277786004,-0.076170991231645807,-0.048788996952664004,0.011310042043850759,-0.034344914439640134,-0.023890113930218008,-0.030165190243033102,-0.053311058694097059,0.033120140905675763,0.015404478330175156,0.017312024988309825,-0.048698927794589501,-0.0063372757321503506,-0.079262520277536802,-0.014892448562172077,-0.02785527917836287,-0.014391640458609471,-0.003551656006520125,-0.0046068009429087375,-0.098318779184431132,-0.032671191696117714,0.019592636833779969,-0.019691035411254023,0.0031911076190578314,-0.032915772206256015,-0.034428498691586748,-0.1129063072015557,0.018857038885311424,0.0039538023097085645,-0.078203294156901207,0.0266927628785463,-0.056253644769982,0.020632451341227407,0.049806538590942979,0.019205765628873061,0.066409569781100727,-0.026428797738543879,-0.067272857522856458,-0.043145570728769927,0.010247909723187348,0.059825595996391839,0.040219610470175332,-0.050506750996894514,0.044310993677771957,0.042726178335671598,-0.049958747698454306,-0.026147399593703283
0.014353820172904133,-0.12016522526449432,0.013992561422020777,-0.0073934220633972668,0.077928671881785025,0.0064073158817831858,-0.0057723301541678,0.010030645303002923,0.059675903364936618,-0.016557042981153978,-0.036043086997038946,-0.016028175096010712,-0.029763364864967008,0.03895114049401778,0.068077178728391141,0.019696622483672342,0.0086325852919151101,0.094628786636936815,-0.029436166975038969,-0.041243150723128091,0.064381005738722644,0.043666888003363297,-0.089650604296241526,-0.060557796438471104,-0.030239688514718383,0.1214224122170138,-0.047378680001320193,0.036321352271214073,0.015356029349359457,-0.034851018074591206,-0.085772913534698125,-0.065596060981608792,-0.026790641726914494,0.087668188865374266,0.023528020970230636,-0.017629989310540085,0.047599142081210154,0.01860890609793165,0.049826897812937997,-0.021472168716782931,-0.0001130190068116739,0.066536324957383625,0.03756462760159919,0.088730529467329747,-0.0055412390028697018,-0.013245770452636692,0.022326560526087565,-0.017909832455211553,-0.043327833776652405,0.062057278804216277,-0.050470167935726611,0.031247993455165365,-0.013014437941002873,0.025039091363608081,-0.077913741021537392,-0.059839448896902327,-0.024807292888443685,-0.025399706382126717,0.05927995812698144,0.016893820863333967,-0.0031252625303615834,-0.056399970403855137,0.055618864435251006
0.014353820172903858,0.017374304876265952,-0.0018944507207148871,-0.0081484369351644843,-0.010996124464512149,-0.052688399876555672,-0.080399308353263907,0.039457089578807933,0.054537125757363948,-0.013658040752584488,0.040765330539300329,0.027393084573399756,0.081452505161126107,-0.024424264735499007,0.051533947344393559,-0.014665529594335008,-0.0083143173285906945,-0.0011781379581063767,0.0073372806949774253,0.0076098161717638212,-0.054156726703604219,-0.070641260099755437,0.090874628230919005,-0.033683129684935427,0.035277747016786799,0.016222366962518553,0.01358402097082299,0.04869488017917048,-0.0096321133570024219,-0.089581370760272866,-0.024914086406219386,-0.030060209794218095,-0.029029714298207946,-0.10218773562809087,0.023315326314587149,-0.052892633972788455,-0.025813244839129435,0.060968881012873226,-0.033378025946354056,0.028180456887427454,-0.069486564214369467,0.01195485867486102,-0.1244746231588483,0.075576249530258821,-0.096689501245100617,0.066442218207408657,0.0011507877983383185,-0.077279065520071771,-0.043327833776653404,-0.014987186715719567,0.059719166356990698,-0.047989234205891032,-0.066545412727596842,0.03513062741208204,0.013087871899751233,0.002212061470253253,-0.058504994276506572,0.078554706136526445,0.0065141452162812965,0.016431390079139043,0.047144664806357699,-0.068746927861587759,-0.019473226165072018
0.014353820172904576,0.03459658286585876,-0.040881915436482216,0.040528142500292887,-0.10909292748674351,-0.047953249367976944,-0.010169732764352053,0.0049096383700641287,0.095509278801141212,-0.025229881387946945,0.0087353258908452417,0.047874105358077845,0.018548645404162768,0.030552084052876249,0.024890495505468478,0.093922495753020613,-0.022068203779573619,-0.03062972620284668,0.062954889260396663,0.046130811024041103,-0.031394376051259353,-0.082028693001185121,0.1008533212930994,-0.031406088024703946,-0.033339504747960248,-0.0073696458054990834,0.045329943470209536,-0.031371954269710428,-0.023583013687524006,-0.02238638109533005,0.028751339550790532,0.12683593359370365,-0.027035239409147885,-0.043872981467621919,0.010379656147019632,-0.078964048262113479,0.017573633130685204,0.062075685375413789,-0.054074928173703407,-0.036217141377180677,0.050307299317832593,0.042591630119548765,-0.028880264259495102,-0.064982287617415743,0.055559666906798616,-0.053059013689355776,0.0099437763384257645,-0.04417518923229196,-0.043327833776652037,0.062057278804215341,-0.05047016793572693,0.031247993455164252,-0.013014437941002604,0.025039091363607519,-0.077913741021536864,-0.059839448896902167,-0.024807292888443903,-0.025399706382126772,0.059279958126981495,0.016893820863334397,-0.003125262530361687,-0.056399970403854742,0.055618864435251561
0.014353820172904515,-0.023894726715188278,0.041423979554919214,0.047025639672688455,0.04978338121399635,0.070165288154401234,-0.0035890692913500156,0.02429083961595432,0.080907782318502819,0.049702570908793695,0.0014921691908347983,-0.039599045459022833,-0.027497915557627196,0.047846613653495997,-0.0028810310244061442,-0.027114450482018545,0.0052909139054765006,0.080165548869611747,0.030590921327889337,-0.026649643528836177,-0.11326121594848625,0.0088190679725114029,-0.13791048665680097,-0.0098797784124843961,0.0074583889185783278,-0.02149426823732653,0.054962286979007784,-0.013416135875918929,0.010351605710770775,0.0024117534733870609,-0.03645422817307422,0.055997553707705254,-0.010347416011796118,0.035790018266414411,-0.041573659666903108,-0.047640957567869083,0.059097948680550273,0.023290024654259538,0.0018170846053170212,-0.065554716752512052,-0.041532666640977135,-0.047075783074829701,0.10728729892712952,0.03610299742485628,0.076495962278752994,-0.051801744520209941,-0.061508432496960419,0.083108337562135023,-0.04332783377665294,-0.014987186715718831,0.059719166356990087,-0.047989234205890186,-0.066545412727596939,0.035130627412082421,0.013087871899750952,0.002212061470253639,-0.058504994276506572,0.078554706136526278,0.0065141452162812584,0.016431390079138922,0.047144664806357643,-0.068746927861587717,-0.01947322616507147
-0.082861140580603801,-0.0097336773731005084,0.076546120182228866,0.050494501065052828,0.020621442092236406,-0.023827369467042534,-0.04032851626866036,-0.016427018464498507,-0.058396397688259882,0.074371076502042235,0.014328897482203479,-0.017277227430995554,-0.051118860678792302,0.087076611028939807,0.074478954833798641,-0.0065464684179721384,0.055527242405490049,0.01470855088933673,-0.10008912251575332,-0.020700869248077437,-0.036611335655958019,0.053754385156112201,-0.067265313613576988,-0.091256808090016461,0.046698038840610738,-0.020996078521935361,-0.016209920748370087,0.01268276597561796,0.052919193454908864,-0.078689634686704812,0.087419643385981433,0.052580038762310571,0.02146044880833755,0.012195430868488701,0.0071429768403044307,-0.046571817971358773,0.018530297162556074,-0.015009526995995108,0.039935025275026528,0.010769865482765784,-0.016747427111039732,0.089938372665559041,0.030249455263000661,0.03714899922548489,-0.0060610286856276861,-0.11339695385072582,-0.019966456699959306,-0.028774619540955823,0.02063245134122773,-0.049278830330293615,0.0044103738535626411,-0.0080149839501762257,0.083204185267356887,0.054861395639050688,-0.036856323121912907,-0.035187093564694322,-0.01770212814688556,0.02250170260284463,-0.055990098519287407,0.037726053690393696,0.068618676445369689,0.0027714344298008261,0.063492527682476457
-0.082861140580603718,0.14540996013424856,-0.029193178836112339,-0.013535881959223032,-0.046376960484061827,0.0060375601774355688,0.036113761121410598,-0.01927901181537358,0.1010409511089861,-0.076621990096048101,0.043420972555557547,-0.058835655207154315,-0.015320618355606669,0.0064965063960932719,0.036054297424138938,0.066518284582079576,-0.053216456491301675,-0.001809950879499168,0.028113860606912306,0.030974857866900251,-0.045736478083113284,0.0039548700386558295,0.046309513712106669,-0.040047649672151138,-0.021049226541228375,0.03945824021613184,-0.0083587374154384716,0.014309356845060822,-0.011424078054317461,0.024794607299197868,-0.13733841463935775,0.0020668252798022781,0.0081064308684647042,-0.012043774682561308,-0.10132985479203778,-0.056823044091748313,-0.055953147484431386,0.010349243137227095,-0.021880648134066136,0.030903277832286441,-0.0046457121046030144,-0.011038830391488298,-0.039513191686238881,-0.0054912403186367477,-0.020567465042847437,0.085604543892452825,0.072402221422564181,0.029767970403232858,0.020632451341227792,-0.049278830330293719,0.0044103738535630609,-0.0080149839501766247,0.083204185267357761,0.05486139563905023,-0.036856323121909937,-0.035187093564694592,-0.017702128146885768,0.022501702602844599,-0.055990098519287212,0.037726053690393092,0.068618676445369106,0.0027714344298027339,0.063492527682476138
0.054153500234794892,-0.051118946666943228,-0.042560971993221862,0.012160661771217805,-0.0071092748280785654,-0.0046958061466326586,-0.059252082279820283,0.016150605220209398,0.01119844035235217,0.022296728425453327,0.0020442314630568894,0.082180050516623748,0.10157901042364163,-0.12386121962939334,-0.1177177782800848,-0.0082034632456366441,0.029402289544377645,-0.0357986753417028,-0.041896753399908816,-0.019930019518243938,0.043250326819659707,-0.12132054807247231,-0.041306196636356173,0.020703008522336683,-0.057982884326201557,-0.041580672230199719,-0.0017656196063131479,0.010254958148856916,-0.015385098179155086,0.0044459501453591958,0.003466650672447395,0.026861287440065718,-0.018952631126107487,0.11070187306599734,0.040408192431596573,0.087503677073249339,-0.014340425415110306,-0.057712484224384325,-0.039301829314552172,0.026942450789557905,0.0074631023384876876,-0.017045606502406704,0.04756202542106009,0.029292676853503976,0.039741280106215103,0.04875516741825929,0.0060636396639607779,0.0052611441295726882,0.066023216212077754,-0.04927883033029349,0.0044103738535631893,-0.0080149839501772128,0.08320418526735715,0.054861395639050792,-0.036856323121912067,-0.035187093564694093,-0.017702128146885879,0.02250170260284463,-0.055990098519287566,0.037726053690393675,0.06861867644536955,0.0027714344298018505,0.063492527682476471
0.054153500234794018,-0.084557336094205182,-0.0047919693528948853,-0.049119280877047589,0.032864793219904521,0.022485615436239264,0.063466837427070683,0.019555425059662818,-0.053842993773078787,-0.020045814831447226,-0.059794101500818118,-0.0060671678784741268,-0.035139531389242765,0.030288102204360158,0.0071845260221469216,-0.051768352918471101,-0.031713075458570501,0.022900075331864583,0.11387201530874928,0.0096560308994206416,0.039097486919411201,0.063611292877705269,0.062261996537825846,0.11060144923983177,0.032334072026819663,0.023118510536003528,0.026334277770122021,-0.037247080969535294,-0.026110017221436244,0.049449077242148656,0.046452120580928714,-0.081508151482178839,-0.010614248550693648,-0.11085352925192407,0.053778685520136517,0.015891184989857511,0.051763275736985824,0.062372768083154013,0.021247452173591405,-0.068615594104608421,0.013930036877155291,-0.061853935771663843,-0.038298288997821964,-0.060950435760352153,-0.013112786377740611,-0.02096275745998627,-0.058499404386564043,-0.0062544949918493988,0.06602321621207817,-0.049278830330294066,0.0044103738535623011,-0.0080149839501766126,0.083204185267357123,0.054861395639050202,-0.036856323121910464,-0.035187093564694051,-0.017702128146885696,0.022501702602845002,-0.055990098519287906,0.037726053690393238,0.068618676445369037,0.0027714344298022573,0.063492527682476541
-0.082861140580603149,0.09599959977203619,-0.022740647180043171,0.060961923664376208,0.016308932655211862,-0.050497145174236827,0.014176445373324725,0.031379863826667534,-0.010179561810408232,-0.013151117806382031,-0.066684594781129328,-0.005535529683082371,0.0091947564381775794,0.041781238641260418,0.036813547510686148,0.048290176964617161,-0.059626911810239817,-0.00066691572636354475,0.010713613575184905,0.065846595158658705,0.12095571732708313,-0.080595597869929161,-0.021169623014855067,0.055386993033161018,0.0073106982718466789,-0.03350087722956227,0.085157696975490582,0.037069290518493489,-0.066540574156300741,0.011171563482550816,-0.012141730731308134,0.018716699931705452,-0.012248687841828386,0.055996365833598558,-0.030642061522234199,0.078106349013864901,-0.0034627484956424042,0.055243147917679133,-0.031808821594670175,-0.014718650370563168,-0.011501629000490515,0.068267987140260541,0.027943288246348147,-0.065184342177543805,-0.019973808458348726,-0.079460345539815319,-0.08623135671767343,-0.077332611394719059,0.020632451341228191,-0.049278830330293712,0.0044103738535628718,-0.0080149839501763125,0.083204185267357289,0.054861395639050965,-0.036856323121909701,-0.035187093564694211,-0.0177021281468859,0.022501702602844599,-0.055990098519287483,0.037726053690393328,0.068618676445369231,0.0027714344298033363,0.063492527682476319
-0.082861140580605036,-0.062506471993486939,-0.048755973186998057,-0.04542972106165033,0.00067369698731993641,-0.044616800624500789,0.060621673030295115,-0.0060117201999243149,0.03161153576977517,-0.028083494269226086,0.0074647907856985156,0.0087391845593144425,0.027461469706979859,0.02321281824837278,-0.039740073809795391,-0.044024774773762938,0.043028982042627388,-0.052282922666569101,0.094309386362998807,-0.018284413224763801,0.017542134153379407,0.046549607509157348,-0.036257400546339594,-0.076687632186597104,0.0014092279994365894,0.067087782270704513,-0.17634334897014567,-0.008253349879242821,-0.0047063106378369343,-0.012051509062515333,0.034091116486030956,0.027532685071627355,-0.1093576902564565,-0.0028784427870915488,0.018858777256557348,0.020262249888391558,-0.015439822468253596,-0.014397350027824933,0.12319484778685473,0.0082507687027092817,0.0013783495827622669,0.0035540217601754119,-0.016030536683034103,0.035942716008552478,0.069160173976274011,0.035077832622940092,0.034518201548763054,0.024058694977993768,0.020632451341227962,-0.049278830330293844,0.0044103738535627027,-0.0080149839501763697,0.083204185267357331,0.054861395639050792,-0.036856323121912338,-0.035187093564694467,-0.017702128146885369,0.022501702602844682,-0.055990098519287608,0.037726053690393363,0.068618676445369287,0.002771434429801236,0.063492527682476138
0.054153500234794184,-0.08245492977490862,0.046624074579782696,-0.038082181765050682,0.12207170409915011,-0.018640809143367409,0.03279559855193178,-0.0031420720839128607,0.019633762479042541,-0.064631385797854421,-0.014392589024585322,-0.0070389169389420735,-0.011992095205371924,0.029103857529787096,-0.055881022236532428,0.047199909640709845,-0.03658338973486458,-0.061439253044215443,-0.0053116560410744551,0.042267511854468941,-0.015016925827937001,0.084031010694598354,0.019570264889584927,-0.025741826825262513,0.040857632712303991,-0.075927627977807916,0.022637258406452559,-0.075204125017549264,-0.078590220426569185,-0.038943191375993856,-0.002103244694669667,0.063955801440921028,0.016139886092376335,-0.0017349141132826354,-0.05141141019465989,0.056496398666494564,-0.097072661946403196,-0.023182930441776963,-0.024324203200720842,0.10557959273081613,-0.0080009413137827334,0.08242663119509111,0.00045711259734182653,-0.020752648125667801,-0.049953472195598772,0.0013961330264958829,-0.0048888093622845409,0.06012635759746502,0.066023216212077726,-0.049278830330293448,0.00441037385356327,-0.0080149839501767479,0.083204185267356887,0.054861395639050146,-0.036856323121910346,-0.035187093564694252,-0.017702128146885671,0.022501702602845279,-0.055990098519287261,0.037726053690393904,0.068618676445369328,0.0027714344298025921,0.063492527682476346
0.054153500234795045,0.10488751697845454,-0.12322756296430344,-0.012328026866593187,-0.060541872942764453,-0.01209969730276334,0.081439579570393897,0.0032095406100896484,-0.046434271183994534,0.038364617268488013,0.0035208904922168723,0.046559302274065628,-0.031037393768078007,-0.03149921951467554,-0.055046171084590999,0.017872517183273737,-0.0053350789931813627,0.027783743530428194,-0.042218181341195586,-0.052267113393000345,0.053270342070084881,0.0077331158383719453,-0.041929586431557024,-0.021351958112082896,0.034672114711441375,0.052827785215916245,-0.064280474382671926,0.10474117863601065,0.059024047505790725,0.04467356715539178,0.037516342810131866,-0.012046775420550467,0.071020367198203704,-0.099501469608866439,-0.074122707534288013,0.013769230106487255,0.045586974669351868,-0.012383333289089337,-0.02921882172230137,-0.014367445171341375,-0.056194655574993084,-0.0163573771054847,0.019753687211770312,0.048804150534639205,0.03704916367533842,-0.049910696106025727,-0.0078688567039379969,-0.035898958976676366,0.066023216212077601,-0.049278830330293677,0.0044103738535632214,-0.0080149839501762188,0.083204185267357206,0.054861395639050986,-0.036856323121911297,-0.035187093564693885,-0.017702128146885786,0.022501702602844644,-0.055990098519287851,0.03772605369039278,0.068618676445369342,0.0027714344298019602,0.063492527682476374
-0.082861140580603829,0.044908169461234701,0.098226209815540061,0.061887527480499596,0.0089353174944503209,0.038221420072173946,-0.045712147573411466,0.0106057469461789,0.015954239065866838,-0.070880919604510206,0.012026017070893182,0.041837518589345438,0.05625007046803078,-0.055746572117774201,0.07857486915605344,-0.098168789354133576,-0.020245575570970939,-0.043235963509533147,-0.027964539925438941,0.018945527184947908,-0.0072385799512398215,-0.085094773850409824,0.028752286777747819,0.054018898937665281,-0.0069520948470671107,0.034113376242680418,-0.037851297156163075,-0.058976752684503406,0.0091488154900175069,-0.011564373773293245,0.052329289078226239,0.019670578407550727,-0.049567359315598795,0.032517208070356157,0.063134115233018373,-0.078769705078811592,0.11157016992496878,0.073456591289627352,-0.016360290869143444,-0.020310208775927638,0.0093988779523562493,-0.0054002444013517082,-0.084421521478628136,-0.041497950147065726,0.028371888970947563,0.010720277657966014,0.071548252515160435,-0.011770171736681588,0.020632451341227841,-0.04927883033029419,0.0044103738535622205,-0.0080149839501769543,0.083204185267357442,0.05486139563905007,-0.036856323121910797,-0.035187093564694419,-0.017702128146885907,0.022501702602844446,-0.055990098519287303,0.037726053690393682,0.068618676445368926,0.0027714344298025674,0.063492527682476471
-0.082861140580603912,-0.067340756664781204,-0.021622721431019391,-0.011477318848855646,-0.070465148650835238,-0.0074809136260435161,-0.068523030548913719,-0.01067321547235542,0.010846269639084676,0.097147688133876753,-0.0011543185385249153,-0.081357903924469344,-0.013220581494580674,0.058141934102662655,0.032352324165069592,0.033096362530149817,0.062164044299012441,0.076891473023319751,0.075494377307708652,-0.0089459256464168128,-0.031014836290908492,-0.0066693526825595201,-0.0063929652357762566,-0.0069251140003191445,-0.068577652576677778,-0.011013533480788363,0.079494513132382746,0.029439699066042404,0.010417357430761033,0.0058339979938962852,-0.08774238719368864,-0.071579604427921467,-0.037592893974980141,0.068719175651793502,0.062400002495929412,0.0085040763058296057,-0.060084482647917103,-0.037890327558759318,0.069903315792165271,-0.070901938783545629,0.054796718936419839,-0.060669009688254512,0.064210721669515899,0.01344644773809411,-0.015467580450687883,0.037794285421563753,-0.058790586448936095,-0.012457226884106807,0.020632451341228202,-0.049278830330293476,0.0044103738535624581,-0.008014983950176734,0.083204185267357497,0.054861395639050861,-0.03685632312191299,-0.035187093564694287,-0.017702128146885817,0.022501702602844526,-0.055990098519287733,0.037726053690393328,0.068618676445369758,0.0027714344298006596,0.063492527682476277
0.054153500234794601,-0.04643058819800553,-0.0079053896169878693,0.020961607783937321,0.06668073096163972,0.0026967882563548908,0.0016747662727918569,-0.002150582098166323,-0.066225723939009468,0.028237956016505465,0.12123525777357462,0.042954127522701654,0.015032678233642434,-0.0063408202094808628,0.01442171081948569,-0.0074755882796596375,-0.0045024880031590553,0.063939846366138822,-0.091547309050290959,0.045420943933106583,-0.1076327062771773,0.034163205131570187,0.073307815503672061,-0.017042052217855808,-0.030758580124759686,-0.028075842276657843,0.022197750398593872,0.069692324163527664,0.045262235014581091,0.011887630339267033,0.0081050854986965803,-0.04731853063974318,0.076081276119917232,-0.022991522029288263,0.061560680490674556,-0.071220551588404665,-0.029153505426146122,0.041859480760654717,-0.059619396485220445,-0.0071241619122226494,-0.022076234839021904,-0.0056055219987903209,0.031917747363864601,-0.054535108814293,-0.018490930091404012,0.13232144010354616,0.03442140909347708,-0.030579842877606799,0.066023216212077476,-0.049278830330293746,0.004410373853562766,-0.0080149839501769578,0.083204185267357081,0.054861395639050077,-0.0368563231219112,-0.035187093564694044,-0.017702128146885772,0.022501702602844856,-0.055990098519287393,0.0377260536903938,0.068618676445369148,0.002771434429801406,0.063492527682476471
0.054153500234795052,0.012937460419455595,0.079402009984028951,-0.036493810386663106,-0.083663360604170858,0.09241715754238225,-0.076472884676411126,-0.02321756152857667,0.044793749979641945,0.012996656059102892,-0.062015453778143902,-0.046157782398933971,-0.051688904378799701,-0.058653236680152335,-0.011495184520376966,0.0032101860888050504,0.021100417770766954,-0.01099000797320685,-0.013475690887893157,-0.092983125867001998,-0.030865145203285684,-0.00011721477079737569,-0.015880791942477799,0.038342691371292675,0.022038653853476933,-0.005511062764484158,0.068987901596061676,-0.098508264802777884,0.025984649779556647,-0.011007684759301575,-0.03005447125341949,0.0010691456364101863,0.045525101978368725,-0.030126401017218217,-0.049777396224997925,-0.027148047313851904,0.048056076390042411,-0.082705278650507211,-0.031766629706964582,0.013592043580078128,0.032199514256750446,-0.066216486901645458,-0.043830498927178663,0.083776734983284196,-0.03069543542652196,-0.087938927186670957,0.017291746075434961,0.083853759294332461,0.066023216212077795,-0.049278830330293517,0.0044103738535626836,-0.0080149839501769474,0.083204185267357234,0.054861395639050202,-0.036856323121912102,-0.035187093564694086,-0.017702128146885987,0.022501702602844682,-0.055990098519287677,0.037726053690393203,0.068618676445369745,0.0027714344298016259,0.063492527682476582
0.054153500234794198,-0.015604924565210749,-0.026533024023577191,0.077097563473712688,0.0027011404577041856,-0.0014884438280411056,-0.052755122954773297,-0.0026214818887518058,-0.010343715320108023,0.019512645269865552,-0.048010037609442488,0.03315075985086479,-0.007227605626952867,0.045573144037210481,0.043032990611347126,0.034355750450893376,0.048910313429570355,0.047159278473709827,-0.042649218720092398,-0.0066544645542032125,0.080734818113513684,0.097984731811010889,0.072098874720124884,0.1097777673428121,-0.048915272348344259,0.054017770536217959,-0.041694924454949669,-0.029589738608657618,0.051224354375916867,0.058743023146623365,-0.059194345584752082,0.018963227125174571,-0.08441175836328009,0.072503023972237762,-0.026482145304516841,-0.04529374754750469,-0.025707791290413378,0.025511407367695658,0.034399134872735528,0.1171344846834193,-0.088696099426734412,-0.015365453686608353,0.014778168494260932,0.013251755489154228,0.0058896325835351201,-0.030479830997760568,0.047386263400074458,-0.016737494770304506,0.06602321621207799,-0.049278830330292921,0.0044103738535630444,-0.0080149839501762309,0.083204185267357345,0.054861395639050542,-0.036856323121912407,-0.035187093564694363,-0.017702128146885453,0.022501702602844637,-0.055990098519287733,0.037726053690392891,0.068618676445369134,0.0027714344298013982,0.063492527682476402
0.054153500234793962,0.092168278566454889,-0.067662929244387493,-0.040747288220336131,0.029934547018167414,-0.00017160615746612297,0.024989641554204713,-0.057216163367654553,0.014289136771824222,0.0259564804016729,0.08643167304756677,-0.013926955246711826,-0.030741718134372147,0.013346769975208827,0.015526282720244367,-0.028193670851909051,-0.006311368683942711,0.009064675546950042,-0.039420390383213932,-0.025372372851326559,-0.0099227372011941699,-0.015249055031431149,0.016692118322606947,-0.015266388255242066,-0.032704611447826701,0.029101975693707309,0.05504609731087684,-0.014280946848740896,-0.10609236519265426,-0.071206074146965143,0.022579808438376016,0.061448940492729767,-0.035469290702642584,-0.042933969539786281,0.048363866299385112,0.030528031669735195,0.035886996627136916,-0.052950573551045113,0.028296107563232628,-0.063366251830476006,0.19585302321806047,0.065982457830372696,-0.020078656062620381,-0.022771444640243447,0.040719468423274389,0.0034596244448333348,0.0063162998202897285,-0.0037334768369526325,0.066023216212078031,-0.049278830330293996,0.0044103738535628371,-0.008014983950176538,0.0832041852673574,0.054861395639050667,-0.036856323121911352,-0.035187093564693885,-0.017702128146885727,0.022501702602844877,-0.055990098519287566,0.037726053690393765,0.068618676445369509,0.0027714344298021363,0.063492527682476513
-0.082861140580603024,-0.070833410813165132,0.076697552558031956,0.072548990938709937,-0.049244100398957151,0.020716893497970668,0.11225481206012582,0.016419646116176769,0.043173103544049136,-0.040756011332589201,0.020384125943746764,-0.0074926292155198118,0.057467102201297943,0.033154157721864669,-0.070959073051986413,-0.034960869021928437,-0.093782834639895465,-0.026541135959824311,-0.017192286918724486,-0.058175033912367669,-0.035503072794021318,-0.034382876788381998,-0.051565389585414845,-0.059146180031706318,-0.017630625717348365,-0.074559693324706564,0.034942430444430642,0.018879327488525409,0.017449002827644271,0.062460651214657104,0.0053438479545633751,-0.060937343634597019,0.098810301635661846,0.0096757285108247226,-0.0058326241600698209,-0.013708172479800836,-0.013896010196691306,-0.0012842277302328778,0.036237838203362245,-0.013600391713397643,-0.068349803023989755,-0.030699437867799974,-0.064825168247685652,-0.0033233691069781044,0.055839856026010971,-0.0082985420421223637,-0.10015835034700951,0.035427526319779391,0.020632451341227903,-0.049278830330293566,0.0044103738535619628,-0.0080149839501768155,0.08320418526735697,0.054861395639050362,-0.036856323121909076,-0.035187093564694488,-0.017702128146886126,0.022501702602844353,-0.055990098519287032,0.037726053690393481,0.068618676445369481,0.0027714344298036056,0.063492527682476638
-0.082861140580603648,-0.0057299431880795358,0.017498400709932541,-0.10889926619208624,0.016608412923086211,-0.01905684351246387,-0.084489330659556661,0.043417999140229882,-0.04711852499576575,-0.0047131143389489679,-0.058805761381871241,-0.01173117538863353,-0.019497778439972926,-0.092074071734284085,0.012399799720394462,0.02879878942294388,0.051183889894263306,-0.029682818060836013,0.099261896022030352,0.090201871317897045,-0.035309008118298485,-0.048352799991196717,-0.037225603457317562,-0.035365199055862988,0.099250509513519838,-0.0085600529052183329,-0.048293603300357486,0.024991357968873435,0.037419007989093256,-0.049997600214314569,0.031270689191812612,-0.019474823983307608,0.021070747430261862,-0.039244782943275595,-0.016049096834798656,0.028473888357570025,0.0037168048599681438,0.028723393913584142,-0.098933080639330637,-0.04016784113954399,-0.038807120767335994,-0.019917566275964232,0.070125655816045199,0.012843058258067237,-0.10244895703282117,0.035318748595049541,0.046455787126647052,-0.014956554712522073,0.020632451341227511,-0.049278830330294322,0.0044103738535632032,-0.0080149839501770809,0.083204185267357164,0.054861395639050431,-0.036856323121912546,-0.035187093564694148,-0.017702128146885716,0.022501702602844918,-0.055990098519287733,0.037726053690393557,0.068618676445369203,0.002771434429800549,0.063492527682475888
0.054153500234794906,0.045610638306007305,0.00047145156502325698,-0.0077489957018386825,-0.02966034998385645,0.023022691526394433,-0.087045299141834384,-0.049411281827003245,-0.025128037748861215,-0.00567103028090803,0.028550595074964283,0.030791333644453321,0.031145893364167308,0.079296346634277592,-0.068548743853862587,-0.11939708354456828,-0.0049807249001506586,0.06664956786036666,0.076788161266227173,0.071000872425642902,-0.024104514570009242,0.038130921031360468,-0.13536527611278848,0.0093154801821455462,0.044437406244278763,0.020341405909524379,0.013757512610373749,-0.0042668046293448201,-0.035305260191176434,-0.058052409841430855,0.0094339378982883169,0.0065947853731725663,0.028580667918441414,0.078621608076200084,-0.1051748021217187,-0.036597232452696415,-0.033218788755759392,0.015503798155230022,0.0083396602337383191,-0.0017228404201511851,-0.018153699844441918,-0.051926053228213691,-0.039780862859314398,-0.080438643642890759,0.037912356471023631,0.0097642145150479316,0.0015967231166626151,-0.030965120218457522,0.066023216212078142,0.020974424068643586,0.094371670261233748,0.027582362806923645,0.0054834676341479309,0.025902604481556898,-0.025515532174106768,-0.017766445767382896,-0.004229135868174012,-0.023578814759593923,0.056169077910080613,-0.043194553292364372,-0.074753254849411713,-0.028445413347391632,-0.073487873204034118
0.054153500234794053,0.025567265385052391,0.037835604469835735,0.04879567893166549,-0.00324710372835769,-0.011085323226616307,-0.026894576796786276,0.10532569265402018,-0.028901510002650243,-0.019209804002181894,-0.0072068929070643528,-0.072243304400360808,-0.034885378961845841,-0.038336810315308383,0.098728844563941515,-0.016054577264729839,-0.039555717457818808,-0.075771928356402687,-0.019467900724545559,-0.056828529517266996,-0.01260405085074145,-0.00049197802228563299,0.033238314560431428,-0.0047682094836800689,-0.0034962912968473829,-0.087010614993123694,-0.026053201527854286,0.13445464557392534,0.0081460456652762032,0.034378148146507283,0.013060084407219185,0.04439605842678572,-0.085818156403555459,-0.037777321655787045,0.022430622822557242,0.064906618687649076,-0.069069673959555711,0.056440742258019143,0.033686563227250985,-0.012519476793391845,0.030510670636566574,-0.027818746392759438,-0.04333303080387528,0.11269418839364753,-0.024882741763271213,0.033264627404378751,-0.024893308648456989,0.029894956514096536,0.066023216212077462,0.020974424068642819,0.094371670261234206,0.027582362806923187,0.0054834676341481044,0.025902604481556922,-0.025515532174105501,-0.017766445767383288,-0.0042291358681737371,-0.023578814759594034,0.056169077910080953,-0.043194553292364622,-0.07475325484941174,-0.028445413347390328,-0.073487873204033979
-0.082861140580603482,-0.01863435136764487,-0.080340436733351936,-0.032414505246338036,-0.012460548694215683,0.041742156379476522,0.02094758138851301,-0.015651265355388133,0.026123922244690352,-0.020040767029496892,-0.06042303862619712,0.078490159060362497,-0.0021751716497248551,0.024644588631165903,0.025774796810229924,0.089544504566204552,0.069878456997529689,-0.0089559284703532895,-0.035580802960154471,0.063698123943794746,-0.013103548997312831,-0.061367360954764902,0.039680386023275449,0.041915830081389056,-0.045496277987113774,-0.0062421698957544026,-0.026586113261830309,-0.12825731902090365,-0.0073014354663225728,0.089152627895019793,0.053088766604766635,0.0099468311748965709,0.078182496585125216,-0.056315582690514461,0.034841453500835791,-0.084974792970668692,-0.0085589165349003547,-0.065256457662174069,0.0069413072226989303,-0.028685598017695598,0.0011333926579437722,0.097337165309939327,0.034618727283709509,0.047895399799979171,0.015456954368121868,0.03334199622751597,-0.063775567661044627,0.010935597549706608,0.020632451341227997,0.020974424068643006,0.09437167026123329,0.027582362806923829,0.0054834676341479994,0.025902604481556898,-0.025515532174108447,-0.017766445767383968,-0.0042291358681735332,-0.023578814759593655,0.056169077910080398,-0.0431945532923644,-0.074753254849411865,-0.028445413347392833,-0.073487873204034021
-0.082861140580603315,-0.052543552323415711,0.042033380698493432,-0.0086321779834882349,0.04536800240642961,-0.053679524679253965,0.092992294550107185,-0.040263145471628271,0.027905625506821196,0.044921601312586892,0.039079336458297469,-0.037038188304454225,0.0059146572474031867,-0.065604124950135387,-0.055954897520308043,0.04590715624309312,-0.025342014639565608,0.018078288966388592,-0.02173945758152683,-0.07787046685217075,0.049812114418063082,0.023728417945689671,0.062446575529081359,-0.046463100779854369,0.0045551630396821119,0.072911378979352792,0.038881802179311316,-0.0019305219236772366,0.034460649992222814,-0.065478366200096269,-0.075582788910273382,-0.06093767497485484,-0.020945008100010858,0.015471296270101197,0.047902725798326086,0.056665406735715212,0.11084737925021552,-0.0066880827510764056,-0.048967530683688906,0.042927915231237977,-0.013490363450067787,-0.017592365688966698,0.048495166379479357,-0.080150944550736306,-0.02848656907587347,-0.076370838146942566,0.087072153192837384,-0.0098654338453457325,0.020632451341227747,0.020974424068643211,0.094371670261234331,0.027582362806923812,0.0054834676341479162,0.025902604481556884,-0.025515532174106226,-0.017766445767383472,-0.0042291358681741473,-0.023578814759594245,0.056169077910081203,-0.04319455329236397,-0.074753254849412337,-0.028445413347390612,-0.073487873204034715
0.054153500234794934,0.010074660380918402,-0.0063860314235621232,0.080064054476541135,-0.050693026817212689,-0.0094418133907510863,0.026834866693408146,-0.045197075825279022,-0.012324165972837383,-0.0023772282636579192,0.015007316902001954,0.06617570671523039,0.014347665209202222,0.092957424340416261,0.03111154068435654,0.038920409286075215,-0.034317026450059004,-0.13541780501956327,0.081857335238545631,0.037426370362342108,-0.032205381603991494,0.0011146223710521001,-0.053964019247532913,-0.062243835753248648,-0.045454427620281068,0.02035081041728053,0.0078157424995442138,-0.075982047780320777,0.10471378699456839,0.037407928770239553,-0.016998755396143678,0.010161721410770539,0.039670984839000556,-0.0027377774485424812,0.066656436725965829,0.060137434246902835,-0.0051645974149702846,0.046439627054972635,-0.037425833476544421,0.016622428715162809,0.082964230222781349,-0.044597873661936543,0.035523042706170689,0.021095833926423318,-0.053233913227087371,-0.039647988278122562,0.057733876503202428,-0.058253911455474011,0.06602321621207756,0.020974424068643638,0.094371670261234233,0.027582362806923447,0.0054834676341478338,0.025902604481556814,-0.02551553217410597,-0.017766445767383128,-0.0042291358681736712,-0.023578814759593992,0.056169077910080599,-0.043194553292364428,-0.074753254849411463,-0.028445413347390914,-0.073487873204034354
0.054153500234794816,-0.030560336519545921,0.12512018757351756,-0.076755808950385696,-0.0090996436641942804,-0.034849455035295324,0.037732041261246081,-0.00077735080777956156,-0.01649541369446763,-0.037217064060837309,-0.049637970944674994,-0.07125887947589285,-0.0091746139408071525,-0.0061820217709797447,0.037231639413867035,0.022334534633547558,0.027103212496154411,-0.004780230657740716,-0.054670065835720913,-0.019367808316477355,0.078726575310182539,-0.017053291050239474,0.05683152950604483,-0.036330258331965216,0.004693836423668855,0.077527701553774322,-0.066439773641658803,0.04647024239849816,-0.074447236594563732,-0.008584624587554348,0.013471075695874586,-0.01130785271306586,0.01769689683130694,0.1014388700505101,-0.067460521489252176,-0.085579749740272507,0.01730052078677136,-0.063009942873810371,-0.040309706123935009,-0.064959833101965028,0.0023752822552324301,-0.0098639964888389518,0.024538149780688395,-0.01216348602170614,0.041629169710860572,0.070957699155310139,-0.084371929011680627,-0.048580615791748237,0.066023216212078059,0.020974424068642784,0.09437167026123372,0.027582362806923409,0.0054834676341480315,0.025902604481557245,-0.025515532174107153,-0.017766445767383805,-0.0042291358681734777,-0.023578814759593596,0.056169077910080648,-0.043194553292364359,-0.074753254849412074,-0.028445413347391767,-0.07348787320403391
0.054153500234794982,0.021967743888311023,0.019044054898537548,-0.12121967095533506,-0.088894293963646495,-0.0014102943411258694,0.028206276087557693,0.046956083980567026,0.08567358154067764,0.013604851834820159,0.082998776176393188,-0.028499597719335537,0.0066676836391888795,-0.020669660033039571,0.028859623928211758,0.022258922895369702,0.10199652017084568,-0.020515311975449386,0.039028843246068166,-0.017466398378951579,-0.018512613047922576,-0.036474221367683531,-0.024480770468865404,-0.01017718254434858,-0.091756829986835264,0.018290003243785477,0.033181733630616869,0.012356210877475991,-0.018753692275756229,-0.01669813914176034,0.068704325715293862,-0.0019927948659864995,-0.0074382442648783104,-0.0030997915261780284,0.060657917865782326,-0.017814652226152035,-0.030432348127391148,0.08686155655432469,0.0028548598239884811,0.086351105864707386,-0.095886979201015493,0.053574572246882883,-0.043864026086004336,-0.063750551010507486,-0.036742730673594903,-0.062549219648751889,-0.042376286394700396,-0.028676298678556533,0.066023216212078031,0.020974424068643097,0.09437167026123415,0.027582362806923166,0.0054834676341479734,0.025902604481556575,-0.025515532174109342,-0.017766445767383607,-0.0042291358681740545,-0.023578814759593971,0.056169077910080599,-0.043194553292364372,-0.074753254849411671,-0.028445413347393013,-0.07348787320403434
0.05415350023479492,0.017657183110012194,0.016009817198378191,0.06112785359697287,0.08416370219420527,-0.036807446049283432,-0.014845362309772051,0.03463804427404335,0.015163992346544395,0.040302508924342915,0.018292870576449839,0.026339203440665471,-0.012445711406273822,-0.0090019499572273828,0.01525017392524711,0.044738439145999787,-0.064466385005967533,-0.013352436316099687,0.048702588064707321,0.030988780798355587,0.068097347521158355,-0.0085048002297463902,-0.039488025968394562,-0.010144324279030427,0.064832425524300769,-0.06012742824138502,-0.0015883219445847058,-0.028654634394617427,-0.038739229284020689,-0.0085060294305066512,-0.088764397327014022,-0.031681681138355393,0.048488513987903784,0.013379936654916038,0.018039169080660646,-0.071010985551485356,0.068535580120294023,-0.027472269017780052,0.1154450563829653,-0.12593814513232943,-0.057256014709307482,0.024760848649206867,0.05900356157968422,0.063063663777249521,0.031585868190353555,0.016719084855788269,0.094449081913163813,0.055262172218070012,0.066023216212077795,0.020974424068643326,0.094371670261233997,0.027582362806923617,0.0054834676341483802,0.025902604481557005,-0.025515532174104929,-0.017766445767383565,-0.0042291358681738464,-0.023578814759594054,0.056169077910081008,-0.043194553292364241,-0.074753254849411879,-0.028445413347390158,-0.073487873204034368
-0.082861140580603773,-0.036297584233919294,-0.029783580790803049,0.040575719438561732,0.066483053287307997,0.044746014718332623,-0.05310661633804948,-0.06807285871183999,-0.03243894947595883,-0.044450460788991168,-0.053344731428357758,-0.036986632090920457,-0.020542316755301687,-0.034944597817227287,-4.7403696437331822e-05,-0.0068310364756953481,-0.082869432291657219,-0.023223006842418906,-0.035286086687812003,-0.023345156641828003,-0.0067595445985271429,0.02543862455760889,-0.037017338343835283,0.044540025335356392,-0.081349572119251271,-0.0075367999632714984,-0.074036458876989009,0.014287727957779096,0.076227705831572942,-0.047984986096151913,-0.019943578071959747,0.038801140946021072,-0.029515352860109732,-0.090515116856862685,-0.027617942913229492,0.00012085123626506364,-0.05490058418738232,-0.1138408164266099,-0.056702497196698794,0.0098936474790793337,0.047211117179103014,-0.069848649853618466,-0.010831967536260605,-0.079923093932339734,0.019782545786886801,0.0058630741684548415,-0.064820850914248968,-0.10078910625217792,0.020632451341227705,0.020974424068642996,0.094371670261233484,0.027582362806923985,0.0054834676341478832,0.025902604481557238,-0.025515532174104905,-0.017766445767383194,-0.0042291358681737163,-0.023578814759594044,0.056169077910080432,-0.043194553292363887,-0.074753254849411574,-0.028445413347390189,-0.073487873204034146
-0.08286114058060387,-0.0033273427644048541,-0.0052702913061121849,0.019516097919801162,-0.06175246151786698,-0.0065282743279226948,0.039745702560263337,-0.013521269542769859,-0.068398624411263056,-0.0094568999701718608,-0.047946915324484932,0.039147026369591206,0.026320344522386498,0.064616207807493942,-0.044062394157020728,-0.060166325565674597,0.045339297126773696,0.057090755133967372,-0.052445344622963026,0.0098227742224237958,-0.042825189874709083,0.019540397039820741,0.10098613478109493,-0.024218518511977507,0.10827397658178563,0.049374224960870253,0.042443047190957234,0.0020106955593619312,-0.018734784271796034,0.073189154668418854,0.040003649683680698,-0.0051266649416790858,-0.011534916862915634,0.080234971728124507,-0.051079144033213064,0.088704786541371386,0.01679735219447932,0.054451528890063883,-0.061597419010255693,0.02969339178854203,0.10593187673122052,-0.0084867710424718374,-0.0043075679574199922,0.080609981165597422,-0.014625683303644665,0.039967060624509054,0.01274805539578385,0.074203232712664338,0.020632451341227809,0.020974424068643145,0.094371670261233997,0.027582362806923538,0.0054834676341478936,0.025902604481556825,-0.025515532174107697,-0.01776644576738326,-0.0042291358681737492,-0.023578814759593707,0.056169077910081175,-0.043194553292364761,-0.074753254849412545,-0.028445413347392107,-0.073487873204033966
-0.08286114058060326,0.011828243690514488,-0.093126938637089346,-0.041178965600163084,0.067124214486801725,0.021695219108072209,0.0016854423869457971,0.020843950976667878,0.032300015876338815,-0.014338886223331494,0.023870445353352761,-0.064829116277987861,0.035255476148100699,-0.015501744587361971,-0.024379565737308789,-0.010436134609047035,0.065418263133403085,0.068031812399889341,0.025970161667750982,-0.036802068834041163,-0.074836904446986471,0.042068261575950582,-0.034983844878767191,0.12915921260440968,0.076903133248952399,-0.14543832306408941,-0.012439564320058908,0.06770349424227029,0.008723785144602713,0.035774690071320447,-0.05151330604742866,0.059147583196324544,0.017451110641040549,0.015317942607590495,0.04535427804800865,-0.0076101747103892725,0.080664321351008927,0.0049601829142952667,-0.0068388218315194749,0.052583463353240059,0.00061730243797016395,0.034751350463566866,-0.03779061869908204,-0.0066617767213811331,0.05730458509739178,-0.038186792248343128,0.016788103051333908,0.020837094397106536,0.020632451341227855,0.020974424068642864,0.09437167026123372,0.027582362806923454,0.0054834676341478554,0.025902604481556502,-0.025515532174108388,-0.017766445767383083,-0.0042291358681740658,-0.023578814759594374,0.05616907791008096,-0.043194553292364331,-0.07475325484941242,-0.028445413347392538,-0.073487873204034146
-0.082861140580604217,0.008657432448112087,-0.025607217512865536,0.037870720074008123,-0.0073315440053949698,0.022596049317974914,-0.066252350341600527,0.025130475656391271,-0.0034804362090335834,0.053933178547826734,0.010760208689320682,0.069912289038651224,-0.040428527416495899,-0.071273657982074898,-0.043963614360913832,-0.050818809310576168,-0.05820444917950391,0.072166223277414024,-0.053157431070575245,0.018743506788176229,0.028315710740794985,-0.026129592896763556,0.03211633462025501,-0.030585118519195684,-0.036142542052340416,0.047559811093033748,0.071063595462174084,-0.038191688860447957,-0.038990335544607277,-0.064597994254005725,0.055040985747698529,-0.058001451894029117,-0.074818992311347768,-0.11401903520955846,-0.04455019328472188,0.033052490203757966,-0.092800244722810024,0.011610132904541168,0.08457436143199823,-0.0042460589664384697,-0.085956814915983254,0.01971051968720813,-0.022270573787777838,-0.0022705711833364453,-0.045699841581164163,0.0068770813711557894,0.0098499494571426642,0.085997432850115615,0.020632451341228021,0.020974424068643246,0.094371670261233886,0.027582362806924093,0.0054834676341483013,0.025902604481557102,-0.025515532174105408,-0.017766445767383468,-0.0042291358681741855,-0.023578814759593801,0.056169077910080974,-0.043194553292364171,-0.074753254849411671,-0.028445413347390373,-0.073487873204034437
0.05415350023479424,0.00099411148563500985,-0.0037537809995117069,0.066570482865252689,0.013409368255112693,0.0078024941054691968,0.081042373377655519,-0.077953089600957232,-0.0038751555744187291,-0.025017838611143872,-0.072428543086904829,-0.033960816559105829,-0.067314726982246456,-0.021560817110038391,-0.046813240648928764,-0.020532695888756416,0.015507704099063381,0.060468920092519578,-0.0055903371545602864,0.050301390143892316,-0.099884744765898315,-0.050042332398070273,-0.057169184131656038,0.015090333722285916,-0.068547843348361573,0.011033685259402775,-0.079729227591691862,0.0077104549491981821,0.038606391471134469,-0.044747633200015652,-0.062821704237452883,-0.041878813466292117,-0.083427703897342553,0.04178236750405534,0.010323531997715754,0.0056795796792477368,0.031882330958414452,0.050311202435788786,-0.047147903346822881,-0.067156035242498593,-0.024628908889930232,0.10512285458125188,-0.013146477635244815,0.020614363110021003,-0.059602433497989819,-0.020503637936497822,-0.053394687011553428,0.082099680683046863,0.066023216212078031,0.020974424068643839,0.094371670261234039,0.027582362806923232,0.0054834676341480922,0.025902604481556808,-0.025515532174107382,-0.017766445767384044,-0.0042291358681742592,-0.023578814759593607,0.05616907791008096,-0.043194553292364234,-0.074753254849412004,-0.028445413347391552,-0.073487873204034174
0.054153500234794448,-0.021137796701485773,-0.041685540650657112,0.015717160823951123,-0.01891705967360071,-0.017734052245498372,-0.06091665263686262,0.035851267229490606,0.072818323739343049,-0.027102278352220423,-0.044596022654590693,-0.048997063346846302,0.1228747489241472,0.02554011049903477,0.064154807935530106,0.020734762669054035,-0.016255202823084427,0.060099541482400626,-0.0040014395858021211,0.003807931979242128,-0.012428077405856238,-0.077515458812939989,0.075582936899336095,-0.10076469457798744,0.13575059900316822,-0.0083763998819543634,0.031593268927083119,-0.021946371695948829,0.060461608558507539,0.016760461537993824,0.03714748677619728,-0.0057163676198575906,-0.017071661657020658,-0.066670983133043829,-0.0077901203650400826,0.019752811300742346,0.0051480370467536368,-0.065883770621447291,0.064845489099557951,0.059547677345244722,0.0055976739941953962,-0.015216312764457625,0.0087983462172168785,-0.077231049052262843,0.052187504092606286,-0.0046449333098415105,0.011034241932912648,-0.056817855838956925,0.06602321621207774,0.020974424068643114,0.094371670261234095,0.02758236280692368,0.0054834676341482206,0.025902604481557342,-0.02551553217410656,-0.017766445767382944,-0.0042291358681739956,-0.023578814759594273,0.056169077910080772,-0.043194553292364109,-0.074753254849411505,-0.028445413347391202,-0.073487873204033993
-0.082861140580603565,-0.012389271152115584,0.045937812909391501,-0.09488936427009427,-0.023682233920996561,0.020880978964927431,0.016057862923505865,-0.0004202185196935423,-0.071987052901918369,0.084997503401438093,-0.0097190526818314114,0.065258517028888283,-0.011125821681157491,0.0036998156894634889,-0.013635006240734439,-0.018697738379730544,0.0094263770902576118,-0.11131884309585792,-0.037423839117246734,-0.11397422947197239,0.044930107893760063,0.051816823144657333,-0.069787276439301354,0.048655075273478815,0.019375382507425747,0.0065102700262309882,0.083063861916589821,-0.008206733142262829,-0.029675655185293175,0.067463092654905313,-0.067752754886744468,0.070098004264449287,-0.0080913901211247512,-0.026168372311544671,-0.0103530777083912,-0.031275502257377956,-0.067417868528679578,0.053035933688406374,-0.0083436280713719887,-0.047471404515678689,-0.012263446240081277,0.037411261001725121,-0.010672245546476909,-0.029952513836530567,0.020309232649275671,0.075102601539269939,0.072053354383935425,-0.058140616048491162,0.020632451341227862,0.020974424068643031,0.094371670261233692,0.02758236280692376,0.0054834676341477427,0.025902604481556728,-0.025515532174106684,-0.017766445767383246,-0.0042291358681732644,-0.023578814759594138,0.056169077910080564,-0.043194553292364435,-0.07475325484941224,-0.028445413347391577,-0.073487873204034493
-0.082861140580602871,0.032532956367965424,-0.00049849125922215329,0.012601720580891065,0.029189925339484477,-0.010949420824897475,-0.036183583664299357,0.042522040891160559,0.0030438847369942405,-0.032877386438073829,0.12674361842332729,0.017699362877064528,-0.044434200260743406,-0.0076791090784602079,-0.0037065610458659843,0.018495671599432453,-0.0086788783662420845,-0.0092496184790629623,0.04701561585760957,0.059864907348837891,0.067382714277994082,0.075740968066352471,0.051373523671621069,0.037019285582222866,-0.086578138162232685,-0.0091675554036802342,-0.03492790325198078,0.022442649889013049,-0.069392344844349016,-0.039475920992883572,0.093426972348000917,-0.022502823178299575,0.1085907556754882,0.051056987940532948,0.0078196660757159711,0.0058431112773870272,0.030387500523511607,-0.037463365502749216,-0.0093539576813637046,0.055079762412931763,0.031294681135816758,-0.1273178028185199,0.01502037696450402,0.086569199778772032,-0.01289430324389138,-0.049954030292930447,-0.029692909305296344,0.032858791204401175,0.020632451341227771,0.020974424068642465,0.094371670261233886,0.02758236280692359,0.0054834676341479188,0.025902604481556867,-0.025515532174106265,-0.017766445767383381,-0.0042291358681738455,-0.023578814759593798,0.056169077910080904,-0.04319455329236456,-0.074753254849411921,-0.028445413347390969,-0.073487873204034257
-0.36972934428096427,1.3450345045029567e-16,1.7770694735477316e-16,-3.2052323722555053e-17,-7.3684315723516939e-17,2.219654812399034e-16,-2.4223382765864875e-16,3.7817013375618761e-17,3.844505296860775e-17,1.0254615985894088e-16,2.2618617088767503e-16,-2.2760706734572262e-16,5.6486484868834111e-17,-2.6241715468669586e-16,-5.6818585194694175e-17,1.1569112986312342e-16,-2.0048766636434793e-16,-2.3893939767991876e-16,-2.2191846022734086e-16,4.8830308898467674e-17,6.0978648135302539e-17,-3.4604215664634887e-16,-1.6917562723322158e-16,2.5772914437419788e-16,5.8347809854749368e-18,3.8984045204898109e-17,-2.68785648660154e-17,4.4048329895238789e-16,3.7219539645527413e-16,-4.2171382205480821e-17,-8.4052172971312401e-17,-2.7805732280013713e-16,1.9329999838675362e-15,2.1364485957741367e-16,-1.4907188202860993e-16,-1.2388037051675797e-16,1.7770003638249977e-16,4.5816111637457369e-16,-3.262066012674285e-16,2.4251596385555776e-16,-4.3640139525623029e-17,-5.7228344522987702e-17,4.074385002674233e-16,4.8241134390886514e-17,2.2995219817189726e-16,-6.3555045525469248e-16,2.649762335343491e-16,-3.6047165061544341e-16,0.13456761149884963,6.4671606113322483e-16,5.3764207478661127e-16,-4.26563045522671e-16,-1.4161720683145129e-16,1.9186596009980931e-16,-1.0442964059688884e-16,5.2096374597751059e-16,2.7831134642673185e-16,-3.0489327303170066e-17,-4.0022405418198702e-16,-1.3149892064012406e-16,5.8008580837827167e-17,3.0758950872028709e-16,1.8640576749133262e-16
